한자,음,훈음(인명),이독음/기타,총획,유니코드
伽,가,가 : 절(가),,7,U+4F3D
佳,가,가 : 아름다울(가),"개,계,규,주",8,U+4F73
假,가,가 : 빌(가),,11,U+5047
價,가,가 : 값(가),,15,U+50F9
加,가,가 : 더할(가),,5,U+52A0
可,가,가 : 옳을(가) 들을(가),"아,하",5,U+53EF
呵,가,가 : 꾸짖을(가) 불(가) 웃을(가),아,8,U+5475
哥,가,가 : 형(가),,10,U+54E5
哿,가,가 : 옳을(가),,10,U+54FF
嘉,가,가 : 아름다울(가),,14,U+5609
坷,가,가 : 험할(가),,8,U+5777
婽,가,가 : 고울(가),단,12,U+5A7D
嫁,가,가 : 시집갈(가),완,13,U+5AC1
家,가,가 : 집(가),,10,U+5BB6
岢,가,가 : 땅이름(가),,8,U+5CA2
徦,가,가 : 이를(가),,12,U+5FA6
斝,가,가 : 옥잔(가),,12,U+659D
暇,가,가 : 겨를(가) 한가할(가),하,13,U+6687
架,가,가 : 시렁(가),,9,U+67B6
枷,가,가 : 항쇄(가) 도리깨(가),가 : 항쇄(가) 도리 깨(가),9,U+67B7
柯,가,가 : 가지(가),"아,하",9,U+67EF
椵,가,가 : 유자(가),,13,U+6935
榎,가,가 : 개오동나무(가),하,14,U+698E
檟,가,가 : 개오동나무(가),,17,U+6A9F
歌,가,가 : 노래(가),,14,U+6B4C
泇,가,가 : 땅이름(가),하,8,U+6CC7
渮,가,가 : 늪이름(가),,12,U+6E2E
牁,가,가 : 배말뚝(가),,9,U+7241
珂,가,가 : 백마노(가),"노,아,이,하",9,U+73C2
珈,가,가: 머리꾸미개(가),,9,U+73C8
痂,가,가 : 딱지(가),,10,U+75C2
稼,가,가 : 심을(가),,15,U+7A3C
笳,가,가 : 호드기(가),,11,U+7B33
耞,가,가 : 도리깨(가),,11,U+801E
舸,가,가:큰배(가) 거룻배(가),가: 큰배(가),11,U+8238
苛,가,가 : 독할(가),하,11,U+82DB
茄,가,가 : 가지(가) 연줄기(가),가 : 가지(가) 연줄 기(가),11,U+8304
葭,가,가 : 갈대(가),,15,U+846D
街,가,가 : 거리(가),,12,U+8857
袈,가,가 : 가사(가),,11,U+8888
訶,가,가 : 꾸짖을(가),하,12,U+8A36
謌,가,가 : 노래(가),,17,U+8B0C
跏,가,가 : 책상다리할(가),,12,U+8DCF
軻,가,가 : 가기힘들(가),,12,U+8EFB
迦,가,가 : 부처이름(가),,9,U+8FE6
駕,가,가 : 수레(가) 멍에(가) 능가할(가),하,15,U+99D5
򠄑,가,가,,11,U+A0111
򠄒,가,가,,11,U+A0112
賈,"가,고","가,고 : 살(고) 장사(고) 값(가)","가,고 : 살(고) 장 사(고) 값(가)",13,U+8CC8
嘏,"가,하","가,하: 복(가), 복(하)",가: 복(하/고/가),14,U+560F
菏,"가,하","가,하 : 늪이름(가) 무우(하) ",,14,U+83CF
傕,각,각 : 성(각),,12,U+5095
刻,각,각 : 새길(각),해,8,U+523B
却,각,각 : 물러날(각) 도리어(각),각 : 물러날(각) 도 리어(각),7,U+5374
卻,각,각 : 물러날(각),,9,U+537B
各,각,각 : 각각(각),낙,6,U+5404
咯,각,각 : 울(각),"난,락 : 말다툼할(락)",9,U+54AF
埆,각,각 : 메마를(각),,10,U+57C6
恪,각,각 : 삼갈(각),"격,낙,락,린,민",9,U+606A
愨,각,각 : 삼갈(각) 정성 (각),,14,U+6128
慤,각,각 : 성실할(각),,15,U+6164
搉,각,각 : 헤아릴(각) 칠(각),,13,U+6409
擱,각,각 : 놓을(각),,17,U+64F1
桷,각,각 : 서까래(각),용,11,U+6877
殼,각,각 : 껍질(각),,12,U+6BBC
珏,각,각 : 쌍옥(각),"곡,옥",9,U+73CF
脚,각,각 : 다리(각) 밟을(각),거,11,U+811A
覺,각,각 : 깨달을(각) 나타날(각),각 : 깨달을(각) 나 타날(각) 깰(교),20,U+89BA
角,각,각 : 뿔(각),,7,U+89D2
閣,각,각 : 다락집(각) 잔교(각) 찬장(각),각 : 다락집(각) 잔 교(각) 찬장(각),14,U+95A3
隺,"각,학","각,학 : 뜻고상할(각)  새높이나을(학)",혹 : 높이이를(혹),10,U+96BA
侃,간,간 : 강직할(간),"가,강",8,U+4F83
偘,간,간 : 강직할(간),,11,U+5058
刊,간,간 : 새길(간),,5,U+520A
墾,간,간 : 개간할(간),,16,U+58BE
奸,간,간 : 간사할(간) 간음할(간),간 : 간사할(간) 간 음할(간),6,U+5978
姦,간,간 : 간음할(간),,9,U+59E6
干,간,간 : 방패(간) 범할(간),한,3,U+5E72
幹,간,간 : 몸(간),한,13,U+5E79
慳,간,간 : 아낄(간),,14,U+6173
懇,간,간 : 정성(간) 간절히(간),간 : 정성(간) 간절 히(간),16,U+61C7
揀,간,간 : 가릴(간),"련,수 : 가릴   간(련)",12,U+63C0
杆,간,간 : 몽둥이(간),,7,U+6746
柬,간,간 : 가릴(간) 편지(간),간 : 가릴(간) 편지 (간),9,U+67EC
栞,간,간 : 새길(간),,10,U+681E
桿,간,간 : 몽둥이(간),"솔,한,환",11,U+687F
榦,간,간 : 몸통(간),한,14,U+69A6
涆,간,간 : 물빨리흐를(간) 물마를(간),,10,U+6D86
澗,간,간 : 계곡(간),"윤,한",15,U+6F97
玕,간,간 : 옥돌(간),관,7,U+7395
癇,간,간 : 경풍(간),,17,U+7647
癎,간,간 : 간질(간),간 : 간질(간/한),17,U+764E
看,간,간 : 볼(간),,9,U+770B
磵,간,간 : 계곡(간),,17,U+78F5
秆,간,간 : 볕짚(간),,8,U+79C6
稈,간,간 : 볏짚 간,한,12,U+7A08
竿,간,간 : 장대(간),,9,U+7AFF
簡,간,간 : 대쪽(간),,18,U+7C21
肝,간,간 : 간(간),,7,U+809D
艮,간,간 : 그칠(간) 괘이름(간),간 : 그칠(간) 괘이 름(간),6,U+826E
艱,간,간 : 어려울(간) 고생(간),간 : 어려울(간) 고 생(간),17,U+8271
茛,간,간 : 단장초(간),"민,양",12,U+831B
衎,간,간 : 즐길(간) 곧을(간),,9,U+884E
諫,간,간 : 간할(간) 벼슬이름(간) 풍간(간),련,16,U+8AEB
赶,간,간 : 쫓을(간),건,10,U+8D76
迀,간,간 : 구할(간) 권할(간),,7,U+8FC0
間,간,간 : 사이(간) 번갈아들(간) 이간할(간) 섞일(간) 나을(간),간 : 사이(간) 2번 갈아들(간) 3이간 할(간) 4섞일(간) 5나을(간),12,U+9593
齦,간,간 : 깨물(간),은 : 잇몸은(은),21,U+9F66
矸,"간,안","간,안: 못쓸돌(간) 주사(안)",완,8,U+77F8
忓,"간,한","간,한: 요란할(간) 착할(한)",,6,U+5FD3
乫,갈,갈 : 땅이름(갈),가,6,U+4E6B
喝,갈,갈 : 부를(갈) 큰소리(갈),애,12,U+559D
噶,갈,갈 : 음역자(갈) 애우는소리(갈),,16,U+5676
嶱,갈,갈 : 돌우뚝할(갈),,16,U+5DB1
曷,갈,갈 : 어찌(갈),,9,U+66F7
楬,갈,갈 : 팻말(갈),,13,U+696C
渴,갈,갈 : 목마를(갈),,12,U+6E34
碣,갈,갈 : 비(갈),,14,U+78A3
秸,갈,갈 : 짚(갈),길,11,U+79F8
竭,갈,갈 : 다할(갈),,14,U+7AED
羯,갈,갈 : 오랑캐(갈) 불깐양(갈),,15,U+7FAF
葛,갈,갈 : 칡(갈),,15,U+845B
蝎,갈,갈 : 전갈(갈),"할,헐",15,U+874E
蠍,갈,갈 : 전갈(갈),"할,헐 : 전갈(헐)",19,U+880D
褐,갈,갈 : 털옷(갈) 천한사람(갈),갈 : 털옷(갈) 천한 사람(갈),15,U+8910
鞨,갈,갈 : 말갈나라(갈),,18,U+97A8
򠄓,갈,갈,,15,U+A0113
硈,"갈,할","갈,할 : 견고할(할)",길,11,U+7848
勘,감,감 : 살필(감),,11,U+52D8
坎,감,감 : 구덩이(감) 감괘(감),감 : 구덩이(감) 감 괘(감),7,U+574E
坩,감,감 : 도가니(감),,8,U+5769
埳,감,감 : 구덩이(감),,11,U+57F3
堪,감,감 : 견딜(감),진,12,U+582A
嵁,감,감 : 산험할(감) 바위너설(감),,12,U+5D41
嵌,감,감 : 새겨넣을(감) 산골짜기(감),감 : 새겨넣을(감)  산골짜기(감),12,U+5D4C
弇,감,감 : 사람이름(감),"엄,음 : 덮을(엄)",9,U+5F07
感,감,감 : 감동할(감),,13,U+611F
憨,감,감 : 어리석을(감),함,16,U+61A8
憾,감,감 : 한할(감),,16,U+61BE
戡,감,감 : 이길(감),,13,U+6221
撼,감,감 : 흔들(감),,16,U+64BC
敢,감,감 : 굳셀(감),,12,U+6562
柑,감,감 : 홍귤나무(감),겸,9,U+67D1
橄,감,감 : 감람나무(감),,16,U+6A44
欿,감,감 : 서운할(감) 구멍(감),,12,U+6B3F
歛,감,감 : 거둘(감),"검,렴,흠 : 거둘(렴)",17,U+6B5B
泔,감,감 : 뜨물(감),,8,U+6CD4
淦,감,감 : 물이름(감),금,11,U+6DE6
減,감,감 : 덜(감) 빼기(감),,12,U+6E1B
澉,감,감 : 씻을(감),,15,U+6F89
甘,감,감 : 달(감),,5,U+7518
疳,감,감 : 감질(감),,10,U+75B3
監,감,감 : 볼(감) 살필(감) 옥(감),"남,람",14,U+76E3
瞰,감,감 : 내려다볼(감),,17,U+77B0
矙,감,감 : 엿볼(감),,25,U+77D9
紺,감,감 : 감색(감),,11,U+7D3A
轗,감,감 : 가기힘들(감),,20,U+8F57
酣,감,감 : 즐길(감),,12,U+9163
鑑,감,감 : 거울(감),,22,U+9451
鑒,감,감 : 거울(감),,22,U+9452
鹻,감,감 : 잿물(감),겸,21,U+9E7B
龕,감,감 : 감실(감) 취할(감) 이길(감),감 : 감실(감) 취할 (감) 이길(감),22,U+9F95
玪,"감,림,임","감,림,임","검,금,음",8,U+73AA
邯,"감,한","감,한 : 사람이름(감) 조나라서울(한)",현,8,U+90AF
瑊,"감,함","감,함 : 옥돌(감)",,13,U+744A
匣,갑,갑 : 갑(갑),합,7,U+5323
岬,갑,갑 : 갑(갑) 산사이(갑),압,8,U+5CAC
甲,갑,갑 : 첫째천간(갑),,5,U+7532
胛,갑,갑 : 어깨뼈(갑),주,9,U+80DB
鉀,갑,갑 : 갑옷(갑),,13,U+9240
閘,갑,갑 : 물문(갑) 닫을(갑),잡,13,U+9598
㽘,강,강,,9,U+3F58
傋,강,강 : 아첨아니할(강),구 : 지각없을(구),12,U+508B
僵,강,강 : 넘어질(강),,15,U+50F5
剛,강,강 : 굳셀(강),,10,U+525B
堈,강,강 : 언덕(강) 밭두둑(강) 독(강),강 : 언덕(강) 밭두 둑(강) 독(강),11,U+5808
壃,강,강 : 지경(강),경,16,U+58C3
姜,강,강 : 성(강),,9,U+59DC
嫝,강,강 : 편안할(강),,14,U+5ADD
岡,강,강 : 산등성(강),광,8,U+5CA1
崗,강,강 : 산등성이(강),,11,U+5D17
康,강,강 : 편안할(강),,11,U+5EB7
強,강,강 : 강할(강) 나머지(강) 힘쓸(강) 강제할(강),강 : 강할(강) 나머 지(강) 힘쓸(강)  강제할(강),11,U+5F37
强,강,강 : 강할(강) 억지로(강),강 : 강할(강) 억지 로(강),12,U+5F3A
彊,강,강 : 강할(강) 억지로(강)(强의 고자),강 : 강할(강) 억지 로(강)(强의 고자),16,U+5F4A
忼,강,강 : 강개할(강),항,7,U+5FFC
悾,강,강,공 : 정성(공)  어리석을(공),11,U+60BE
慷,강,강 : 강개할(강),,14,U+6177
扛,강,강 : 멜(강) 마주들(강),,6,U+625B
掆,강,강 : 들(강) 끌(강),,11,U+6386
杠,강,강 : 다리(강) 깃대(강),홍,7,U+6760
棡,강,강 : 강나무(강),,12,U+68E1
橿,강,강 : 감탕나무(강),,17,U+6A7F
殭,강,강 : 죽어썩지않을(강),,17,U+6BAD
江,강,강 : 물이름(강),홍,6,U+6C5F
漮,강,강 : 물빌(강),,14,U+6F2E
焵,강,강 : 칼날벼슬(강),,12,U+7135
玒,강,강 : 옥이름(강),"공,홍 : 옥이름(공)",7,U+7392
畺,강,강 : 지경(강),,13,U+757A
疆,강,강 : 지경(강),,19,U+7586
矼,강,강 : 징검다리(강),,8,U+77FC
穅,강,강 : 겨(강),,16,U+7A45
糠,강,강 : 겨(강),,17,U+7CE0
絳,강,강 : 진홍(강),,12,U+7D73
綱,강,강 : 벼리(강) 근본(강) 대강(강),강 : 벼리(강) 근본 (강) 대강(강),14,U+7DB1
繈,강,강 : 포대기(강) 돈꿰미(강),,17,U+7E48
罡,강,강 : 북두성(강),"광,정",10,U+7F61
羌,강,강 : 오랑캐(강),,8,U+7F8C
羫,강,강 : 뼈대(강) ,,14,U+7FAB
腔,강,강 : 빈속(강) 가락(강),강 : 빈속(강) 가락 (강),12,U+8154
舡,강,강 : 배(강),,9,U+8221
茳,강,강: 천궁오(강),,12,U+8333
薑,강,강 : 생강(강),,19,U+8591
襁,강,강 : 띠(강) 포대기(강),강 : 띠(강) 포대기 (강),17,U+8941
講,강,강 : 외울(강) 강화할(강) 강구할(강) 강론할(강),강 : 외울(강) 강화 할(강) 강구할(강) 강론할(강),17,U+8B1B
豇,강,강 : 광저기(강),,10,U+8C47
跭,강,강,"당,항",13,U+8DED
鋼,강,강 : 강철(강),,16,U+92FC
鎠,강,강 : 굳을(강)의 속자,강 : 굳을(강)의 속 자,18,U+93A0
鏹,강,강: 돈(강),강,19,U+93F9
韁,강,강 : 고삐(강),,22,U+97C1
顜,강,강: 밝을(강),,19,U+985C
鱇,강,강 : 아귀(강),,22,U+9C47
򠂐,강,강: 돈(강),,20,U+A0090
򠄔,강,강,,19,U+A0114
򠉑,강,강,,16,U+A0251
降,"강,항","강,항 : 내릴(강) 항복할(항)","강,항 : 내릴(강)  항복할(항)",9,U+964D
䜫,"강,홍","강,홍",,10,U+472B
䁗,개,개,,15,U+4057
介,개,개 : 낄(개),,4,U+4ECB
价,개,개 : 착할(개) 클(개) 사신(개(價의 간체자)),"가,계 : 사신(개(價의   간체자))",6,U+4EF7
個,개,개 : 낱(개),,10,U+500B
凱,개,개 : 이길(개),태,12,U+51F1
剴,개,개 : 낫(개) 간절할(개),,12,U+5274
勓,개,개 : 힘쓸(개),,11,U+52D3
匃,개,개 : 빌(개),,5,U+5303
塏,개,개 : 시원한땅(개),계,13,U+584F
忋,개,개 : 믿을(개),해,6,U+5FCB
愷,개,개 : 즐거울(개),,13,U+6137
愾,개,개 : 성낼(개),희  : 한숨(희),13,U+613E
慨,개,개 : 분개할(개),,12,U+6168
揩,개,개 : 닦을(개),"계,해",12,U+63E9
摡,개,개 : 거둘(개),희,13,U+6461
改,개,개 : 고칠(개),,7,U+6539
暟,개,개 : 아름다울(개) 비칠(개),,14,U+669F
槩,개,개 : 대개(개),계,14,U+69E9
槪,개,개 : 대개(개),,15,U+69EA
漑,개,개 : 물댈(개),,14,U+6F11
玠,개,개 : 홀(개),계,8,U+73A0
疥,개,개 : 옴(개),,9,U+75A5
皆,개,개 : 다(개),"계,지,해",9,U+7686
盖,개,개 : 덮을(개),계,11,U+76D6
磕,개,개 : 돌부딪치는소리(개),,15,U+78D5
箇,개,개 : 낱(개)(個의 본자),개 : 낱(개)(個의  본자),14,U+7B87
芥,개,개 : 겨자(개),,10,U+82A5
蓋,개,개 : 덮을(개),갑,16,U+84CB
鎧,개,개 : 갑옷(개),"계,기",18,U+93A7
開,개,개 : 열(개) 벌릴(개) 펼(개),,12,U+958B
闓,개,개 : 열(개) 기뻐할(개),,18,U+95D3
򠄕,개,개,,16,U+A0115
򠄖,개,개,,10,U+A0116
豈,"개,기","개,기 : 어찌(기) 개가(개)","개,기 : 어찌(기)  개가(개)",10,U+8C48
湝,"개,해","개,해 : 출렁출렁 흐를(개)",계,12,U+6E5D
衸,"개,해","개,해",,10,U+8878
喀,객,객 : 뱉을(객),,12,U+5580
客,객,객 : 손(객),,9,U+5BA2
坑,갱,갱 : 구덩이(갱),항,7,U+5751
硜,갱,갱 : 돌소리(갱),경,12,U+785C
粳,갱,갱 : 메벼(경),경 : 메벼(경/갱),13,U+7CB3
羹,갱,갱 : 국(갱),,19,U+7FB9
賡,갱,갱,경,15,U+8CE1
鏗,갱,갱 : 금속소리(갱),"견,경,진",19,U+93D7
更,"갱,경","갱,경 : 고칠(경) 다시(갱)","갱,경 : 고칠(경)  다시(갱)",7,U+66F4
醵,갹,갹 : 추렴할(갹),거 : 추렴할(거/갹),20,U+91B5
倨,거,거 : 거만할(거),,10,U+5028
去,거,거 : 갈(거),,5,U+53BB
呿,거,거 : 벌릴(거),가,8,U+547F
姖,거,거 : 단정할(거),,8,U+59D6
居,거,거 : 살(거),,8,U+5C45
岠,거,거 : 큰산(거),,8,U+5CA0
巨,거,거 : 클(거),,5,U+5DE8
拒,거,거 : 막을(거),거 : 막을(거) 방진 (구),8,U+62D2
据,거,거 : 일할(거)(據의 간체자),거 : 일할(거)(據의  간체자),11,U+636E
據,거,거 : 의거할(거),,16,U+64DA
擧,거,거 : 거수(거),,18,U+64E7
昛,거,거 : 밝을(거),기,9,U+661B
柜,거,거 : 고리버들(거) 낙수물통(거),궤,9,U+67DC
欅,거,거 : 느티나무(거),,14,U+6B05
歫,거,거 : 그칠(거) 찌를(거),,9,U+6B6B
渠,거,거 : 도랑(거) 그(거),,12,U+6E20
炬,거,거 : 홰(거),,9,U+70AC
祛,거,거 : 떨(거),,10,U+795B
秬,거,거 : 검은기장(거),,10,U+79EC
筥,거,거 : 둥구미(거) 볏단(거),,13,U+7B65
籧,거,거 : 대자리(거),,23,U+7C67
胠,거,거 : 옆구리(거),,9,U+80E0
腒,거,거 : 포(거),,12,U+8152
苣,거,거 : 상치(거),,11,U+82E3
莒,거,거 : 나라이름(거),여,13,U+8392
蕖,거,거 : 부거(거),,18,U+8556
蘧,거,거 : 귀리(거) 양양할(거),,23,U+8627
袪,거,거 : 소매(거),,11,U+88AA
裾,거,거 : 옷자락(거),,14,U+88FE
距,거,거 : 떨어질(거),,12,U+8DDD
踞,거,거 : 쭈그리고앉을(거),,15,U+8E1E
遽,거,거 : 갑자기(거),,17,U+907D
鉅,거,거 : 클(거) 강할(거) 갈고리(거),,13,U+9245
鋸,거,거 : 톱(거) 자를(거),,16,U+92F8
駏,거,거 : 트기(거) 거공벌레(거),,15,U+99CF
򠈕,거,거,,10,U+A0215
抾,"거,겁","거,겁 : 가져갈(거/겁)",,8,U+62BE
佉,"거,구","거,구 : 땅이름(거/구)",가,7,U+4F49
車,"거,차","거,차 : 수레(차) 잇몸(차) 수레(거)","거,차 : 수레(차)  잇몸(차) 수레(거)",7,U+8ECA
㨜,건,건,,13,U+3A1C
乹,건,건 : 乾(하늘(건))의 俗字,,9,U+4E79
乾,건,건 : 마를(건) 하늘(건),간,11,U+4E7E
件,건,건 : 것(건) 구분할(건),건 : 것(건) 구분할 (건),6,U+4EF6
健,건,건 : 굳셀(건),,11,U+5065
囝,건,건 : 아이(건),,6,U+56DD
巾,건,건 : 헝겊(건) 수건(건),건 : 헝겊(건) 수건 (건),3,U+5DFE
建,건,건 : 세울(건),,9,U+5EFA
愆,건,건 : 허물(건) 어그러질(건),건 : 허물(건) 어그 러질(건),13,U+6106
揵,건,건 : 멜(건) 들(건) 막을(건),,12,U+63F5
搴,건,건: 뺄(건) 뽑을(건),,14,U+6434
攓,건,건 : 걷을(건),,20,U+6513
楗,건,건 : 문빗장(건),,13,U+6957
湕,건,건: 물이름(건),,12,U+6E55
漧,건,건 : 마를(건) 하늘(건),건 : 마를(건) 하늘 (건),14,U+6F27
犍,건,건 : 불깐소(건),,13,U+728D
睷,건,건 : 밝을(건),,14,U+7777
腱,건,건 : 힘줄(건),,13,U+8171
虔,건,건 : 삼갈(건) 빼앗을(건),"경,근",8,U+8654
褰,건,건 : 걷을(건),,16,U+8930
謇,건,건 : 떠듬거릴(건),,17,U+8B07
踺,건,건: 구를(건),,15,U+8E3A
蹇,건,건 : 절뚝발(건),,17,U+8E47
鍵,건,건 : 열쇠(건),,17,U+9375
鞬,건,건 : 동개(건),,18,U+97AC
騫,건,건 : 이지러질(건),,20,U+9A2B
鶱,건,건 : 날(건),헌 : 날(헌),21,U+9DB1
䢖,"건,율","건,율",,10,U+4896
乞,걸,걸 : 빌(걸) 거지(걸) 줄(걸),기,3,U+4E5E
乬,걸,걸 : 음역자(걸),,6,U+4E6C
傑,걸,걸 : 뛰어날(걸),,12,U+5091
嵥,걸,걸 : 한없이높을(걸),찬,13,U+5D65
朅,걸,걸 : 갈(걸) 헌걸찰(흘),,14,U+6705
杰,걸,걸 : 뛰어날(걸),,8,U+6770
桀,걸,걸 : 하왕이름(걸),,10,U+6840
榤,걸,걸 : 홰(걸),,14,U+69A4
儉,검,검 : 검소할(검) 흉년들(검),검 : 검소할(검) 흉 년들(검),15,U+5109
劍,검,검 : 칼(검),,15,U+528D
劒,검,검 : 칼(검),,16,U+5292
撿,검,검 : 주을(검) 고를(검),,16,U+64BF
檢,검,검 : 조사할(검) 봉함(검),검 : 조사할(검) 봉 함(검),17,U+6AA2
瞼,검,검 : 눈꺼풀(검) 고을(검),검 : 눈꺼풀(검) 고 을(검),18,U+77BC
芡,검,검 : 가시연(검),,10,U+82A1
鈐,검,검 : 비녀장(검) 자물쇠(검) 찍을(검) 창자루(검),금,12,U+9210
黔,검,검 : 검을(검),"금,염 : 검을(검/금)",16,U+9ED4
򠊒,검,검:가시연(검),,8,U+A0292
刦,겁,겁 : 겁탈할(겁),,7,U+5226
刧,겁,겁 : 겁탈할(겁),,7,U+5227
劫,겁,겁 : 겁탈할(겁),,7,U+52AB
怯,겁,겁 : 겁낼(겁),,8,U+602F
迲,겁,겁 : 갈(겁)(한국한자),거,9,U+8FF2
偈,게,게 : 중의귀글(게),걸 : 힘쓸(걸)   빠를(걸),11,U+5048
憩,게,게 : 쉴(게),,16,U+61A9
揭,게,게 : 들(게),"결,계,헐",12,U+63ED
挌,격,격 : 공격할(격),철,9,U+630C
搹,격,격 : 줌(격),액,13,U+6439
擊,격,격 : 칠(격),,16,U+64CA
格,격,격 : 이를(격),"각,락,유,종  : 막을(각)",10,U+683C
檄,격,격 : 격서(격),,17,U+6A84
毄,격,격 : 맞부딪히는소리(격),,14,U+6BC4
激,격,격 : 부딪칠(격) 과격할(격),격 : 부딪칠(격) 과 격할(격),16,U+6FC0
膈,격,격 : 명치(격) 쇠북틀(격),격 : 명치(격) 쇠북 틀(격),14,U+8188
覡,격,격 : 박수(격),,14,U+89A1
闃,격,격 : 고요할(격),,17,U+95C3
隔,격,격 : 막을(격),,13,U+9694
骼,격,격 : 마른뼈(격),각,16,U+9ABC
鬲,격,격 : 막을(격),력 : 솥(력),10,U+9B32
鴃,격,격 : 때까치(격),결,15,U+9D03
堅,견,견 : 굳을(견),수,11,U+5805
掔,견,견 : 끌어갈(견),완 : 당길(완),12,U+6394
汧,견,견 : 못(견) 물이른(견),"연,형",7,U+6C67
涀,견,견 : 작은도랑(견) 물이름(견),현,10,U+6D80
牽,견,견 : 끌(견),,11,U+727D
犬,견,견 : 개(견),,4,U+72AC
狷,견,견 : 성급할(견),,10,U+72F7
甄,견,견 : 진그릇구울(견),진 : 살필(진),14,U+7504
畎,견,견 : 밭도랑(견),,9,U+754E
筧,견,견 : 대홈통(견),현,13,U+7B67
絹,견,견 : 명주(견),연,13,U+7D79
縳,견,견 : 올(견),전 : 곱고선명한빛(전),17,U+7E33
繭,견,견 : 고치(견),,19,U+7E6D
繾,견,견 : 곡진할(견),유,20,U+7E7E
羂,견,견 : 걸(견) 그물(견),,18,U+7F82
肩,견,견 : 어깨(견),"미,유",8,U+80A9
蠲,견,견 : 없앨(견) 깨끗할(견),,23,U+8832
詃,견,견 : 꾀일(견)  속일(견),현,12,U+8A43
譴,견,견 : 꾸짖을(견) 허물(견) 책망(견),견 : 꾸짖을(견) 허 물(견) 책망(견),21,U+8B74
遣,견,견 : 보낼(견),,14,U+9063
鄄,견,견 : 땅이름(견),,12,U+9104
鰹,견,견 : 큰가물치(견),,22,U+9C39
鵑,견,견 : 두견(견),,18,U+9D51
򠄗,견,견,,21,U+A0117
見,"견,현","견,현 : 볼(견) 견해(견) 뵐(현) 나타낼(현)","견,현 : 볼(견) 견 해(견) 뵐(현)  나타낼(현)",7,U+898B
㓗,결,결,,14,U+34D7
㛃,결,결: 깨끗할(결),결,9,U+36C3
䤿,결,결,계,18,U+493F
抉,결,결 : 긁을(결),,7,U+6289
決,결,결 : 결정할(결),쾌,7,U+6C7A
洯,결,결 : 맑은물(결)(潔과 동자),,9,U+6D2F
潔,결,결 : 깨끗할(결),,15,U+6F54
炔,결,결 : 연기 뭉게뭉게 일어날(결),"계,쾌,혈,협",8,U+7094
焆,결,결: 불빛(결),"견, 길, 연",11,U+7106
玦,결,결: 패옥(결),,8,U+73A6
結,결,결 : 맺을(결),,12,U+7D50
缺,결,결 : 모자랄(결) 이지러질(결),계,10,U+7F3A
觖,결,결 : 서운해할(결) ,,11,U+89D6
訣,결,결 : 헤어질(결) 비결(결),결 : 헤어질(결) 비 결(결),11,U+8A23
迼,결,결: 뛸(결),,10,U+8FFC
鍥,결,결: 낫(결),계: 새길(계) 끊을(계),17,U+9365
闋,결,결 : 끝날(결) 쉴(결) 다할(결) 빌(결),,17,U+95CB
傔,겸,겸 : 겸종(겸),,12,U+5094
兼,겸,겸 : 겸할(겸) 쌓을(겸),겸 : 겸할(겸) 쌓을 (겸),10,U+517C
嗛,겸,겸 : 협낭(겸),함 : 머금을(함) 원망품 을(함),13,U+55DB
岒,겸,겸 : 산작고높을(겸),"검,금 ",7,U+5C92
嵰,겸,겸 : 험산높은모양(겸),,13,U+5D70
慊,겸,겸 : 앙심먹을(겸),협 : 족할(협),13,U+614A
拑,겸,겸 : 재갈먹일(겸) 다물(겸),유,8,U+62D1
歉,겸,겸 : 흉년들(겸) ,,14,U+6B49
箝,겸,겸 : 끼울(겸) 재갈먹일(겸),겸 : 끼울(겸) 재갈 먹일(겸),14,U+7B9D
縑,겸,겸 : 비단(겸),염,16,U+7E11
蒹,겸,겸 : 물억새(겸),,16,U+84B9
謙,겸,겸 : 겸손(겸) 사양할(겸),혐,17,U+8B19
鉗,겸,겸 : 목사슬(겸) 재갈(겸),겸 : 목사슬(겸) 재 갈(겸),13,U+9257
鎌,겸,겸 : 낫(겸),겸 : 낫(겸/렴),18,U+938C
黚,겸,겸 : 얕은금향빛(겸),,17,U+9EDA
鼸,겸,겸 : 두더지(겸),혐,23,U+9F38
򠊎,겸,겸 : 물억새(겸),,16,U+A028E
槏,"겸,염","겸,염 : 창설주(겸) 문(겸)",,14,U+69CF
㓏,경,경,,9,U+34CF
㯳,경,경,정,17,U+3BF3
㷡,경,경,,14,U+3DE1
京,경,경 : 서울(경) 클(경),,8,U+4EAC
亰,경,경 : 서울(경),,9,U+4EB0
俓,경,경 : 곧을(경),,9,U+4FD3
倞,경,경 : 굳셀(경),"량,양",10,U+501E
傹,경,경 : 다툴(경) 성할(경) 갑작스러울(경),,13,U+50B9
傾,경,경 : 기울(경) 기울일(경),경 : 기울(경) 기울 일(경),13,U+50BE
儆,경,경 : 경계할(경),,15,U+5106
冂,경,경 : 밀(경) 빌(경) 들밖(경),,2,U+5182
冏,경,경 : 빛날(경),형,7,U+518F
剄,경,경 : 목벨(경),,9,U+5244
剠,경,경 : 자자할(경),략 : 노략질할(략) 재갈(략),10,U+5260
勁,경,경 : 셀(경) 굳셀(경),강,9,U+52C1
勍,경,경 : 셀(경),,10,U+52CD
卿,경,경 : 벼슬(경) 아주머니(경),경 : 벼슬(경) 아주 머니(경),11,U+537F
哽,경,경 : 목멜(경),,10,U+54FD
囧,경,경 : 빛날(경),,7,U+56E7
坰,경,경 : 들(경),"균,형",8,U+5770
埂,경,경 : 둑(경)  두둑(경),연,10,U+57C2
境,경,경 : 지경(경),,14,U+5883
巠,경,경: 물줄기(경),,7,U+5DE0
幜,경,경 : 비단(경),,15,U+5E5C
庚,경,경 : 일곱째천간(경),"강,동",8,U+5E9A
徑,경,경 : 길(경),,10,U+5F91
惸,경,경 : 독신자(경),,12,U+60F8
慶,경,경 : 경사(경) 하례할(경),경 : 경사(경) 하례 할(경),14,U+6176
憬,경,경 : 깨달을(경),,15,U+61AC
憼,경,경 : 공경할(경) 엄숙할(경),,17,U+61BC
扃,경,경 : 빗장(경),,9,U+6243
挭,경,경 : 대개(경) 깨우칠(경) 요란할(경),,10,U+632D
擎,경,경 : 들(경),,17,U+64CE
擏,경,경 : 받들(경) 떠받들(경),,16,U+64CF
敬,경,경 : 공경할(경),,13,U+656C
景,경,경 : 빛(경),"경,영 : 빛(경) 그림자(영)",12,U+666F
暻,경,경 : 밝을(경) 빛(경),,16,U+66BB
曔,경,경: 밝을(경),정,17,U+66D4
桱,경,경 : 나무이름(경) 얼레(경) 책상(경),,11,U+6871
梗,경,경 : 줄기(경) 세울(경),경 : 줄기(경) 세울 (경),11,U+6897
檠,경,경 : 도지개(경),,17,U+6AA0
檾,경,경 : 어저귀(경),영,18,U+6ABE
浭,경,경 : 물이름(경),,10,U+6D6D
涇,경,경 : 물이름(경),,10,U+6D87
滰,경,경 : 거를(경),강,14,U+6EF0
漀,경,경 : 그릇에물따를(경) 옆으로나오는샘(경),,14,U+6F00
炅,경,경 : 빛(경),"민,호",8,U+7085
烱,경,경 : 불김(경),"혁,형",11,U+70F1
烴,경,경 : 탄화수소(경),형,11,U+70F4
焭,경,경 : 근심할(경) 주사위(경),,12,U+712D
煢,경,경 : 외로울(경),,13,U+7162
熲,경,경 : 빛(경),"영,정,진",15,U+71B2
燛,경,경: 밝을(경) 빛(경),,16,U+71DB
璄,경,경 : 옥빛(경),"선,영",15,U+7484
璚,경,경 : 옥(경),결,16,U+749A
璟,경,경 : 옥빛(경),영,16,U+749F
璥,경,경 : 옥이름(경),,17,U+74A5
瓊,경,경 : 옥(경),,19,U+74CA
畊,경,경 : 갈(경),정,9,U+754A
痙,경,경 : 심줄땅길(경),,12,U+75D9
硬,경,경 : 단단할(경) 강할(경),경 : 단단할(경) 강 할(경),12,U+786C
硻,경,경 : 굳을(경) 굳셀(경),갱 : 굳을(갱) 굳셀(갱),13,U+787B
磬,경,경 : 경쇠(경) 다할(경),석,16,U+78EC
竟,경,경 : 끝날(경) 마침내(경),경 : 끝날(경) 마침 내(경),11,U+7ADF
競,경,경 : 다툴(경),,20,U+7AF6
竸,경,경 : 성할(경) 굳셀(경),,22,U+7AF8
絅,경,경 : 홑옷(경),형,11,U+7D45
綆,경,경 : 두레박줄(경),,13,U+7D86
經,경,경 : 날(경) 지날(경) 다스릴(경) 불경(경) 경도(경),경 : 날(경) 지날(경) 다스릴(경)  불경(경) 경도(경),13,U+7D93
罄,경,경 : 빌(경) 다(경),,17,U+7F44
耕,경,경 : 갈(경),정,10,U+8015
耿,경,경 : 밝을(경),화,10,U+803F
脛,경,경 : 정강이(경),,11,U+811B
苘,경,경 : 어저귀(경),,11,U+82D8
莖,경,경 : 줄기(경),,13,U+8396
藑,경,경 : 풀이름(경),,20,U+85D1
褧,경,경 : 홑옷(경),,16,U+8927
誙,경,경 : 말확실히(경) 여럿이굽신거릴(경),,14,U+8A99
謦,경,경 : 기침(경),음,18,U+8B26
警,경,경 : 경계할(경),,20,U+8B66
輕,경,경 : 가벼울(경) 가벼이여길(경),경 : 가벼울(경) 가 벼이여길(경),14,U+8F15
逕,경,경 : 길(경),,11,U+9015
郠,경,경 : 고을이름(경),,10,U+90E0
鏡,경,경 : 거울(경) 살필(경) 안경(경),경 : 거울(경) 살필 (경) 안경(경),19,U+93E1
鞕,경,경 : 硬(굳셀(경))과 同字,,16,U+9795
頃,경,경 : 잠시(경) 요즘(경) 백이랑(경) 기울(경),경 : 잠시(경) 요즘 (경) 백이랑(경)  기울(경) 반걸음 (규),11,U+9803
頸,경,경 : 목(경),,16,U+9838
顈,경,경 : 홑옷(경) 어저귀(경),,17,U+9848
駉,경,경 : 살질(경),,15,U+99C9
驚,경,경 : 놀랄(경),,23,U+9A5A
鯁,경,경 : 생선뼈(경) 곧을(경),,18,U+9BC1
鯨,경,경 : 고래(경),,19,U+9BE8
鵛,경,경 : 새이름(경),,18,U+9D5B
鶊,경,경 : 꾀꼬리(경),학,19,U+9D8A
麖,경,경 : 큰사슴(경),,19,U+9E96
黥,경,경 : 자자(경),,20,U+9EE5
𠗊,경,경,,9,U+205CA
򠁪,경,경,,14,U+A006A
򠄘,경,경,,8,U+A0118
򠄙,경,경,,23,U+A0119
򠄚,경,경,,20,U+A011A
򠄛,경,경,,16,U+A011B
򠄜,경,경,,15,U+A011C
򠄝,경,경,,13,U+A011D
򠄞,경,경,,18,U+A011E
򠈒,경,경,,17,U+A0212
򠉘,경,경,,17,U+A0258
򠉩,경,경,,30,U+A0269
򠊔,경,경:밝을(경),,17,U+A0294
係,계,계 : 맬(계),,9,U+4FC2
呇,계,계 : 새벽별(계),개,7,U+5447
啓,계,계 : 열(계),개,11,U+5553
堦,계,계 : 섬돌(계),,12,U+5826
堺,계,계 : 지경(계)( 일본한자),계 : 지경(계)(일 본한자),12,U+583A
季,계,계 : 철(계),"수,이",8,U+5B63
屆,계,계 : 이를(계),,8,U+5C46
嵠,계,계,,13,U+5D60
悸,계,계 : 두근거릴(계),,11,U+60B8
戒,계,계 : 경계할(계),,7,U+6212
昋,계,계 : 성(계) 밝을(계),,8,U+660B
桂,계,계 : 계수나무(계),"가,규,기,주",10,U+6842
械,계,계 : 기구(계),,11,U+68B0
棨,계,계 : 창(계),,12,U+68E8
洎,계,계 : 윤택할(계) 국물(계),"게,기,자 : 미칠(기)",9,U+6D0E
溪,계,계 : 시내(계),,13,U+6EAA
瀱,계,계 : 우물물(계) 샘퐁퐁솟을(계) 물잦을(계),,20,U+7031
烓,계,계 : 화덕(계) 밝을(계),"규,신,유",10,U+70D3
界,계,계 : 지경(계),,9,U+754C
瘈,계,계 : 미칠(계),,14,U+7608
癸,계,계 : 열째천간(계),규,9,U+7678
磎,계,계 : 시내(계),,15,U+78CE
禊,계,계 : 계제사(계),,14,U+798A
系,계,계 : 실(계) 핏줄(계) 맬(계),,7,U+7CFB
綮,계,계 : 창집(계),경 : 힘줄붙은곳(경),14,U+7DAE
縘,계,계 : 얽을(계) 맺을(계),,16,U+7E18
繫,계,계 : 맬(계) 매달(계),,19,U+7E6B
繼,계,계 : 이을(계),,20,U+7E7C
罽,계,계 : 담(계) 그물(계),,17,U+7F7D
薊,계,계 : 엉겅퀴(계),,19,U+858A
計,계,계 : 계산(계) 꾀(계),,9,U+8A08
誡,계,계 : 경계(계) 고할(계),계 : 경계(계) 고할 (계),14,U+8AA1
谿,계,계 : 시내(계),,17,U+8C3F
階,계,계 : 섬돌(계),해,12,U+968E
雞,계,계 : 닭(계),,18,U+96DE
髻,계,계 : 상투(계),,16,U+9AFB
鷄,계,계 : 닭(계),,21,U+9DC4
契,"계,글,설","계,글,설 : 계약서(계) 부족이름(글) 사람이름(설)","계,글,설 : 계약서(계) 부 족이름(글) 사람이 름(설)",9,U+5951
挈,"계,설","계,설 : 끌(설) 끊을(계)","결,혈",10,U+6308
溎,"계,연","계,연 : 물창일할(연) 물이름(계)",,13,U+6E8E
估,고,고 : 값(고) 장수(고),,7,U+4F30
凅,고,고 : 얼어붙을(고),호,10,U+51C5
刳,고,고 : 가를(고) 팔(고),,8,U+5233
古,고,고 : 예(고) 선조(고) 묵을(고),,5,U+53E4
叩,고,고 : 두드릴(고) 물을(고),구,5,U+53E9
告,고,고 : 고할(고) 알릴(고),호,7,U+544A
呱,고,고 : 아이울(고),,8,U+5471
固,고,고 : 굳을(고),,8,U+56FA
姑,고,고 : 시어미(고) 고모(고),고 : 시어미(고) 고 모(고),8,U+59D1
婟,고,고 : 아낄(고) 안타까울(고) 어여쁠(고),,11,U+5A5F
孤,고,고 : 고아(고) 외로울(고),고 : 고아(고) 외로 울(고),8,U+5B64
尻,고,고 : 꽁무니(고),,5,U+5C3B
崓,고,고 : 섬(고),,11,U+5D13
庫,고,고 : 곳집(고),군,10,U+5EAB
拷,고,고 : 칠(고),,9,U+62F7
攷,고,고 : 시험(고),,6,U+6537
故,고,고 : 옛(고) 일(고) 옛벗(고),,9,U+6545
敲,고,고 : 두드릴(고),,14,U+6572
暠,고,고 : 희고깨끗할(고),호 : 희고깨끗할(고/호),14,U+66A0
枯,고,고 : 마를(고) 마른나무(고),호,9,U+67AF
栲,고,고 : 모밀잣밤나무(고) 고리(고),,10,U+6832
槀,고,고 : 마를(고),,14,U+69C0
槁,고,고 : 마를(고),호,14,U+69C1
橭,고,고 : 무고나무(고) 나무사방으로퍼질(고),,16,U+6A6D
櫜,고,고 : 활집(고) 자루(고),,19,U+6ADC
沽,고,고 : 살(고) 팔(고),,8,U+6CBD
牯,고,고 : 암소(고),,9,U+726F
痼,고,고 : 고질(고),,13,U+75FC
皋,고,고 : 높을(고) 언덕(고),"고,호 : 높을(고)  언덕(고)",10,U+768B
皐,고,고 : 높을(고) 언덕(고) 느릴(고),호,11,U+7690
盬,고,고 : 소금밭(고) 느슨할(고),,18,U+76EC
瞽,고,고 : 소경(고),,18,U+77BD
稁,고,고 : 짚(고) 초(고),,12,U+7A01
稿,고,고 : 짚(고) 초(고) 마를(고),호,15,U+7A3F
箍,고,고 : 테(고),,14,U+7B8D
篙,고,고 : 상앗대(고),,16,U+7BD9
糕,고,고 : 떡(고),,16,U+7CD5
罟,고,고 : 그물(고),,10,U+7F5F
羔,고,고 : 새끼양(고),,10,U+7F94
羖,고,고 : 숫양(고),,10,U+7F96
翺,고,고 : 날(고),,18,U+7FFA
考,고,고 : 상고할(고) 칠(고),효,6,U+8003
股,고,고 : 다리(고),,8,U+80A1
胯,고,고 : 사타구니(고),과 : 사타구니(과),10,U+80EF
膏,고,고 : 기름(고) 고약(고) 살진고기(고),고 : 기름(고) 고약 (고) 살진고기(고),14,U+818F
苦,고,고 : 씀바귀(고) 괴로와할(고),,11,U+82E6
苽,고,고 : 교미(고) 줄(고),과,11,U+82FD
菰,고,고 : 줄(고),,14,U+83F0
藁,고,고 : 서궁(고),,20,U+85C1
蠱,고,고 : 굿에쓰는벌레(고),,23,U+8831
袴,고,고 : 바지(고),과 : 사타구니(과),12,U+88B4
觚,고,고 : 그릇(고),,12,U+89DA
詁,고,고 : 고증할(고),,12,U+8A41
誥,고,고 : 고할(고),호,14,U+8AA5
辜,고,고 : 허물(고),,12,U+8F9C
郜,고,고 : 나라이름(고),,10,U+90DC
酤,고,고 : 술살(고) 술팔(고),,12,U+9164
鈷,고,고 : 다리미(고) 금강저(고),,13,U+9237
錮,고,고 : 막을(고) 맬(고) 고질(고),,16,U+932E
雇,고,고 : 품살(고),호,12,U+96C7
靠,고,고 : 기댈(고),,15,U+9760
顧,고,고 : 돌아볼(고) 돌볼(고) 생각할(고),고 : 돌아볼(고) 돌 볼(고) 생각할(고),21,U+9867
高,고,고 : 높을(고),,10,U+9AD8
鴣,고,고 : 자고(고),,16,U+9D23
鷱,고,고 : 작은비둘기(고),,23,U+9DF1
鼓,고,고 : 북(고),,13,U+9F13
鼔,고,고: 북(고),고: 鼓(북(고)와 同字,13,U+9F14
򠁲,고,고 : 불알(고),고,14,U+A0072
򠄟,고,고,,11,U+A011F
򠄠,고,고,,12,U+A0120
򠄡,고,고,,15,U+A0121
򠄢,고,고,,20,U+A0122
夰,"고,호","고,호 : 높을(호)",혜,5,U+5930
杲,"고,호","고,호 : 밝을(고/호)","도,민,승",8,U+6772
哭,곡,곡 : 울(곡) 곡할(곡),,10,U+54ED
嚳,곡,곡 : 제왕이름(곡),,20,U+56B3
斛,곡,곡 : 휘(곡),,11,U+659B
曲,곡,곡 : 굽을(곡),,6,U+66F2
梏,곡,곡 : 수갑(곡),"성,호",11,U+688F
槲,곡,곡 : 떡갈나무(곡),,15,U+69F2
穀,곡,곡 : 곡식(곡) 녹(곡),,15,U+7A40
縠,곡,곡 : 명주(곡),,16,U+7E20
觳,곡,곡 : 뿔잔(곡),,17,U+89F3
谷,곡,곡 : 골(곡),"꼭,용 : 골(곡)   나라이름(용)",7,U+8C37
轂,곡,곡 : 바퀴통(곡),,17,U+8F42
鵠,곡,곡 : 과녁(곡),혹 : 고니(혹),18,U+9D60
峼,"곡,호","곡,호 : 산이름(호)",고,10,U+5CFC
丨,곤,곤,신,1,U+4E28
困,곤,곤 : 곤할(곤),,7,U+56F0
坤,곤,곤 : 곤괘(곤),석,8,U+5764
堃,곤,곤 : 곤괘(곤),,11,U+5803
崐,곤,곤 : 산이름(곤),,11,U+5D10
崑,곤,곤 : 산이름(곤),돈,11,U+5D11
悃,곤,곤 : 정성(곤),고,10,U+6083
捆,곤,곤 : 묶을(곤),,10,U+6346
昆,곤,곤 : 많을(곤),혼,8,U+6606
梱,곤,곤 : 문지방(곤) 칠(곤),곤 : 문지방(곤) 칠 (곤),11,U+68B1
棍,곤,곤 : 몽둥이(곤),혼,12,U+68CD
滾,곤,곤 : 꿈틀흐를(곤) 구를(곤),곤 : 꿈틀흐를(곤)  구를(곤),14,U+6EFE
琨,곤,곤 : 옥돌(곤),,12,U+7428
璭,곤,곤 : 금옥을광낼(곤),관,17,U+74AD
緄,곤,곤 : 띠(곤) 노끈(곤),,14,U+7DC4
衮,곤,곤 : 곤룡포(곤) 임 금의옷(곤),,10,U+886E
袞,곤,곤 : 곤룡포(곤),,11,U+889E
裍,곤,곤 : 옷잡아맬(곤),,13,U+88CD
褌,곤,곤 : 잠방이(곤),,15,U+890C
錕,곤,곤 : 산이름(곤),,16,U+9315
閫,곤,곤 : 문지방(곤),,15,U+95AB
髡,곤,곤 : 머리깎을(곤),,13,U+9AE1
鯤,곤,곤 : 곤이(곤) 골어(곤),곤 : 곤이(곤) 골어 (곤),19,U+9BE4
鵾,곤,곤 : 곤계(곤),,19,U+9D7E
鶤,곤,곤 : 곤계(곤),"군,운",20,U+9DA4
齫,곤,곤 : 이솟을(곤),운,22,U+9F6B
搰,골,골 : 팔(골),,13,U+6430
榾,골,골 : 삭절이(골),,14,U+69BE
汨,골,골 : 다스릴(골),"멱,유,일 : 물이름(멱)",7,U+6C68
骨,골,골 : 뼈(골),,10,U+9AA8
鶻,골,골 : 송골매(골),,21,U+9DBB
汩,"골,율","골,율 : 다스릴(골) 잠길(골)",,7,U+6C69
滑,"골,활","골,활 : 미끄러울(활) 어지러울(골)",,13,U+6ED1
供,공,공 : 이바지할(공),홍,8,U+4F9B
倥,공,공 : 괴로울(공) 미련할(공),,10,U+5025
公,공,공 : 한가지(공) 공변될(공),공 : 한가지(공) 공 변될(공),4,U+516C
共,공,공 : 함께(공),홍,6,U+5171
功,공,공 : 공(공),미,5,U+529F
孔,공,공 : 구멍(공),,4,U+5B54
崆,공,공 : 산이름(공),,11,U+5D06
工,공,공 : 장인(공),,3,U+5DE5
廾,공,공 : 두손으로받들(공),발,3,U+5EFE
恐,공,공 : 두려워할(공),,10,U+6050
恭,공,공 : 공손할(공),송,10,U+606D
拱,공,공 : 두손마주잡을(공),홍,9,U+62F1
控,공,공 : 당길(공),,11,U+63A7
攻,공,공 : 칠(공),,7,U+653B
栱,공,공 : 두공(공),"리,홍",10,U+6831
槓,공,공 : 막대(공),,14,U+69D3
灨,공,공 : 물이름(공),감,27,U+7068
空,공,공 : 하늘(공) 빌(공),,8,U+7A7A
箜,공,공 : 공후(공),,14,U+7B9C
羾,공,공 : 날아올(공),홍,9,U+7FBE
蚣,공,공 : 지네(공),송,10,U+86A3
蛩,공,공 : 메뚜기(공),,12,U+86E9
蛬,공,공 : 귀뚜라미(공),,12,U+86EC
貢,공,공 : 공물(공) 바칠(공) 천거할(공),공 : 공물(공) 바칠 (공) 천거할(공),10,U+8CA2
贛,공,공 : 줄(공) 고을이름(감),,24,U+8D1B
跫,공,공 : 발자국소리(공),강,13,U+8DEB
釭,공,공 : 등잔(공),"강,정,홍 : 등잔(강)",11,U+91ED
鞏,공,공 : 곧을(공),,15,U+978F
龔,공,공: 이바지할(공) 공손할(공),,22,U+9F94
珙,"공,홍",공 : 옥(공),홍: 구슬(홍) 옥이름(홍),10,U+73D9
串,"곶,관","곶,관 : 곶(곶)( 한국음) 꿸(관)","곤,곳,천 : 곶(곶)(한국음)   꿰미(천)   꿸(천/관)",7,U+4E32
侉,과,과 : 거칠(과),,8,U+4F89
堝,과,과 : 도가니(과),,12,U+581D
夥,과,과 : 많을(과),"해,화",14,U+5925
夸,과,과 : 풍칠(과),"은,이",6,U+5938
姱,과,과 : 아름다울(과),,9,U+59F1
寡,과,과 : 적을(과),,14,U+5BE1
戈,과,과 : 창(과),재,4,U+6208
撾,과,과 : 칠(과),,16,U+64BE
敤,과,과 : 다스릴(과),,12,U+6564
果,과,과 : 열매(과),미,8,U+679C
猓,과,과 : 긴꼬리원숭이(과),,11,U+7313
瓜,과,과 : 참외(과),,5,U+74DC
科,과,과 : 조목(과),두,9,U+79D1
稞,과,과 : 쌀보리(과),"나,라",13,U+7A1E
窠,과,과 : 보금자리(과),,13,U+7AA0
菓,과,과 : 실과(과) 과자(과)( 果의 이체자),과 : 실과(과) 과자 (과)(果의 이체 자),14,U+83D3
蝌,과,과 : 올챙이(과),,15,U+874C
裹,과,과 : 쌀(과),,14,U+88F9
誇,과,과 : 자랑할(과),,13,U+8A87
課,과,과 : 시험할(과) 매길(과) 차례(과),과 : 시험할(과) 매 길(과) 차례(과),15,U+8AB2
跨,과,과 : 넘을(과),과 : 넘을(과) 걸터 앉을(고),13,U+8DE8
踝,과,과 : 복사뼈(과),,15,U+8E1D
過,과,과 : 넘을(과) 지날(과),과 : 넘을(과) 지날 (과),13,U+904E
銙,과,과 : 떠치장(과),,14,U+9299
鍋,과,과 : 남비(과) 기름통(과),와,17,U+934B
顆,과,과 : 알(과) 흙덩이(과),과 : 알(과) 흙덩이 (과),17,U+9846
騍,과,과 : 암말(과),,18,U+9A0D
򠄣,과,과,,14,U+A0123
椁,곽,곽 : 곽(곽)  외관(곽),"순,형",12,U+6901
槨,곽,곽 : 곽(곽) 외관(곽),,15,U+69E8
癨,곽,곽 : 호열자(곽),,21,U+7668
藿,곽,곽 : 콩잎(곽) 풀이름(곽),곽 : 콩잎(곽) 풀이 름(곽),22,U+85FF
郭,곽,곽 : 성곽(곽),,11,U+90ED
钁,곽,곽 : 괭이(곽),확,28,U+9481
霍,곽,곽 : 빠를(곽),,16,U+970D
鞹,곽,곽 : 가죽(곽),,20,U+97B9
򠄤,곽,곽,,22,U+A0124
廓,"곽,확","곽,확 : 넓을(곽/확)",,14,U+5ED3
丱,관,관 : 총각(관),,5,U+4E31
倌,관,관 : 낮은벼슬아치(관),,10,U+500C
冠,관,관 : 갓(관),,9,U+51A0
官,관,관 : 벼슬(관),,8,U+5B98
寛,관,관 : 寬(너그러울(관))의 俗字,,13,U+5BDB
寬,관,관 : 너그러울(관),,15,U+5BEC
慣,관,관 : 익숙할(관),,14,U+6163
棺,관,관 : 널(관),,12,U+68FA
款,관,관 : 정성(관),,12,U+6B3E
涫,관,관: 물이 끓을(관),,11,U+6DAB
灌,관,관 : 물댈(관),권,21,U+704C
爟,관,관 : 봉화(관),"구,권,환",22,U+721F
琯,관,관 : 피리(관),,12,U+742F
瓘,관,관 : 옥(관),권,22,U+74D8
盥,관,관 : 대야(관),,16,U+76E5
祼,관,관 : 강신제지낼(관),과,13,U+797C
窾,관,관 : 빌(관),,17,U+7ABE
筦,관,관 : 쌍피리(관)  주관할(관),완,13,U+7B66
管,관,관 : 관(관) 붓대(관),,14,U+7BA1
綰,관,관 : 얽을(관) 꿸(관),,14,U+7DB0
罐,관,관 : 두레박(관),,24,U+7F50
舘,관,관 : 객사(관) 집(관) 관부(관),,16,U+8218
菅,관,관 : 사초(관) 거적(관),관 : 사초(간/관)  거적(간/관),14,U+83C5
觀,관,관 : 볼(관) 관점(관) 모양(관) 보일(관),관 : 볼(관) 관점(관) 모양(관) 보 일(관),25,U+89C0
貫,관,관 : 꿰뚫을(관) 명적(관),관 : 꿰뚫을(관) 명 적(관),11,U+8CAB
輨,관,관: 바퀴통쇠(관),,15,U+8F28
錧,관,관 : 바퀴통쇠(관),,16,U+9327
鑵,관,관 : 두레박(관),,26,U+9475
關,관,관 : 문빗장(관),,19,U+95DC
雚,관,관 : 풀이름(관),"권,환",18,U+96DA
顴,관,관 : 광대뼈(관),권,27,U+9874
館,관,관 : 객사(관) 공공건물(관),관 : 객사(관) 공공 건물(관),17,U+9928
髖,관,관 : 허리뼈(관),,25,U+9AD6
鱹,관,관,권,29,U+9C79
鸛,관,관 : 황새(관),,29,U+9E1B
򠀁,관,관,,14,U+A0001
򠄥,관,관,,25,U+A0125
򠄦,관,관,,22,U+A0126
򠄧,관,관,,23,U+A0127
򠄨,관,관,,24,U+A0128
򠄩,관,관,,14,U+A0129
򠉪,관,관,,23,U+A026A
梡,"관,완","관,완 : 도마(관/완)","원,환",11,U+68A1
佸,괄,괄 : 힘쓸(괄),활 : 이르를(활),8,U+4F78
刮,괄,괄 : 깍을(괄),,8,U+522E
恝,괄,괄 : 근심없을(괄),"개,계 : 근심없을(개/괄/갈)",10,U+605D
括,괄,괄 : 묶을(괄),활,9,U+62EC
栝,괄,괄 : 전나무(괄),첨,10,U+681D
筈,괄,괄 : 오늬(괄),,12,U+7B48
聒,괄,괄 : 시끄러울(괄),,12,U+8052
适,괄,괄 : 빠를(괄),,10,U+9002
髺,괄,괄 : 터럭묶을(괄),,16,U+9AFA
鴰,괄,괄 : 재두루미(괄),,17,U+9D30
侊,광,광 : 성찬(광),,8,U+4F8A
僙,광,광 : 위험스러울(광),,14,U+50D9
光,광,광 : 빛(광),,6,U+5149
匡,광,광 : 바로잡을(광) 도울(광),광 : 바로잡을(광)  도울(광),6,U+5321
垙,광,광 : 길거리(광),가,9,U+5799
壙,광,광 : 뫼구덩이(광),확,18,U+58D9
姯,광,광 : 환할(광),"미,형",9,U+59EF
広,광,광 : 廣(넓을(광))의 略字,광 : 廣(넓을(광)) 의 略字,5,U+5E83
廣,광,광 : 넓을(광),,15,U+5EE3
恇,광,광 : 겁낼(광),,9,U+6047
懬,광,광 : 뜻못이룰(광),,19,U+61EC
撗,광,광 : 채울(광) 가득할(광),,15,U+6497
曠,광,광 : 넓을(광) 헛되이지낼(광),광 : 넓을(광) 헛되 이지낼(광),19,U+66E0
桄,광,광 : 광랑나무(광),항,10,U+6844
框,광,광 : 문얼굴(광),,10,U+6846
洭,광,광 : 땅이름(광),,9,U+6D2D
洸,광,광 : 깊을(광),황 : 깊을(황/광),9,U+6D38
炚,광,광 : 햇빛뜨거울(광),"경,영,형,화",8,U+709A
炛,광,광,화,8,U+709B
爌,광,광 : 불빛환할(광),황 : 불빛환할(황),19,U+720C
狂,광,광 : 미칠(광),,7,U+72C2
獷,광,광 : 모질(광),,18,U+7377
珖,광,광 : 옥피리(광) 사람이름(광),광 : 옥피리(광) 사 람이름(광),10,U+73D6
硄,광,광 : 돌빛윤택할(광),석 ,11,U+7844
磺,광,광 : 쇠돌(광),황 : 유황(황),17,U+78FA
礦,광,광 : 쇠돌(광),,20,U+7926
筐,광,광 : 광주리(광),,12,U+7B50
絖,광,광 : 솜(광),,12,U+7D56
纊,광,광 : 고운솜(광),,21,U+7E8A
胱,광,광 : 오줌통(광),,10,U+80F1
茪,광,광 : 초결명(광),,12,U+832A
誆,광,광 : 속일(광),,13,U+8A86
誑,광,광 : 속일(광),,14,U+8A91
銧,광,광 : 라듐(광),,14,U+92A7
鑛,광,광 : 쇠돌(광),,23,U+945B
卦,괘,괘 : 점괘(괘),,8,U+5366
咼,괘,괘 : 입비뚤어질(괘),와 : 입비뚤어질(와),9,U+54BC
挂,괘,괘 : 걸(괘)  나눌(괘),"계,규",9,U+6302
掛,괘,괘 : 걸(괘),,11,U+639B
絓,괘,괘 : 걸릴(괘),,12,U+7D53
罣,괘,괘 : 거리낄(괘),,11,U+7F63
罫,괘,괘 : 줄(괘),홰,13,U+7F6B
詿,괘,괘 : 그릇할(괘) 속일(괘),,13,U+8A7F
乖,괴,괴 : 어그러질(괴),,8,U+4E56
傀,괴,괴 : 허수아비(괴),,12,U+5080
塊,괴,괴 : 덩이(괴),,13,U+584A
壞,괴,괴 : 무너뜨릴(괴),"양,회",19,U+58DE
媿,괴,괴 : 부끄러워할(괴),,13,U+5ABF
廥,괴,괴 : 여물광(괴),,16,U+5EE5
怪,괴,괴 : 의심할(괴),,8,U+602A
愧,괴,괴 : 부끄러워(괴),,13,U+6127
拐,괴,괴 : 속일(괴),,8,U+62D0
槐,괴,괴 : 홰나무(괴),"계,귀,기,홰,회",14,U+69D0
瑰,괴,괴 : 옥돌(괴) 보배(괴),"궤,귀",14,U+7470
璝,괴,괴 : 옥돌(괴) 보배(괴),"귀,규,기",16,U+749D
蒯,괴,괴 : 기름사초(괴),교,16,U+84AF
襘,괴,괴 : 옷고름(괴) 띠맬(괴),,19,U+8958
魁,괴,괴 : 우두머리(괴) 별이름(괴),규,14,U+9B41
馘,괵,괵 : 머리벨(괵),,17,U+9998
咣,굉,굉 : 문닫는소리(굉),광 : 문닫는소리(광),9,U+54A3
宏,굉,굉 : 클(굉) 넓을(굉),"경,광,괭,홍,횡",7,U+5B8F
浤,굉,굉 : 바닷물용솟음칠(굉),,10,U+6D64
紘,굉,굉 : 끈(굉),"광,현 : 끈(굉/횡)",10,U+7D18
肱,굉,굉 : 팔뚝(굉),,8,U+80B1
觥,굉,굉 : 뿔잔(굉),광,13,U+89E5
訇,굉,굉 : 큰소리(굉),,9,U+8A07
轟,굉,굉 : 우렛소리(굉),,21,U+8F5F
閎,굉,굉 : 이문(굉) 휑할(굉) 클(굉),,12,U+958E
鍠,"굉,황","굉,황 : 병기(굉/황) 종소리(굉/황)","광,산,횡",17,U+9360
交,교,교 : 사귈(교) 서로(교),교 : 사귈(교) 서로 (교),6,U+4EA4
佼,교,교 : 예쁠(교),효,8,U+4F7C
僑,교,교 : 우거할(교),,14,U+50D1
咬,교,교 : 씹을(교),요,9,U+54AC
喬,교,교 : 높을(교),,12,U+55AC
嘄,교,교 : 부르짖을(교),규 : 부르짖을(규),14,U+5604
嘐,교,교 : 닭자쳐울(교),효 : 큰체할(효),14,U+5610
噭,교,교 : 부르짖을(교)  엉엉울(교),,16,U+566D
嚙,교,교 : 깨물(교),요,18,U+5699
姣,교,교 : 아름다울(교),,9,U+59E3
嬌,교,교 : 아리따울(교),,15,U+5B0C
嬓,교,교 : 사람이름(교),미,16,U+5B13
嵺,교,교 : 산불끈솟을(교),료 : 산불끈솟을(료),14,U+5D7A
嶠,교,교 : 뾰족하고높을(교) 산길(교),,15,U+5DA0
巧,교,교 : 재주(교) 공교할(교),교 : 재주(교) 공교 할(교),5,U+5DE7
憍,교,교 : 자랑할(교),,15,U+618D
撟,교,교 : 손들(교),,15,U+649F
攪,교,교 : 어지러울(교) 섞을(교),교 : 어지러울(교)  섞을(교),23,U+652A
敎,교,교 : 교육(교),,11,U+654E
教,교,교 : 가르칠(교),효,11,U+6559
晈,교,교 : 닭밝을(교),민,10,U+6648
暞,교,교 : 밝을(교),,14,U+669E
曒,교,교 : 밝을(교),,17,U+66D2
校,교,교 : 학교(교),효,10,U+6821
榷,교,교 : 외나무다리(교),각 : 도거리할(각),14,U+69B7
橋,교,교 : 다리(교),효,16,U+6A4B
燆,교,교 : 불번쩍일(교) 불꽃(교),효,16,U+71C6
狡,교,교 : 간교할(교),,9,U+72E1
珓,교,교 : 옥산통(교),"민,진",10,U+73D3
皎,교,교 : 흴(교) 깨끗할(교),교 : 흴(교) 깨끗할 (교),11,U+768E
皦,교,교 : 흴(교) 밝을(교),,18,U+76A6
矯,교,교 : 바로잡을(교) 거짓(교),교 : 바로잡을(교)  거짓(교),17,U+77EF
磽,교,교 : 메마를(교),,17,U+78FD
穚,교,교 : 벼이삭(교) 가라지풀우거질(교),,17,U+7A5A
窖,교,교 : 움(교) 깊은마음(교),,12,U+7A96
絞,교,교 : 목맬(교) 묶을(교),교 : 목맬(교) 묶을 (교) 초록빛(효),12,U+7D5E
翹,교,교 : 발돋움할(교) 들(교),교 : 발돋움할(교)  들(교),18,U+7FF9
膠,교,교 : 갖풀(교),,15,U+81A0
蕎,교,교 : 메밀(교),,18,U+854E
蛟,교,교 : 교룡(교),,12,U+86DF
趫,교,교 : 나무에잘오를(교),,19,U+8DAB
蹻,교,교 : 강성할(교),갹 : 짚신(각),19,U+8E7B
較,교,교 : 비교할(교) 대강(교),연,13,U+8F03
轎,교,교 : 가마(교),,19,U+8F4E
郊,교,교 : 성밖(교),,9,U+90CA
鄡,교,교 : 땅이름(교),,14,U+9121
鉸,교,교 : 가위(교) 장식(교),,14,U+9278
餃,교,교 : 경단(교),,15,U+9903
驕,교,교 : 교만할(교),,22,U+9A55
骹,교,교 : 발회목뼈(교),,16,U+9AB9
鮫,교,교 : 상어(교),,17,U+9BAB
鵁,교,교 : 교청새(교),,17,U+9D41
齩,교,교 : 씹을(교),,21,U+9F69
򠄪,교,교,,18,U+A012A
鄗,"교,호","교,호: 고을 이름(호)","학, 혜, 효",13,U+9117
恔,"교,효","교,효 : 쾌할(교) 시원할(교)",,9,U+6054
㚱,구,구,"선,성,아,안,희",8,U+36B1
㩴,구,구,"국,극",21,U+3A74
䜪,구,구,,9,U+472A
丘,구,구 : 언덕(구) 무덤(구),구 : 언덕(구) 무덤 (구),5,U+4E18
久,구,구 : 오랠(구),,3,U+4E45
九,구,구 : 아홉(구),,2,U+4E5D
仇,구,구 : 원수(구) 짝(구),,4,U+4EC7
佝,구,구 : 곱사등이(구),"순,후 : 곱사등이(후)",7,U+4F5D
俅,구,구 : 공순할(구),,9,U+4FC5
俱,구,구 : 함께(구),,10,U+4FF1
傴,구,구 : 곱사등이(구),,13,U+50B4
具,구,구 : 갖출(구),,8,U+5177
冓,구,구 : 지밀(구),,10,U+5193
劬,구,구 : 힘들일(구),,7,U+52AC
勼,구,구 : 모을(구),,4,U+52FC
勾,구,구 : 버릴(구) 가둘(구),구 : 버릴(구) 가둘 (구),4,U+52FE
匶,구,구 : 널(구),,19,U+5336
區,구,구 : 나눌(구) 지경(구),구 : 나눌(구) 지경 (구) 숨길(우),11,U+5340
厹,구,구 : 세모창(구),,4,U+53B9
口,구,구 : 입(구),,3,U+53E3
叴,구,구 : 기승할(구),,5,U+53F4
咎,구,구 : 허물(구),고,8,U+548E
嘔,구,구 : 게울(구),구 : 게울(구) 기뻐 할(후),14,U+5614
坵,구,구 : 논매미(구),,8,U+5775
坸,구,구 : 때(구),"균,순 : 때(구)",8,U+5778
垢,구,구 : 때(구),,9,U+57A2
夠,구,구 : 모을(구) 넉넉할(구) 많을(구),,11,U+5920
姤,구,구 : 만날(구),"후,희",9,U+59E4
媾,구,구 : 혼인할(구) 화친(구),,13,U+5ABE
嫗,구,구 : 할미(구),,14,U+5AD7
寇,구,구 : 도둑(구),,11,U+5BC7
屨,구,구 : 신(구),,17,U+5C68
岣,구,구 : 봉우리이름(구),순,8,U+5CA3
嶇,구,구 : 가파를(구),,14,U+5D87
廏,구,구 : 마구간(구),,14,U+5ECF
廐,구,구 : 마굿간(구),,14,U+5ED0
彀,구,구 : 활거리(구),,13,U+5F40
懼,구,구 : 두려워할(구),,21,U+61FC
戵,구,구 : 네갈래창(구),,22,U+6235
扣,구,구 : 두드릴(구)  덜(구),고,6,U+6263
拘,구,구 : 잡을(구) 껴안을(구),구 : 잡을(구) 껴안 을(구),8,U+62D8
捄,구,구 : 구원할(구),,10,U+6344
搆,구,구 : 손닿을(구),,13,U+6406
摳,구,구 : 걷을(구) 때릴(구),,14,U+6473
救,구,구 : 구원할(구),,11,U+6551
昫,구,구 : 따뜻이할(구),"상,순",9,U+662B
朹,구,구 : 산사나무(구),궤 : 궤(궤),6,U+6739
枸,구,구 : 호깨나무(구) 구기자(구) 탱자(구),구 : 호깨나무(구)  구기자(구) 탱자(구),9,U+67B8
柩,구,구 : 널(구),,9,U+67E9
梂,구,구 : 도토리받침(구),,11,U+6882
椇,구,구 : 호깨나무(구) 적대(구),,12,U+6907
榘,구,구 : 곱자(구) 법(구),,13,U+6998
構,구,구 : 얽을(구),,14,U+69CB
歐,구,구 : 구라파(구) 토할(구),우,15,U+6B50
毆,구,구 : 칠(구),,15,U+6BC6
毬,구,구 : 공(구),,11,U+6BEC
求,구,구 : 구할(구),,6,U+6C42
溝,구,구 : 도랑(구),,13,U+6E9D
漚,구,구 : 담글(구),,14,U+6F1A
灈,구,구 : 물이름(구),,21,U+7048
灸,구,구 : 뜸(구),,7,U+7078
煹,구,구 : 봉화(구) 불켤(구),,14,U+7179
狗,구,구 : 개(구),,8,U+72D7
玖,구,구 : 옥돌(구),"민,배",7,U+7396
玽,구,구 : 옥돌(구),,9,U+73BD
球,구,구 : 둥근물체(구),주 : 둥근물체(구),11,U+7403
璆,구,구 : 옥(구),"교,료,섭,주,진",15,U+7486
甌,구,구 : 사발(구),,16,U+750C
疚,구,구 : 오래앓을(구),,8,U+759A
痀,구,구 : 곱사등이(구),,10,U+75C0
癯,구,구 : 야윌(구),,23,U+766F
瞿,구,구 : 놀랄(구),,18,U+77BF
矩,구,구 : 곱자(구),,10,U+77E9
究,구,구 : 궁구할(구),진,7,U+7A76
窶,구,구 : 가난할(구),루 : 좁은땅(루),16,U+7AB6
竘,구,구 : 다듬을(구)  꾸밀(구) 건장할 (구),연,10,U+7AD8
篝,구,구 : 배롱(구),,16,U+7BDD
糗,구,구 : 건량(구),후,16,U+7CD7
絿,구,구 : 급할(구) 구할(구),구 : 급할(구) 구할 (구),13,U+7D7F
耇,구,구 : 늙은이(구) 늙 을(구),,11,U+8007
耈,구,구,,11,U+8008
耉,구,구 : 늙을(구) 늙은이(구),,11,U+8009
胊,구,구 : 포(구),,9,U+80CA
臼,구,구 : 절구(구),,6,U+81FC
舅,구,구 : 외숙(구) 시아버지(구),구 : 외숙(구) 시아 버지(구),13,U+8205
舊,구,구 : 예(구) 낡을(구),,18,U+820A
苟,구,구 : 구차할(구) 만일(구),"국,극,순,하",11,U+82DF
蒟,구,구 : 구약나물(구),,16,U+849F
蚯,구,구 : 지렁이(구),,11,U+86AF
衢,구,구 : 거리(구),,24,U+8862
裘,구,구 : 갖옷(구)  가죽옷(구) 갖바치(구),,13,U+88D8
覯,구,구 : 만나볼(구) 이룰(구),,17,U+89AF
詬,구,구 : 꾸짖을(구)  욕할(구),후 : 꾸짖을(후)  욕할(후),13,U+8A6C
謳,구,구 : 노래(구),우,18,U+8B33
購,구,구 : 살(구),,17,U+8CFC
軀,구,구 : 몸(구),,18,U+8EC0
逑,구,구 : 짝(구),,11,U+9011
遘,구,구 : 만날(구),,14,U+9058
邱,구,구 : 언덕(구),,8,U+90B1
釦,구,구 : 단추(구),,11,U+91E6
鉤,구,구 : 갈고리(구) 칼(구) 끌어당길(구) 낚시(구) 낫(구) 그림쇠(구),기,13,U+9264
銶,구,구 : 끌(구),,15,U+92B6
韝,구,구 : 깍지(구) 팔찌(구),,19,U+97DD
韭,구,구 : 부추(구),,9,U+97ED
颶,구,구 : 구풍(구),,17,U+98B6
駒,구,구 : 망아지(구),,15,U+99D2
驅,구,구 : 몰(구) 쫓을(구) 앞잡이(구),영,21,U+9A45
鬮,구,구 : 제비(구),,26,U+9B2E
鳩,구,구 : 비둘기(구) 모을(구) 편안할(구),구 : 비둘기(구) 모 을(구) 편안할(구),13,U+9CE9
鷇,구,구 : 새새끼(구) 먹일(구),,21,U+9DC7
鷗,구,구 : 갈매기(구),,22,U+9DD7
鸜,구,구 : 구욕새(구),,29,U+9E1C
򠄫,구,구,,19,U+A012B
򠄬,구,구,,11,U+A012C
句,"구,귀","구,귀 : 구절(구/귀)",,5,U+53E5
龜,"구,귀,균","구,귀,균 : 거북(귀) 터질(구) 나라이름(균)","구,귀,균 : 거북(귀) 터질(구) 나라 이름(균)",16,U+9F9C
匊,국,국 : 움킬(국) 손바닥(국),,8,U+530A
国,국,국 : 國(나라(국))의 略字,국 : 國(나라(국)) 의 略字,8,U+56FD
國,국,국 : 나라(국),,11,U+570B
局,국,국 : 방(국) 굽힐(국),,7,U+5C40
挶,국,국 : 들것(국),,10,U+6336
掬,국,국 : 움킬(국) 손바닥(국),,11,U+63AC
梮,국,국 : 나막신(국) 가마(국),,11,U+68AE
椈,국,국 : 측백나무(국),,12,U+6908
淗,국,국 : 물결얼룩거릴(국),도,11,U+6DD7
菊,국,국 : 국화(국),,14,U+83CA
趜,국,국 : 궁구할(국),,15,U+8D9C
跼,국,국 : 구부릴(국),,14,U+8DFC
輂,국,국 : 마차(국) 들것(국),,13,U+8F02
鋦,국,국 : 철로동일(국),,15,U+92E6
陱,국,국 : 찰(국) 기를(국),도,11,U+9671
鞠,국,국 : 공(국) 궁궁이(국),국 : 공(국) 궁궁이 (국),17,U+97A0
鞫,국,국 : 국문할(국) 궁할(국),국 : 국문할(국) 궁 할(국),18,U+97AB
麯,국,국 : 누룩(국),,17,U+9EAF
麴,국,국 : 누룩(국) 술(국),,19,U+9EB4
𥮗,국,국,,14,U+25B97
򠄭,국,국,,14,U+A012D
君,군,군 : 임금(군),,7,U+541B
宭,군,군 : 모여살(군),,10,U+5BAD
捃,군,군 : 주울(군),,10,U+6343
攈,군,군 : 주울(군) 취할(군),,19,U+6508
桾,군,군 : 고용나무(군),,11,U+687E
涒,군,군 : 도포증날(군) 물굽이쳐흐를(군),"균,람",10,U+6D92
珺,군,군 : 옥이름(군),,11,U+73FA
皸,군,군 : 터질(군),,14,U+76B8
窘,군,군 : 군색할(군),,12,U+7A98
群,군,군 : 무리(군) 많을(군),군 : 무리(군) 많을 (군),13,U+7FA4
裙,군,군 : 치마(군),,13,U+88D9
軍,군,군 : 군사(군),,9,U+8ECD
郡,군,군 : 고을(군),,10,U+90E1
倔,굴,굴 : 굳셀(굴),,10,U+5014
堀,굴,굴 : 굴(굴) 팔(굴),,11,U+5800
屈,굴,굴 : 굽을(굴),,8,U+5C48
崛,굴,굴 : 우뚝솟을(굴),,11,U+5D1B
掘,굴,굴 : 팔(굴),굴 : 팔(굴) 뚫을(궐),11,U+6398
淈,굴,굴 : 흐릴(굴)  흐리게할(굴),훌,11,U+6DC8
窟,굴,굴 : 움(굴) 굴(굴),,13,U+7A9F
詘,굴,굴 : 말막힐(굴) 기뻐할(굴) 굽을(굴),출,12,U+8A58
泏,"굴,출","굴,출 : 물솟을(출)",,8,U+6CCF
宮,궁,궁 : 대궐(궁),,10,U+5BAE
弓,궁,궁 : 활(궁),내,3,U+5F13
穹,궁,궁 : 하늘(궁),,8,U+7A79
窮,궁,궁 : 궁구할(궁) 다할(궁),궁 : 궁구할(궁) 다 할(궁),15,U+7AAE
芎,궁,궁 : 궁궁이(궁),,9,U+828E
躬,궁,궁 : 몸(궁),,10,U+8EAC
躳,궁,궁 : 몸(궁),,14,U+8EB3
򠄮,궁,궁,,9,U+A012E
倦,권,권 : 고달플(권),,10,U+5026
券,권,권 : 엄쪽(권),,8,U+5238
劵,권,권 : 게으를(권),승,8,U+52B5
勌,권,권 : 고달플(권),,10,U+52CC
勸,권,권 : 권할(권),근,19,U+52F8
卷,권,권 : 두루마리(권),,8,U+5377
圈,권,권 : 둘레(권),,11,U+5708
婘,권,권 : 어여쁠(권) 집은붙이(권),,11,U+5A58
惓,권,권 : 정성스러울(권)  삼갈(권),,11,U+60D3
拳,권,권 : 주먹(권),,10,U+62F3
捲,권,권 : 말(권),,11,U+6372
棬,권,권 : 나무그릇(권),,12,U+68EC
権,권,권,,15,U+6A29
權,권,권 : 권세(권) 저울추(권),관,22,U+6B0A
淃,권,권 : 물돌아흐를(권),,11,U+6DC3
眷,권,권 : 돌아볼(권),,11,U+7737
睠,권,권 : 살필(권),,13,U+7760
綣,권,권 : 정다울(권),,14,U+7DA3
蜷,권,권 : 굽을(권),,14,U+8737
錈,권,권 : 쇠말릴(권),,16,U+9308
򠄯,권,권,,22,U+A012F
򠄰,권,권,,20,U+A0130
厥,궐,궐 : 그(궐),굴,12,U+53A5
獗,궐,궐 : 날뛸(궐),,15,U+7357
蕨,궐,궐 : 고사리(궐),,18,U+8568
蹶,궐,궐 : 넘어질(궐),궤 : 뛰어일어날(궤),19,U+8E76
闕,궐,궐 : 대궐(궐) 궐할(궐) 뚫을(궐),궐 : 대궐(궐) 궐할 (궐) 뚫을(궐),18,U+95D5
򠄱,궐,궐,,18,U+A0131
佹,궤,궤 : 포갤(궤) 어길(궤),,8,U+4F79
几,궤,궤 : 안석 (궤) 책상(궤),"기,수,인",2,U+51E0
劂,궤,궤,궐 : 새길(궐),14,U+5282
匱,궤,궤 : 다할(궤),,14,U+5331
憒,궤,궤 : 심란할(궤),귀,15,U+6192
撅,궤,궤 : 걷을(궤),궐 : 꺽을(궐)  칠(궐),15,U+6485
机,궤,궤 : 궤나무(궤),"구,기,범",6,U+673A
樻,궤,궤 : 가마데나무(궤) 영수목(궤),귀,16,U+6A3B
櫃,궤,궤 : 궤(궤),,18,U+6AC3
氿,궤,궤 : 구멍샘(궤)  물가(궤),구,5,U+6C3F
潰,궤,궤 : 무너질(궤),귀,15,U+6F70
簋,궤,궤 : 궤(궤),,17,U+7C0B
繢,궤,궤,"귀,회,희 : 그림(회) 수놓을(회)",18,U+7E62
詭,궤,궤 : 책할(궤) 괴이할(궤) 속일(궤),궤 : 책할(궤) 괴이 할(궤) 속일(궤),13,U+8A6D
跪,궤,궤 : 끓어앉을(궤),,13,U+8DEA
軌,궤,궤 : 바퀴사이(궤) 법(궤) 쫓을(궤),궤 : 바퀴사이(궤)  법(궤) 쫓을(궤),9,U+8ECC
鐀,궤,궤 : 궤(궤),"경,귀",20,U+9400
闠,궤,궤 : 저자문(궤),"괴,회,희",20,U+95E0
餽,궤,궤 : 보낼(궤),,19,U+993D
饋,궤,궤 : 진지올릴(궤) 선사할(궤),귀,21,U+994B
麂,궤,궤 : 노루(궤),,13,U+9E82
攱,"궤,기","궤,기",괴 : 버틸(괴) 벨(괴),9,U+6531
䤥,귀,귀,"궤,의",14,U+4925
撌,귀,귀 : 당길(귀),,15,U+648C
晷,귀,귀 : 햇빛(귀) 해그림자(귀),구 : 햇빛(궤/귀/구)   해그림자(궤/귀/구),12,U+6677
歸,귀,귀 : 돌아갈(귀),,18,U+6B78
貴,귀,귀 : 귀할(귀),,12,U+8CB4
鬼,귀,귀 : 귀신(귀),,10,U+9B3C
򠉒,"귀,균,구","귀,균,구",,16,U+A0252
䲅,규,규,,22,U+4C85
刲,규,규 : 벨(규),,8,U+5232
叫,규,규 : 부르짖을(규),,5,U+53EB
圭,규,규 : 홀(규) 용량단위(규) 모(규),규 : 홀(규) 용량단 위(규) 모(규),6,U+572D
奎,규,규 : 별이름(규),,9,U+594E
嫢,규,규 : 그림쇠(규) 법(규),규 : 그림쇠(규) 법 (규),14,U+5AE2
嬀,규,규 : 성(규)  땅이름(규),"교,기,위,조",15,U+5B00
巋,규,규 : 우뚝설(규),귀 : 우뚝설(귀),20,U+5DCB
揆,규,규 : 헤아릴(규),계,12,U+63C6
暌,규,규 : 어길(규),계,13,U+668C
楏,규,규 : 호미자루(규),계,13,U+694F
楑,규,규 : 방망이(규),계,13,U+6951
槻,규,규 : 물푸레나무(규),,15,U+69FB
樛,규,규 : 늘어져휠(규),교,15,U+6A1B
湀,규,규 : 샘날(규),"계,기",12,U+6E40
潙,규,규 : 물이름(규),위 : 물이름(위),15,U+6F59
煃,규,규: 불꽃(규),,13,U+7143
珪,규,규 : 홀(규),"각,계",10,U+73EA
睽,규,규 : 부릅뜰(규),,14,U+777D
硅,규,규 : 규소(규),"계,획",11,U+7845
窺,규,규 : 엿볼(규),,16,U+7ABA
竅,규,규 : 구멍(규),,18,U+7AC5
糺,규,규 : 얽힐(규),유,7,U+7CFA
糾,규,규 : 규명할(규) 꼴(규) 모을(규) 얽힐(규),규 : 규명할(규) 꼴 (규) 모을(규)  얽힐(규) 삿갓가뜬 할(교),8,U+7CFE
茥,규,규: 딸기(규),,12,U+8325
葵,규,규 : 해바라기(규),계,15,U+8475
虯,규,규 : 규룡(규),,8,U+866F
規,규,규 : 법규(규) 그림쇠(규) 꾀(규) 바로잡을(규),현,11,U+898F
赳,규,규 : 헌걸찰(규) 굳셀(규),기,9,U+8D73
跬,규,규 : 반걸음(규),,13,U+8DEC
逵,규,규 : 한길(규),서,12,U+9035
邽,규,규 : 땅이름(규),,9,U+90BD
鄈,규,규 : 땅이름(규),,12,U+9108
閨,규,규 : 협문(규) 도장(규) 규수(규),규 : 협문(규) 도장 (규) 규수(규),14,U+95A8
闚,규,규 : 엿볼(규),,19,U+95DA
頍,규,규 : 고깔비녀(규)  머리틀(규),,13,U+980D
馗,규,규 : 거리(규),"구,기 : 거리(구)",11,U+9997
騤,규,규 : 건장할(규),,19,U+9A24
򠄲,규,규,,15,U+A0132
򠊸,규,규: 딸기(규),,9,U+A02B8
囷,균,균 : 곳집(균),,8,U+56F7
畇,균,균 : 밭넓을(균),"순,윤 : 밭넓을(윤/균)",9,U+7547
筠,균,균 : 대(균),,13,U+7B60
菌,균,균 : 버섯(균),,14,U+83CC
袀,균,균 : 군복(균) 순절할(균),,10,U+8880
覠,균,균: 크게볼(균) 사람의이름(균),군,14,U+89A0
鈞,균,균 : 서른근(균) 녹로(균) 고를(균),균 : 서른근(균) 녹 로(균) 고를(균),12,U+921E
麏,균,균 : 고라니(균),군,18,U+9E8F
򠄳,균,균,,14,U+A0133
均,"균,연","균,연: 고를(균) 따를(연)",연: 따를(연) 운(운),7,U+5747
勻,"균,윤","균,윤 : 고를(균,윤)",,4,U+52FB
匀,"균,윤","균,윤 : 고를(균) 가지런할(윤)",,4,U+5300
橘,귤,귤 : 귤나무(귤) 귤(귤),귤 : 귤나무(귤) 귤 (귤),16,U+6A58
亟,극,극 : 빠를(극),기 : 자주(기),8,U+4E9F
克,극,극 : 능할(극) 이길(극) 그램(극),긍,7,U+514B
剋,극,극 : 이길(극) 급할(극),극 : 이길(극) 급할 (극),9,U+524B
劇,극,극 : 연극(극) 심할(극),극 : 연극(극) 심할 (극),15,U+5287
尅,극,극 : 이길(극),,10,U+5C05
屐,극,극 : 나막신(극),,10,U+5C50
戟,극,극 : 미늘(극) 찌를(극),극 : 미늘(극) 찌를 (극),12,U+621F
棘,극,극 : 멧대추나무(극),,12,U+68D8
極,극,극 : 극(극) 용마루(극),극 : 극(극) 용마루 (극),13,U+6975
郄,극,극 : 성(극) 틈(극),,9,U+90C4
隙,극,극 : 틈(극),,13,U+9699
㭲,"극,급","극,급","겁,유",11,U+3B72
伒,근,근 : 서로(근),기,6,U+4F12
僅,근,근 : 겨우(근) 거의(근),근 : 겨우(근) 거의 (근),13,U+50C5
劤,근,근 : 힘많을(근) 강할(근),"경,연",6,U+52A4
勤,근,근 : 부지런할(근) 은근할(근),근 : 부지런할(근)  은근할(근),13,U+52E4
堇,근,근 : 제비꽃(근),,11,U+5807
墐,근,근 : 매흙질할(근) 묻을(근),근 : 매흙질할(근)  묻을(근),14,U+5890
嫤,근,근 : 고울(근),표,14,U+5AE4
巹,근,근 : 합환주잔(근),,9,U+5DF9
廑,근,근 : 부지런할(근)  겨우(근),,14,U+5ED1
慬,근,근 : 근심할(근),,14,U+616C
懃,근,근 : 은근할(근),,16,U+61C3
斤,근,근 : 근(근),,4,U+65A4
根,근,근 : 뿌리(근),은,10,U+6839
槿,근,근 : 무궁화나무(근),한,15,U+69FF
漌,근,근 : 맑을(근),,14,U+6F0C
瑾,근,근 : 옥(근),,15,U+747E
筋,근,근 : 힘줄(근),건,12,U+7B4B
芹,근,근 : 미나리(근),친,10,U+82B9
菫,근,근 : 제비꽃(근),,14,U+83EB
覲,근,근 : 뵐(근) 겨우(근),,18,U+89B2
觔,근,근 : 힘줄(근) 열냥쭝(근),,9,U+89D4
謹,근,근 : 삼갈(근) 금할(근),근 : 삼갈(근) 금할 (근),18,U+8B39
跟,근,근 : 발꿈치(근) 뒤따를(근),,13,U+8DDF
近,근,근 : 가까울(근),,8,U+8FD1
釿,근,근 : 자귀(근),"류,흔",12,U+91FF
靳,근,근 : 가슴걸이(근)  아낄(근),,13,U+9773
饉,근,근 : 흉년들(근),,20,U+9949
򠄴,근,근,,14,U+A0134
򠄵,근,근,,10,U+A0135
㔕,글,글,,6,U+3515
今,금,금 : 이제(금),,4,U+4ECA
唫,금,금 : 말더듬을(금),,11,U+552B
噤,금,금 : 입다물(금),,16,U+5664
妗,금,금 : 외숙모(금),"령,영",7,U+5997
嶔,금,금 : 우뚝솟을(금),,15,U+5D94
庈,금,금 : 사람의이름(금),영,7,U+5E88
惍,금,금 : 이할(금),,11,U+60CD
擒,금,금 : 사로잡을(금),,16,U+64D2
昑,금,금 : 밝을(금),"영,진",8,U+6611
檎,금,금 : 능금나무(금),,17,U+6A8E
琴,금,금 : 거문고(금),,12,U+7434
禁,금,금 : 금할(금) 금령(금),림,13,U+7981
禽,금,금 : 짐승(금) 날짐승(금),"논,리",13,U+79BD
笒,금,금 : 침대(금),잠 ,10,U+7B12
耹,금,금 : 소리(금) 땅이름(금),,10,U+8039
芩,금,금 : 풀이름(금),,10,U+82A9
衾,금,금 : 이불(금),,10,U+887E
衿,금,금 : 옷깃(금),,10,U+887F
襟,금,금 : 깃(금) 마음(금) 동서(금),,19,U+895F
錦,금,금 : 비단(금),은,16,U+9326
黅,금,금 : 누른빛(금),,16,U+9EC5
򠄶,금,금,,10,U+A0136
仱,"금,긍","금,긍 : 클(긍) 삼갈(긍)","검,영",6,U+4EF1
金,"금,김","금,김 : 쇠(금) 금(금) 성(김)","금,김 : 쇠(금) 금 (금) 성(김)",8,U+91D1
肣,"금,함","금,함 : 겨둘(금) 혀(함) 쇠고기포(함)","령,영 ",8,U+80A3
伋,급,급 : 생각할(급) 거짓(급),,6,U+4F0B
及,급,급 : 미칠(급) 더불(급),급 : 미칠(급) 더불 (급),4,U+53CA
圾,급,급 : 바드러(급),,7,U+573E
岌,급,급 : 높은산(급),,7,U+5C8C
急,급,급 : 급할(급),,9,U+6025
扱,급,급 : 걷어가질(급),"삽,흡  : 거둘(삽)",7,U+6271
汲,급,급 : 길을(급) 당길(급),급 : 길을(급) 당길 (급),7,U+6C72
皀,급,급 : 고소할(급) 낟알(급),"핍,흡",7,U+7680
礏,급,급 : 산우뚝솟을(급),"압,업",18,U+790F
笈,급,급 : 책상자(급),,10,U+7B08
級,급,급 : 층(급) 모가지(급) 수급(급),급 : 층(급) 모가지 (급) 수급(급),10,U+7D1A
給,급,급 : 줄(급),,12,U+7D66
芨,급,급 : 대왕풀(급),,10,U+82A8
亙,긍,긍 : 건널(긍),,6,U+4E99
兢,긍,긍 : 조심할(긍),"경,극",14,U+5162
殑,긍,긍 : 귀실나올(긍)  죽으려할(긍),,11,U+6B91
矜,긍,긍 : 불쌍히여길(긍),금,9,U+77DC
肯,긍,긍 : 즐거이할(긍) 뼈에붙은살(긍),긍 : 즐거이할(긍)  뼈에붙은살(긍),8,U+80AF
亘,"긍,선","긍,선 : 뻗칠(긍) 베풀(선)","극,금,원,항,호,환 : 굳셀(환)",6,U+4E98
㠌,기,기,,15,U+380C
㠱,기,기,,11,U+3831
㼄,기,기,,19,U+3F04
丌,기,기 : 받침대(기) 성(기),,3,U+4E0C
企,기,기 : 발돋움할(기) 도모할(기),기 : 발돋움할(기)  도모할(기),6,U+4F01
伎,기,기 : 재주(기),지,6,U+4F0E
倛,기,기 : 방상탈(기) 귀신쫓는탈(기),,10,U+501B
僛,기,기 : 취하여춤추는모양 (기),,14,U+50DB
其,기,기 : 그(기) 어조사(기),기 : 그(기) 어조사 (기),8,U+5176
冀,기,기 : 바랄(기),"이,익",16,U+5180
剘,기,기 : 이길(기),,10,U+5258
剞,기,기 : 새김칼(기),,10,U+525E
嗜,기,기 : 즐길(기),,13,U+55DC
器,기,기 : 그릇(기),,16,U+5668
基,기,기 : 터(기),,11,U+57FA
埼,기,기 : 갑(기),,11,U+57FC
墍,기,기 : 맥질할(기)  취할(기) 쉴(기),희,14,U+588D
夔,기,기 : 짐승이름(기),,21,U+5914
奇,기,기 : 기이할(기) 짝(기) 심히(기),기 : 기이할(기) 짝 (기) 심히(기),8,U+5947
妓,기,기 : 기생(기),지,7,U+5993
婍,기,기 : 고울(기),아,11,U+5A4D
寄,기,기 : 부칠(기),,11,U+5BC4
屺,기,기 : 민둥산(기),,6,U+5C7A
岐,기,기 : 산이름(기),지,7,U+5C90
崎,기,기 : 험할(기),,11,U+5D0E
己,기,기 : 몸(기),,3,U+5DF1
幾,기,기 : 얼마(기) 거의(기),기 : 얼마(기) 거의 (기),12,U+5E7E
庋,기,기 : 찬장(기),,7,U+5E8B
弃,기,기 : 버릴(기),혁,7,U+5F03
忌,기,기 : 시기할(기),,7,U+5FCC
忮,기,기 : 해칠(기)  거스를(기),지,7,U+5FEE
愭,기,기 : 공손할(기) 두려울(기),,13,U+612D
技,기,기 : 재주(기),지,7,U+6280
掎,기,기 : 당길(기),"아,의",11,U+638E
掑,기,기 : 단단히잡을(기),,11,U+6391
攲,기,기 : 기울어질(기),,12,U+6532
旂,기,기 : 기(기),아,10,U+65C2
旗,기,기 : 기(기) 표(기),,14,U+65D7
旣,기,기 : 이미(기) 다할(기),개,11,U+65E3
暣,기,기 : 볕기운(기),,14,U+66A3
曁,기,기 : 및(기) 굳셀(기),,16,U+66C1
朞,기,기 : 돌(기),,12,U+671E
期,기,기 : 때(기) 돌(기),,12,U+671F
杞,기,기 : 소태나무(기),비,7,U+675E
棄,기,기 : 버릴(기),,12,U+68C4
棊,기,기 : 바둑(기) 말(기),,12,U+68CA
棋,기,기 : 바둑(기) 말(기),,12,U+68CB
榿,기,기 : 나무이름(기),귀,14,U+69BF
機,기,기 : 틀(기),,16,U+6A5F
欺,기,기 : 속일(기),,12,U+6B3A
歧,기,기 : 갈림길(기),,8,U+6B67
气,기,기 : 기운(기),,4,U+6C14
氣,기,기 : 공기(기) 숨(기) 기운(기),,10,U+6C23
汽,기,기 : 김(기),흘,7,U+6C7D
沂,기,기 : 물이름(기),"근,사,소,은,의,지",7,U+6C82
淇,기,기 : 물이름(기),,11,U+6DC7
炁,기,기 : 기운(기),"렬,희",8,U+7081
猉,기,기 : 강아지(기),,11,U+7309
玘,기,기 : 패옥(기) 노리개(기),비,7,U+7398
琦,기,기 : 옥(기) 기이할(기),기 : 옥(기) 기이할 (기),12,U+7426
琪,기,기 : 옥(기),,12,U+742A
璂,기,기 : 고깔꾸미개(기),,15,U+7482
璣,기,기 : 구슬(기) 선기(기),기 : 구슬(기) 선기 (기),16,U+74A3
畸,기,기 : 뙈기밭(기) 나머지(기),기 : 뙈기밭(기) 나 머지(기),13,U+7578
畿,기,기 : 경기(기),,15,U+757F
碁,기,기 : 바둑(기),,13,U+7881
磯,기,기 : 물가(기),,17,U+78EF
祁,기,기 : 성할(기),,8,U+7941
祈,기,기 : 빌(기),,9,U+7948
祺,기,기 : 복(기) 편안할(기),기 : 복(기) 편안할 (기),13,U+797A
禥,기,기,,16,U+79A5
禨,기,기 : 상서(기),,17,U+79A8
稘,기,기 : 콩대(기) 일주년(기),기 : 콩대(기) 일주 년(기),13,U+7A18
箕,기,기 : 키(기) 쓰레받기(기),연,14,U+7B95
簊,기,기 : 대나무(기),,17,U+7C0A
紀,기,기 : 실마리(기) 법(기) 적을(기) 의해(기),기 : 실마리(기) 법 (기) 적을(기)  의해(기),9,U+7D00
綥,기,기 : 비단쑥빛(기),,14,U+7DA5
綦,기,기 : 초록빛(기) 들메끈(기),,14,U+7DA6
綺,기,기 : 비단(기),,14,U+7DBA
羇,기,기 : 타관살이할(기),,22,U+7F87
羈,기,기 : 굴레(기),,24,U+7F88
耆,기,기 : 늙을(기) 늙은이(기),"노,놈,시,지",10,U+8006
耭,기,기 : 갈(기),,18,U+802D
肌,기,기 : 살가죽(기),,6,U+808C
肵,기,기 : 시동먹이먹는도마(기),순,8,U+80B5
芪,기,기 : 단너삼(기),,10,U+82AA
芰,기,기 : 마름(기),,10,U+82B0
萁,기,기 : 콩대(기),,14,U+8401
蘄,기,기 : 바랄(기),근 :  왜당귀(근),22,U+8604
虁,기,기 : 나물이름(기),,24,U+8641
蜝,기,기 : 방게(기),,14,U+871D
蟣,기,기 : 서캐(기),,18,U+87E3
覬,기,기 : 넘겨다볼(기),,17,U+89AC
記,기,기 : 기록(기),,10,U+8A18
諆,기,기 : 상의할(기),,15,U+8AC6
譏,기,기 : 나무랄(기) 기찰할(기),기 : 나무랄(기) 기 찰할(기),19,U+8B4F
起,기,기 : 일어설(기) 일어날(기),기 : 일어설(기) 일 어날(기),10,U+8D77
跂,기,기 : 육발(기) 발돋움할(기),,11,U+8DC2
錡,기,기 : 가마솥(기),의 : 끌(의),16,U+9321
錤,기,기 : 큰호미(기),홍,16,U+9324
隑,기,기 : 사닥다리(기),개 : 기댈(개),13,U+9691
頎,기,기 : 헌걸찰(기) 가엾을(간),,13,U+980E
飢,기,기 : 주릴(기) 흉년들(기),기 : 주릴(기) 흉년 들(기),11,U+98E2
饑,기,기 : 흉년들(기) 굶주릴(기),기 : 흉년들(기) 굶 주릴(기),21,U+9951
騎,기,기 : 말탈(기),,18,U+9A0E
騏,기,기 : 준마(기) 검푸른말(기),기 : 준마(기) 검푸 른말(기),18,U+9A0F
驥,기,기 : 천리마(기),,27,U+9A65
鬐,기,기 : 갈기(기),,20,U+9B10
鰭,기,기 : 고기지느러미(기),,21,U+9C2D
麒,기,기 : 기린(기),인,19,U+9E92
򠄇,기,기,,8,U+A0107
򠉳,기,기 : 땅귀신(기),기,9,U+A0273
󳑴,기,기,,13,U+F3474
󳒵,기,기,"남,조,해",9,U+F34B5
圻,"기,은","기,은 : 서울지경(기) 지경(은)","근,석,언,정,지,택,흔",7,U+573B
忯,"기,지","기,지: 공경할(기) 사랑할(기) 믿을(지)",,7,U+5FEF
祇,"기,지","기,지 : 땅귀신(기/지)",,9,U+7947
緊,긴,긴 : 팽팽할(긴) 굳을(긴),"계,현",14,U+7DCA
佶,길,길 : 바를(길),,8,U+4F76
吉,길,길 : 길할(길),,6,U+5409
咭,길,길 : 웃음소리(길),,9,U+54AD
姞,길,길 : 성(길),,9,U+59DE
拮,길,길 : 일할(길),결,9,U+62EE
桔,길,길 : 도라지(길),결,10,U+6854
蛣,길,길 : 말똥구(길),,12,U+86E3
趌,길,길 : 성내고달아날(길),,13,U+8D8C
喫,끽,끽 : 먹을(끽) 마실(끽),끽 : 먹을(끽) 마실 (끽),12,U+55AB
䏧,나,나,"다,라,아,제,치 ,한",10,U+43E7
䛔,나,나,"내,라,하",13,U+46D4
儺,나,나 : 구나(나),난,21,U+513A
哪,나,나 : 어찌(나) 어느(나),,10,U+54EA
娜,나,나 : 아리따울(나) 휘청휘청할(나),라,10,U+5A1C
懦,나,나 : 겁쟁이(나),"라,연,유  : 나약할(유)",17,U+61E6
拿,나,나 : 잡을(나),"라,장",10,U+62FF
挐,나,나 : 맞당길(나),"녀,라,아,지",10,U+6310
挪,나,나 : 옮길(나),,10,U+632A
梛,나,나 : 나무이름(나),,11,U+689B
橠,나,나 : 나무무성할(나),,16,U+6A60
稬,나,나 : 찰벼(나),,14,U+7A2C
糯,나,나 : 찰벼(나),"단,유",20,U+7CEF
那,나,나 : 저(나),"라,아 : 저(나)",7,U+90A3
𡖔,나,나,,10,U+21594
𣃽,나,나,라,12,U+230FD
򠉴,나,나,,16,U+A0274
奈,"나,내","나,내 : 어찌나(나) 어찌나(내)","난,다,아,진",8,U+5948
柰,"나,내","나,내 : 능금나무(나/내)","래,리,윤",9,U+67F0
倮,"나,라","나,라 : 발가벗을(라)",과 : 발가벗을(과),10,U+502E
儸,"나,라","나,라: 간사성있을(라) 재치있게 일 처리할(라)",,21,U+5138
剆,"나,라","나,라 : 칠(나/라)","나,아",8,U+5246
喇,"나,라","나,라 : 나팔(나/라)","나,라 : 나팔(라/나)",12,U+5587
囉,"나,라","나,라 : 소리섞일(라)",,22,U+56C9
懶,"나,라","나,라 : 게으를(나/라)","나,란,뢰,승 : 게으를(라/나)",19,U+61F6
拏,"나,라","나,라 : 잡을(라)","녀,여 : 끌(여)",9,U+62CF
摞,"나,라","나,라 : 쌓을(나/라)",라 : 쌓을(라),14,U+645E
曪,"나,라","나,라 : 날흐릴(라)",,23,U+66EA
瘰,"나,라","나,라 : 연주창(라)",,16,U+7630
癩,"나,라","나,라 : 문둥병(나/라)",나 : 문둥병(라/나),21,U+7669
砢,"나,라","나,라: 돌쌓일(나,라)",가,10,U+7822
羅,"나,라","나,라 : 새그물(나/라)",나 : 새그물(라/나),19,U+7F85
腡,"나,라","나,라 : 손가락끝(라)","과,다,연",13,U+8161
臝,"나,라","나,라: 벌거벗을(라)",,21,U+81DD
蓏,"나,라","나,라 : 풀열매(라)",나,16,U+84CF
蘿,"나,라","나,라 : 무(나/라) 미나리(나/라)",나 : 미나리(라/나),25,U+863F
螺,"나,라","나,라 : 소라(나/라)","나,리 : 소라(라/나)",17,U+87BA
裸,"나,라","나,라 : 벌거벗을(나/라)",나 : 벌거벗을(라/나),14,U+88F8
覶,"나,라","나,라 : 차례(나/라) 곡진할(나/라) 자세히볼(나/라) 좋게볼(나/라)",라 : 차례(라) 곡진 할(라) 자세히볼(라) 좋게볼(라),19,U+89B6
邏,"나,라","나,라 : 순행할(나/라)",나 : 순행할(라/나),23,U+908F
鑼,"나,라","나,라: 징(라)",,27,U+947C
騾,"나,라","나,라 : 노새(라)",로,21,U+9A3E
驘,"나,라","나,라 : 노새(라)",,23,U+9A58
򠄿,"나,라","나,라",라,25,U+A013F
誽,"나,예","나,예 : 떠볼(나) 탐색할(예)",아,15,U+8ABD
諾,낙,낙 : 대답할(낙) 허락(낙),"약,락 : 대답할(락) 허락(락)",16,U+8AFE
򠄷,낙,낙,락,16,U+A0137
嗠,"낙,락","낙,락 : 소젖(낙/락)",,13,U+55E0
洛,"낙,락","낙,락 : 낙수(낙/락)",낙 : 낙수(락/낙),9,U+6D1B
烙,"낙,락","낙,락 : 지질(낙/락)",낙 : 지질(락/낙),10,U+70D9
犖,"낙,락","낙,락 : 얼룩소(락)",영,14,U+7296
珞,"낙,락","낙,락 : 구슬목걸이(낙/락)","각,낙,명 : 구슬목걸이(락/낙)",10,U+73DE
絡,"낙,락","낙,락 : 연락(락) 맥(낙/락)","경,낙,명,종",12,U+7D61
落,"낙,락","낙,락 : 떨어질(낙/락)",낙 : 떨어질(락/낙),15,U+843D
酪,"낙,락","낙,락 : 타락(낙/락) 과즙(낙/락)",낙 : 과즙(락/낙),13,U+916A
駱,"낙,락","낙,락 : 낙타(낙/락) 가리온(낙/락)",낙,16,U+99F1
򠅀,"낙,락","낙,락",락,15,U+A0140
樂,"낙,락,악,요","낙,락,악,요 : 즐길락(낙/락) 풍류(악) 좋아할(요)",낙 : 즐길락(낙),15,U+6A02
偄,난,난 : 연약할(난),란 : 연약할(란),11,U+5044
愞,난,난 : 약할(난),"나,란,연 : 약할(연)  겁낼(나)",12,U+611E
暖,난,난 : 따뜻할(난),"란,완,원,준,환 ,훤",13,U+6696
煖,난,난 : 따뜻할(난),"관,란,완,원 : 따뜻할(난/훤)",13,U+7156
赧,난,난 : 붉힐(난),,11,U+8D67
難,난,난 : 어려울(난) 재앙(난),"나,라,란, : 어려울(란) 재앙(란)",19,U+96E3
餪,난,난 : 풀보기잔치(난)  음식보낼(난),,18,U+992A
丹,"난,단,란","난,단,란 : 주사(단) 붉을(단) 꽃이름(란(한국음))",난,4,U+4E39
亂,"난,란","난,란 : 어지러울((난/란)",난 : 어지러울(란/난),13,U+4E82
卵,"난,란","난,란 : 알((난/란)",난 : 알(란/난),7,U+5375
嬾,"난,란","난,란 : 게으를(란)",,19,U+5B3E
幱,"난,란","난,란 : 내리닫이옷(란)",,20,U+5E71
攔,"난,란","난,란 : 막을(란)",연,20,U+6514
欄,"난,란","난,란 : 난간(난/란)",난 : 난간(란/난),21,U+6B04
欒,"난,란","난,란 : 모감주나무((난/란)","난,련,연",23,U+6B12
欗,"난,란","난,란",,25,U+6B17
瀾,"난,란","난,란 : 물결((난/란)","난,한",20,U+703E
灓,"난,란","난,란 : 물비껴건널(란) 스며흐를(란)",연,23,U+7053
灡,"난,란","난,란 : 뜨물(란)",,24,U+7061
爛,"난,란","난,란 : 문드러질((난/란)",난 : 문드러질(란/난),21,U+721B
瓓,"난,란","난,란 : 옥무늬((난/란)",난 : 옥무늬(난/란),21,U+74D3
蘭,"난,란","난,란 : 난초((난/란)","난,주 : 난초(란/난)",23,U+862D
襴,"난,란","난,란 : 내리닫이옷(란)",,23,U+8974
鑾,"난,란","난,란: 방울(란)",,27,U+947E
闌,"난,란","난,란 : 막을(란) 난간(란) 늦을(란) 한창(란)  드물(란) 함부로(란)",문,17,U+95CC
鸞,"난,란","난,란 : 난새((난/란)","난,남,만",30,U+9E1E
򠅁,"난,란","난,란 : 난초(난/란)",,23,U+A0141
䜌,"난,란,련,연","난,란,련,연",,19,U+470C
捏,날,날 : 집을(날) 꾸밀(날),날 : 집을(날) 꾸밀 (날),10,U+634F
捺,날,날 : 누를(날),나,11,U+637A
剌,"날,라,랄","날,라,랄",나,9,U+524C
埒,"날,랄","날,랄 : 같을(랄)","나,열 : 같을(렬)",10,U+57D2
辢,"날,랄","날,랄 : 매울(랄)",,14,U+8FA2
辣,"날,랄","날,랄 : 매울(날/랄)",랄 : 매울(랄),14,U+8FA3
侽,남,남 : 男(사내(남))의 俗字,난,9,U+4FBD
南,남,남 : 남녘(남),,9,U+5357
喃,남,남 : 재재거릴(남),,12,U+5583
娚,남,남 : 말소리(남) 오라비(남)(한국한자),,10,U+5A1A
婻,남,남 : 몸퉁퉁할(남),,12,U+5A7B
揇,남,남 : 잡을(남),,12,U+63C7
暔,남,남 : 나라이름(남),,13,U+6694
枏,남,남 : 녹나무(남),염,8,U+678F
楠,남,남 : 녹나무(남),,13,U+6960
湳,남,남 : 물이름(남),,12,U+6E73
男,남,남 : 사내(남),,7,U+7537
諵,남,남 : 수다스러울(남),,16,U+8AF5
㛦,"남,람","남,람","남,란,림,보,임,주",11,U+36E6
婪,"남,람","남,람 : 탐할(람)","금,란,임",11,U+5A6A
嵐,"남,람","남,람 : 남기(남/람)",남 : 남기(람/남),12,U+5D50
惏,"남,람","남,람 : 탐할(람)",림 : 탐할(림),11,U+60CF
擥,"남,람","남,람 : 잡을(남/람)",남,18,U+64E5
攬,"남,람","남,람 : 잡을(남/람)",남,24,U+652C
欖,"남,람","남,람 : 감람나무(남/람)",남,25,U+6B16
漤,"남,람","남,람: 과실장아찌(람) 물방울(람) 즙낼(람)",,14,U+6F24
濫,"남,람","남,람 : 넘칠(남/람)","남,함 : 넘칠(람/남)",17,U+6FEB
灆,"남,람","남,람 : 물맑을(람)",,21,U+7046
灠,"남,람","남,람 : 샘용솟음칠(람) 물들일(람)",,24,U+7060
爁,"남,람","남,람: 불번질(람)",,18,U+7201
璼,"남,람","남,람: 흰옥(람)",납,18,U+74BC
籃,"남,람","남,람 : 바구니(남/람)",남,20,U+7C43
纜,"남,람","남,람 : 배닻줄(남/람)",남,27,U+7E9C
藍,"남,람","남,람 : 쪽(남/람)","감,남,염 : 쪽(람/남)",20,U+85CD
襤,"남,람","남,람 : 헌누더기(남/람)",남 : 헌누더기(람/남),20,U+8964
覽,"남,람","남,람 : 볼(남/람)",남,21,U+89BD
𢱯,"남,람","남,람",,14,U+22C6F
򠅂,"남,람","남,람",람,20,U+A0142
򠉧,"남,람","남,람",,39,U+A0267
納,납,납 : 받을(납) 바칠(납),내,10,U+7D0D
衲,납,납 : 기울(납),,10,U+8872
拉,"납,랍","납,랍 : 끌(납/랍) 꺾을(납/랍)","납,라 : 끌(랍)   꺾을(랍/납)",8,U+62C9
臘,"납,랍","납,랍 : 섣달(납/랍)",납 : 섣달(랍/납),19,U+81D8
蠟,"납,랍","납,랍 : 밀(납/랍)",납 : 밀(랍/납),21,U+881F
鑞,"납,랍","납,랍 : 땜납(랍)",,23,U+945E
囊,낭,낭 : 주머니(낭),랑,22,U+56CA
曩,낭,낭 : 접때(낭),,21,U+66E9
㢃,"낭,랑","낭,랑","람, 량, 양",10,U+3883
娘,"낭,랑","낭,랑 : 계집(낭/랑)","냥,람,량,양,언,차",10,U+5A18
廊,"낭,랑","낭,랑 : 곁채(낭/랑) 행랑(낭/랑)",낭 : 곁채(랑)   행랑(랑/낭),12,U+5ECA
朗,"낭,랑","낭,랑 : 밝을(낭/랑)",랑 : 밝을(랑/낭),10,U+6717
榔,"낭,랑","낭,랑: 빈랑나무(랑)",,13,U+6994
浪,"낭,랑","낭,랑 : 물결(낭/랑)","낭,량,양 : 물결(랑/낭)",10,U+6D6A
烺,"낭,랑","낭,랑 : 빛날(낭/랑)",랑 : 빛날(랑),11,U+70FA
狼,"낭,랑","낭,랑 : 이리(낭/랑)",낭 : 이리(랑/낭),10,U+72FC
琅,"낭,랑","낭,랑 : 옥돌(낭/랑)","낭,량,양,향 : 옥돌(랑)",11,U+7405
瑯,"낭,랑","낭,랑 : 옥돌(낭/랑)","경,낭,량 : 옥돌(랑)",14,U+746F
硠,"낭,랑","낭,랑 : 돌부딪치는소리(랑)","량,양 : 돌부딪치는소리(낭)",12,U+7860
稂,"낭,랑","낭,랑 : 가라지(랑)",양,12,U+7A02
莨,"낭,랑","낭,랑 : 풀이름(랑)",량,13,U+83A8
蜋,"낭,랑","낭,랑 : 사마귀(랑)",,13,U+870B
螂,"낭,랑","낭,랑 : 사마귀(낭/랑)",낭,15,U+8782
郎,"낭,랑","낭,랑 : 사내(랑) 낭군(랑) 벼슬이름(랑)",,9,U+90CE
郞,"낭,랑","낭,랑 : 사내(낭/랑)","낭,량 : 사내(랑/낭)",10,U+90DE
閬,"낭,랑","낭,랑 : 높을(랑)  불알(랑) 휑뎅그레할(랑)",양,15,U+95AC
駺,"낭,랑,량,양","낭,랑,량,양: 꼬리흰말(랑)",,17,U+99FA
乃,내,내 : 이에(내),래,2,U+4E43
內,내,내 : 안(내),나,4,U+5167
奶,내,내 : 젖(내),유,5,U+5976
嬭,내,내 : 젖(내),,17,U+5B2D
耐,내,내 : 견딜(내),내 : 견딜(내) 능할 (능),9,U+8010
迺,내,내 : 이에(내),,10,U+8FFA
鼐,내,내 : 가마솥(내),,15,U+9F10
來,"내,래","내,래 : 올(내/래)",내,8,U+4F86
崍,"내,래","내,래 : 산이름(내/래)",내,11,U+5D0D
徠,"내,래","내,래 : 올(내/래) 위로할(내/래)",내,11,U+5FA0
来,"내,래","내,래 : 올(내/래)",내 : 올(래/내),7,U+6765
淶,"내,래","내,래 : 물이름(래)",,11,U+6DF6
萊,"내,래","내,래 : 명아주(내/래)","내,섭,화",14,U+840A
騋,"내,래","내,래 : 키큰말(래)",,18,U+9A0B
𧼛,"내,래","내,래",래,15,U+27F1B
򠅃,"내,래","내,래",래,14,U+A0143
冷,"냉,랭","냉,랭 : 찰(냉/랭)","냉,령 : 찰(랭/냉)",7,U+51B7
女,"녀,여","녀,여 : 계집(녀/여)",여 : 너(여),3,U+5973
惄,"녁,역","녁,역 : 근심할(녁)",,12,U+60C4
年,"년,연","년,연 : 해 년(년/연)",연 : 해(년/연),6,U+5E74
撚,"년,연","년,연 : 꼴(년/연) 밟을(년/연)","연,천  : 밟을(년/연)",15,U+649A
碾,"년,연","년,연 : 매(년)  빻을(년)",전,15,U+78BE
秊,"년,연","년,연 : 해(년/연)(年의 고자)",연 : 해(년/연)(年의 고자),8,U+79CA
涅,"녈,열","녈,열 : 검은물들 일(녈/열)",날,10,U+6D85
念,"념,염","념,염 : 생각(념/염) 읽을(념/염)","늠,염  : 읽을(념/염)",8,U+5FF5
恬,"념,염","념,염 : 편안할(념/염) 조용할(념/염)","넘,늠,염,철,활",9,U+606C
拈,"념,염","념,염 : 집을(념/염) 꼴(념/염)","염,점 : 집을(점)",8,U+62C8
捻,"념,염","념,염 : 비틀(념/염)",염 : 꼴(염),11,U+637B
惗,"녑,엽","녑,엽","념, 염",11,U+60D7
佞,"녕,영","녕,영 : 재주있을(녕/영)",령,7,U+4F5E
儜,"녕,영","녕,영 : 고달플(녕)  떠들석할(녕)",,16,U+511C
嚀,"녕,영","녕,영 : 말많이할(녕)",,17,U+5680
寗,"녕,영","녕,영 : 寧(평안할(령/영))과 同字",영 : 寧(평안할(령))과 同字,13,U+5BD7
寧,"녕,영","녕,영 : 편안할(녕/영) 차라리(녕/영)",령 : 편안할(령) 차라리(령),14,U+5BE7
濘,"녕,영","녕,영 : 진창(녕)",,17,U+6FD8
獰,"녕,영","녕,영 : 모질(녕/영)",영 : 모질(녕/영),17,U+7370
甯,"녕,영","녕,영 : 편안할(녕/영)",용,12,U+752F
䛝,노,노,,14,U+46DD
努,노,노 : 힘쓸(노),로,7,U+52AA
呶,노,노 : 떠들썩할(노),,8,U+5476
奴,노,노 : 종(노) 놈(노),저,5,U+5974
孥,노,노 : 처자(노) 종(노),"나,니,라,아",8,U+5B65
峱,노,노 : 산이름(노),,10,U+5CF1
弩,노,노 : 쇠뇌(노),,8,U+5F29
怒,노,노 : 성낼(노) 기세(노),로 : 성낼(로) 기세(로),9,U+6012
猱,노,노 : 원숭이(노),,12,U+7331
瑙,노,노 : 마노(노),,13,U+7459
笯,노,노 : 새장(노),,11,U+7B2F
臑,노,노 : 팔(노) 앞다리(노),유,18,U+81D1
駑,노,노 : 둔할(노),,15,U+99D1
勞,"노,로","노,로 : 일할(노/로)",노 : 일할(로/노),12,U+52DE
嚧,"노,로","노,로 : 웃을(노/로)",,19,U+56A7
壚,"노,로","노,로 : 검은석비례(로)",,19,U+58DA
撈,"노,로","노,로 : 잡을(노/로)",노,15,U+6488
擄,"노,로","노,로 : 노략질할(노/로)",로 : 노략질할(로/노),16,U+64C4
櫓,"노,로","노,로 : 노(노/로) 망루(노/로)",노 : 망루(로/노),19,U+6AD3
櫨,"노,로","노,로: 거망옻나무(로)",,20,U+6AE8
滷,"노,로","노,로 : 짠땅(로)",,14,U+6EF7
潞,"노,로","노,로 : 땅이름(노/로) 강이름(노/로) 물이름(노/로)",,15,U+6F5E
澇,"노,로","노,로: 큰물결(로)",,15,U+6F87
瀘,"노,로","노,로 : 물이름(노/로)",노,19,U+7018
爐,"노,로","노,로 : 화로(노/로)",노 : 화로(로/노),20,U+7210
玈,"노,로","노,로 : 검은빛(로)",,11,U+7388
瓐,"노,로","노,로: 비취옥(로)",례,20,U+74D0
癆,"노,로","노,로 : 폐병(로)",,17,U+7646
盧,"노,로","노,로 : 검을(노/로)",노 : 검을(로/노),16,U+76E7
矑,"노,로","노,로 : 눈동자(노/로)  볼(노/로)",,21,U+77D1
窂,"노,로","노,로 : 짐승우리(로) 굳을(로)",뢰,9,U+7A82
老,"노,로","노,로 : 늙을(노/로) 어른(노/로) 익숙할(노/로)",노 : 늙을(로/노),6,U+8001
艪,"노,로","노,로 : 배(로)",,21,U+826A
艫,"노,로","노,로 : 이물(로)",,22,U+826B
蕗,"노,로","노,로: 물감나무(로) 감초(로)",,18,U+8557
蘆,"노,로","노,로 : 갈대(노/로)",노 : 갈대(로/노/려),22,U+8606
虜,"노,로","노,로 : 사로잡을(노/로)",노 : 사로잡을(로/노),10,U+865C
路,"노,로","노,로 : 길(노/로)",노,13,U+8DEF
輅,"노,로","노,로 : 수레(노/로)","각,낙,노,락 : 끝(락)",13,U+8F05
轤,"노,로","노,로 : 두레박틀(로)",,23,U+8F64
鐪,"노,로","노,로 : 부레도가니(로) 칼자루(로)",록,21,U+942A
鑪,"노,로","노,로 : 화로(로) 목로(로)","례,록",24,U+946A
露,"노,로","노,로 : 이슬(노/로)",노 : 이슬(로/노),20,U+9732
顱,"노,로","노,로 :  머리(로)",록,25,U+9871
髗,"노,로","노,로 : 해골(로) 천령개(로)",,26,U+9AD7
魯,"노,로","노,로 : 둔할(노/로) 노나라(노/로) 성(노/로)",노,15,U+9B6F
鱸,"노,로","노,로 : 농어(로)",록,27,U+9C78
鷺,"노,로","노,로 : 백로(노/로)",노,23,U+9DFA
鸕,"노,로","노,로 : 가마우지(로)",록,27,U+9E15
鹵,"노,로","노,로 : 염밭(노/로)",노,11,U+9E75
򠅆,"노,로","노,로",로,22,U+A0146
򠉱,"노,로","노,로",,15,U+A0271
򠋑,"노,로","노,로 : 물감나무(노/로) 감초(로)",,16,U+A02D1
潦,"노,로,료,요","노,로,료,요: 큰비(료) 길바닥물(료)",호,15,U+6F66
彔,"녹,록","녹,록 : 나무깍을(녹/록) 근본(녹/록)",녹,8,U+5F54
淥,"녹,록","녹,록 : 물맑을(록)",,11,U+6DE5
漉,"녹,록","녹,록 : 거를(록)",,14,U+6F09
碌,"녹,록","녹,록 : 용렬할(녹/록) 돌태(류/유)",녹 : 용렬할(록/녹),13,U+788C
祿,"녹,록","녹,록 : 복(녹/록)",녹,13,U+797F
簏,"녹,록","녹,록 : 상자(록)",,17,U+7C0F
綠,"녹,록","녹,록 : 초록(녹/록)","녹,연",14,U+7DA0
菉,"녹,록","녹,록 : 조개풀(녹/록)",녹 : 조개풀(록/녹),14,U+83C9
轆,"녹,록","녹,록 : 수렛소리(록)",론,18,U+8F46
錄,"녹,록","녹,록 : 적을(녹/록) 나타낼(녹/록) 취할(녹/록)",녹,16,U+9304
鵦,"녹,록","녹,록 : 새의잡털의빛갈(록)",,19,U+9D66
鹿,"녹,록","녹,록 : 사슴(녹/록)","녹,비,여 : 사슴(록/녹)",11,U+9E7F
麓,"녹,록","녹,록 : 산기슭(녹/록)",녹,19,U+9E93
򠄈,"녹,록","녹,록",록,13,U+A0108
򠅇,"녹,록","녹,록",록,14,U+A0147
論,"논,론","논,론 : 말할(논/론) 논할(논/론)","논,륜,윤 : 말할(논)   논할(논)   차례(륜)",15,U+8AD6
儂,농,농 : 나(농),,15,U+5102
噥,농,농 : 수근거릴(농),,16,U+5665
濃,농,농 : 짙을(농),,16,U+6FC3
穠,농,농 : 무성할(농),색,18,U+7A60
膿,농,농 : 고름(농),,17,U+81BF
農,농,농 : 농사(농),,13,U+8FB2
醲,농,농 : 진한술(농),,20,U+91B2
儱,"농,롱","농,롱 : 건목칠(롱)","륜,용",18,U+5131
壟,"농,롱","농,롱 : 두둑(농/롱)","농,용 : 두둑(롱/농)",19,U+58DF
弄,"농,롱","농,롱 : 희롱할롱(농/롱)","농,정 : 희롱할롱(농)",7,U+5F04
攏,"농,롱","농,롱 : 가질(롱)","룡,용",19,U+650F
曨,"농,롱","농,롱 : 먼동틀(롱)","룡,용",20,U+66E8
朧,"농,롱","농,롱 : 몽롱(농/롱)","농,록,용",20,U+6727
瀧,"농,롱","농,롱 : 비올(농/롱)","농,랑,룡,상,용  : 땅이름(상)",19,U+7027
瓏,"농,롱","농,롱 : 옥소리(농/롱)","농,용",20,U+74CF
礱,"농,롱","농,롱 : 갈(롱)",용,21,U+7931
籠,"농,롱","농,롱 : 채롱(농/롱) 대상자(농/롱)",농 : 대상자(롱/농),22,U+7C60
聾,"농,롱","농,롱 : 귀막힐(농/롱)",농 : 귀막힐(롱/농),22,U+807E
蘢,"농,롱","농,롱 : 여뀌(롱)","룡,용",22,U+8622
隴,"농,롱","농,롱 : 언덕이름(롱)","뢰,룡,용",19,U+96B4
貀,놜,놜 : 짐승이름(놜),"눌,늘",12,U+8C80
惱,뇌,뇌 : 괴로와할(뇌),,12,U+60F1
腦,뇌,뇌 : 머릿골(뇌),,13,U+8166
餒,뇌,뇌 : 굶주릴(뇌) 굶길(뇌) 생선썩어문드러질(뇌),,16,U+9912
儡,"뇌,뢰","뇌,뢰 : 망칠(뇌/뢰) 허수아비(뇌/뢰)",뇌,17,U+5121
攂,"뇌,뢰","뇌,뢰 : 갈(뢰) 돌내려굴릴(뢰) 끝배(뢰)",,18,U+6502
瀨,"뇌,뢰","뇌,뢰 : 여울(뇌/뢰)","뇌,래",19,U+7028
牢,"뇌,뢰","뇌,뢰 : 우리(뇌/뢰)","노,뇌,로 : 우리(뢰/뇌)",7,U+7262
磊,"뇌,뢰","뇌,뢰 : 돌쌓일(뇌/뢰)","뇌,석 : 돌쌓일(뢰/뇌)",15,U+78CA
礌,"뇌,뢰","뇌,뢰 : 돌쌓일(뢰)",,18,U+790C
礧,"뇌,뢰","뇌,뢰 : 바위(뢰) 돌내리굴릴(뢰)",,20,U+7927
籟,"뇌,뢰","뇌,뢰 : 퉁소(뢰)",렴,22,U+7C5F
纇,"뇌,뢰","뇌,뢰 : 마디(뢰) 흠(뢰)",,21,U+7E87
罍,"뇌,뢰","뇌,뢰 : 술그릇(뢰)",,21,U+7F4D
耒,"뇌,뢰","뇌,뢰: 쟁기(뢰)",,6,U+8012
蕾,"뇌,뢰","뇌,뢰 : 꽃봉오리(뢰)",,19,U+857E
誄,"뇌,뢰","뇌,뢰 : 제문(뢰)",료,13,U+8A84
賂,"뇌,뢰","뇌,뢰 : 뇌물(뇌/뢰) 줄(뇌/뢰)","노,뇌,락,로",13,U+8CC2
賚,"뇌,뢰","뇌,뢰 : 줄(뇌/뢰)","뇌,래",15,U+8CDA
賴,"뇌,뢰","뇌,뢰 : 믿을(뇌/뢰) 힘입을(뇌/뢰)",뢰 : 믿을(뢰) 힘입 을(뢰),16,U+8CF4
酹,"뇌,뢰","뇌,뢰 : 강신할(뢰)",료,14,U+9179
雷,"뇌,뢰","뇌,뢰 : 천둥(뇌/뢰)","뇌,인 : 천둥(뢰/뇌)",13,U+96F7
頼,"뇌,뢰","뇌,뢰 : 의뢰할(뇌/뢰)",,16,U+983C
嫋,"뇨,요","뇨,요 : 간드러질(뇨)",,13,U+5ACB
嬲,"뇨,요","뇨,요 : 희롱할(뇨)",,17,U+5B32
尿,"뇨,요","뇨,요 : 오줌(뇨/요)","요,혜 : 오줌(뇨/요)",7,U+5C3F
撓,"뇨,요","뇨,요 : 굽힐(뇨/요) 긁을(뇨/요)","요,효  : 긁을(뇨/요)",15,U+6493
淖,"뇨,요","뇨,요 : 진흙(뇨)",탁,11,U+6DD6
鐃,"뇨,요","뇨,요 : 휠(뇨)  동발(뇨) 시끄러울(뇨) 징(뇨)",효,20,U+9403
鬧,"뇨,요","뇨,요 : 시끄러울(뇨/요)",료,15,U+9B27
啂,누,누 : 젖먹일(누),유 : 젖먹일(유),11,U+5542
檽,누,누 : 구누나무(누),"나,유 : 버섯(유)",18,U+6ABD
耨,누,누: 괭이(누) 김맬(누),누: 괭이(누) 김맬 (누),16,U+8028
僂,"누,루","누,루 : 굽을(루) 곱사등이(루)",,13,U+50C2
嘍,"누,루","누,루 : 번거로울(루)",,14,U+560D
壘,"누,루","누,루 : 진(누/루)","누,롱,류,유 : 진(루/누)",18,U+58D8
婁,"누,루","누,루 : 끝(누/루) 별이름(누/루)",루 : 끝(루) 별이름 (루),11,U+5A41
屢,"누,루","누,루 : 여러(누/루)",누 : 여러(루/누),14,U+5C62
嶁,"누,루","누,루 : 산이름(루)",,14,U+5D81
慺,"누,루","누,루 : 정성스러울(누/루)",,14,U+617A
摟,"누,루","누,루 : 안을(루)  긁을(루)",수,14,U+645F
樓,"누,루","누,루 : 다락(누/루)",누 : 다락(루/누),15,U+6A13
淚,"누,루","누,루 : 눈물(누/루)",누 : 눈물(루/누),11,U+6DDA
漏,"누,루","누,루 : 샐(누/루)",누 : 샐(루/누),14,U+6F0F
熡,"누,루","누,루: 불꽃(루)",,15,U+71A1
瘻,"누,루","누,루 : 부스럼(누/루) 곱사등이(누/루)",루 : 부스럼(루) 곱 사등이(루),16,U+763B
累,"누,루","누,루 : 포갤(누/루) 누끼칠(누/루)","누,류,우,유  : 누끼칠(루/누)",11,U+7D2F
縷,"누,루","누,루 : 실(누/루)",누,17,U+7E37
耬,"누,루","누,루: 씨뿌리는 그릇(루)",료,17,U+802C
蔞,"누,루","누,루 : 물쑥(누/루)",누,17,U+851E
螻,"누,루","누,루 : 땅강아지(루)",류,17,U+87BB
褸,"누,루","누,루 : 헌누더기(누/루)",루 : 헌누더기(루),17,U+8938
鏤,"누,루","누,루 : 강철(누/루) 새길(누/루) 뚫으(누/루) 칼이름(누/루)",루 : 강철(루) 새길 (루) 뚫으(루)  칼이름(루),19,U+93E4
陋,"누,루","누,루 : 추할(누/루)",누 : 추할(루/누),9,U+964B
髏,"누,루","누,루 : 해골(루)",류,21,U+9ACF
򠅉,"누,루","누,루",루,17,U+A0149
嫩,눈,눈 : 어릴(눈),"난,논,연",14,U+5AE9
吶,눌,눌 : 말더듬을(눌),설,7,U+5436
肭,눌,눌 : 살찔(눌),"내,뉵",8,U+80AD
訥,눌,눌 : 말더듬을(눌),,11,U+8A25
妞,뉴,뉴 : 계집아이(뉴),,7,U+599E
沑,"뉴,뉵,유","뉴,뉵,유","윤,축",7,U+6C91
忸,"뉴,유","뉴,유 : 부끄러워할(뉴)","뉵,육",7,U+5FF8
杻,"뉴,유","뉴,유 : 감탕나무(뉴/유)","루,유,추,축 : 감탕나무(뉴/유)   수갑(축)",8,U+677B
紐,"뉴,유","뉴,유 : 끈(뉴/유) 맺을(뉴/유) 매듭(뉴/유)",유,10,U+7D10
鈕,"뉴,유","뉴,유 : 꼭지(뉴/유) 손잡이(뉴/유)","누,유",12,U+9215
𧘥,"뉴,유","뉴,유",,10,U+27625
衄,"뉵,육","뉵,육 : 질(뉵) 코피(뉵)",,10,U+8844
勒,"늑,륵","늑,륵 : 굴레(늑/륵)","늑,혁 : 굴레(륵/늑)",11,U+52D2
忇,"늑,륵","늑,륵 : 공(륵)",,5,U+5FC7
泐,"늑,륵","늑,륵 : 돌부서질(륵) 새길(륵)","룩,름",8,U+6CD0
肋,"늑,륵","늑,륵 : 갈빗대(늑/륵)",늑 : 갈빗대(륵/늑),6,U+808B
乻,"늘,얼","늘,얼 : 땅이름(얼)",언,9,U+4E7B
凛,"늠,름","늠,름 : 찰(늠/름)",늠 : 찰(름/늠),15,U+51DB
凜,"늠,름","늠,름 : 찰(늠/름)",늠 : 찰(름/늠),15,U+51DC
廩,"늠,름","늠,름 : 쌀곳간(늠/름) 넉넉할(늠/름)","남,늠,릉,염,음",16,U+5EE9
澟,"늠,름","늠,름 : 차고맑을(름) 쓸쓸할(름)",릉,16,U+6F9F
菻,"늠,름","늠,름: 땅이름(름)","릉, 림, 음, 임",14,U+83FB
򠋗,"늠,름","늠, 름 : 땅이름(름)",,11,U+A02D7
能,능,능 : 재능(능),"내,웅,태",10,U+80FD
倰,"능,릉","능,릉 : 속일(릉) 거문고소리(릉)",름,10,U+5030
凌,"능,릉","능,릉 : 얼음(능/릉)",능 : 얼음(릉/능),10,U+51CC
楞,"능,릉","능,릉 : 모(능/릉)",능,13,U+695E
稜,"능,릉","능,릉 : 모(능/릉)",능 : 모(릉/능),13,U+7A1C
綾,"능,릉","능,릉 : 비단(능/릉)",능,14,U+7DBE
菱,"능,릉","능,릉 : 마름(능/릉)",능 : 마름(릉/능),14,U+83F1
蔆,"능,릉","능,릉 : 마름(릉)",리,17,U+8506
陵,"능,릉","능,릉 : 언덕(능/릉)",능 : 언덕(릉/능),11,U+9675
򠅊,"능,릉","능,릉",릉,14,U+A014A
򠉎,"능,릉","능,릉",,13,U+A024E
妮,니,니 : 계집아이(니),이 : 종(이),8,U+59AE
濔,"니,미,이","니,미,이 : 치런치런할(니) 많을(니/미/이)","니,미 : 치런치런할(니) 많을(니/미)",17,U+6FD4
㦐,"니,이","니,이",,15,U+3990
呢,"니,이","니,이 : 어조사(니)",미,8,U+5462
尼,"니,이","니,이 : 중(니/이) 가까울(니/이)","노,이",5,U+5C3C
怩,"니,이","니,이 : 부끄러워할(니)",,8,U+6029
柅,"니,이","니,이 : 팥배나무(니/이)","이,익",9,U+67C5
泥,"니,이","니,이 : 진흙(니/이)","미,이 : 진흙(니/이)",8,U+6CE5
祢,"니,이","니,이 : 아비사당(니)",녜,10,U+7962
禰,"니,이","니,이 : 아버지사당(니)","녜,미 : 아버지사당(녜)",19,U+79B0
膩,"니,이","니,이 : 기름(니/이)",이 : 기름(이/니),16,U+81A9
馜,"니,이","니,이 : 진한향기(니)","늬,닛,리",14,U+999C
匿,"닉,익","닉,익 : 숨을(닉/익)",익 : 숨을(닉/익),11,U+533F
溺,"닉,익","닉,익 : 빠질(닉/익)","뇨,익 : 빠질(닉/익)   오줌(뇨)",13,U+6EBA
昵,"닐,일","닐,일 : 친할(닐)","내,녜",9,U+6635
暱,"닐,일","닐,일 : 친할(닐)",,15,U+66B1
多,다,다 : 많을(다),닐,6,U+591A
夛,다,다,,6,U+591B
爹,다,다 : 아비(다),,10,U+7239
茤,다,다 : 마름(다)  남녘오랑캐(다),기,12,U+8324
觰,다,다: 뿔뿌리(다),,16,U+89F0
𣘻,다,다,,15,U+2363B
𥥸,다,다,,12,U+25978
򠉢,다,다,,18,U+A0262
򠉰,다,다,,12,U+A0270
鄲,"다,단","다,단 : 조나라서울(단)",운,15,U+9132
奲,"다,차","다,차 : 관대할(차)",타 : 휘늘어질(타),24,U+5972
茶,"다,차","다,차 : 차(다) 차(차)",오,12,U+8336
򠄸,"다,차","다,차",,12,U+A0138
㫜,단,단,,9,U+3ADC
亶,단,단 : 실로(단) 다만(단),단 : 실로(단) 다만 (단),13,U+4EB6
但,단,단 : 다만(단),,7,U+4F46
偳,단,단 : 적을(단) 작을(단),"서,유",11,U+5073
剬,단,단 : 똑같이자를(단) 잘게썰(단) 단정할(단),,11,U+526C
單,단,단 : 홑(단),선 : 고을이름(선),12,U+55AE
團,단,단 : 둥글(단) 모일(단),단 : 둥글(단) 모일 (단),14,U+5718
壇,단,단 : 단(단),,16,U+58C7
彖,단,단 : 판단할(단),,9,U+5F56
慱,단,단 : 근신할(단),"박,복",14,U+6171
担,단,단: 멜(단) 짐(단),"걸, 담",8,U+62C5
斷,단,단 : 자를(단) 단연(단),단 : 자를(단) 단연 (단),18,U+65B7
旦,단,단 : 아침(단),"소,조",5,U+65E6
椴,단,단 : 단양(단),내,13,U+6934
檀,단,단: 박달나무(단) 단향목(단),천,17,U+6A80
段,단,단 : 조각(단) 나눌(단),단 : 조각(단) 나눌 (단),9,U+6BB5
湍,단,단 : 여울(단) 빠를(단),서,12,U+6E4D
漙,단,단 : 이슬(단),"보,전",14,U+6F19
煓,단,단 : 불꽃성할(단) 빛날(단),단 : 불꽃성할(단)  빛날(단),13,U+7153
瑖,단,단 : 옥돌(단),,13,U+7456
癉,단,단 : 병들(단) 괴롭힐(단),,17,U+7649
短,단,단 : 짧을(단) 허물(단),단 : 짧을(단) 허물 (단),12,U+77ED
砃,단,단 : 흰돌(단),,9,U+7803
端,단,단 : 끝(단) 바를(단),서,14,U+7AEF
簞,단,단 : 밥그릇(단),,18,U+7C1E
緞,단,단 : 비단(단),,15,U+7DDE
耑,단,단 : 끝(단) ,서,9,U+8011
胆,단,단 : 침(단),"달,담 : 침(담)",9,U+80C6
腶,단,단 : 약포(단),,13,U+8176
蛋,단,단 : 오랑캐이름(단) 새알(단),단 : 오랑캐이름(단)  새알 단,11,U+86CB
蜑,단,단 : 남녘오랑캐(단),,13,U+8711
袒,단,단 : 웃통벗을(단),,11,U+8892
鍛,단,단 : 두드릴(단) 단련(단),단 : 두드릴(단) 단 련(단),17,U+935B
򠊃,단,단: 박달나무(단) 단향목(단),천,17,U+A0283
竱,"단,전","단,전 : 같을(전) 같을(단)",,16,U+7AF1
燀,"단,천","단,천 : 불땔(천) 환할(천)","선,찬",16,U+71C0
妲,달,달 : 계집이름(달),단,8,U+59B2
怛,달,달 : 근심할(달),항,8,U+601B
撻,달,달 : 매질할(달),,16,U+64BB
橽,달,달,,17,U+6A7D
澾,달,달 : 미끄러울(달),,16,U+6FBE
炟,달,달 : 사람이름(달) 불꽃(달),"단,항",9,U+709F
獺,달,달 : 수달(달),,19,U+737A
疸,달,달 : 달병(달),단,10,U+75B8
羍,달,달 : 새끼양(달) 아름다울(달),,9,U+7F8D
達,달,달 : 통할(달) 이를(달),달 : 통할(달) 이를 (달),13,U+9054
闥,달,달 : 뜰(달) 문(달) 빠를(달) ,,21,U+95E5
靼,달,달,단 : 오랑캐이름(단),14,U+977C
韃,달,달 : 칠(달) 오랑캐이름(달),,22,U+97C3
倓,담,담 : 의심하지않을(담),,10,U+5013
儋,담,담 : 멜(담) 두섬(담),,15,U+510B
啖,담,담 : 먹을(담) 삼킬(담),담 : 먹을(담) 삼킬 (담),11,U+5556
啗,담,담 : 먹을(담) 마 (담),,11,U+5557
啿,담,담: 수두룩할(담) 많을(담),잠,12,U+557F
嘾,담,담 : 꿀꺽삼킬(담) 탈함(담),,15,U+563E
噉,담,담 : 먹을(담) 마실(담),,15,U+5649
坍,담,담 : 무너질(담),단,7,U+574D
埮,담,담: 평평한 땅(담),담: 평평한땅(담),11,U+57EE
墰,담,담 : 목긴술병(담)  땅이름(담),,15,U+58B0
壜,담,담 : 술병(담),,19,U+58DC
惔,담,담 : 속탈(담) 근심할(담),,11,U+60D4
憺,담,담 : 편안할(담) 고요할(담),담 : 편안할(담) 고 요할(담),16,U+61BA
擔,담,담 : 멜(담) 짐(담),,16,U+64D4
曇,담,담 : 구름낄(담),운,16,U+66C7
毯,담,담 : 담요(담),,12,U+6BEF
淡,담,담 : 싱거울(담) 엷을(담),염,11,U+6DE1
湛,담,담 : 맑을(담),"기,심,잠,침  : 깊을(잠)   잠길(침)",12,U+6E5B
潭,담,담 : 깊을(담),택,15,U+6F6D
澹,담,담 : 조용할(담),,16,U+6FB9
痰,담,담 : 가래(담),,13,U+75F0
禫,담,담 : 담제(담),,17,U+79AB
緂,담,담 : 유록빛(담) 옷빛깔환할(담) 길쌈(담),,14,U+7DC2
罎,담,담 : 술단지(담),,22,U+7F4E
聃,담,담 : 귀바퀴없을(담),섬,11,U+8043
膽,담,담 : 쓸개(담),,17,U+81BD
蕁,담,담 : 쐐기풀(담),담 : 쐐기풀(담/심),18,U+8541
薝,담,담 : 치자꽃(담),,19,U+859D
覃,담,담 : 깊을(담),,12,U+8983
談,담,담 : 이야기(담),,15,U+8AC7
譚,담,담 : 편안할(담) 이야기(담),담 : 편안할(담) 이 야기(담),19,U+8B5A
郯,담,담 : 나라이름(담),,11,U+90EF
錟,담,담 : 긴장(담),"섬,염  : 날카로울(섬)   서슬(염)",16,U+931F
黮,담,담 : 검을(담),"심,탐 : 오디(심)  어두울(탐)",21,U+9EEE
黵,담,담 : 자자(담),점,25,U+9EF5
򠄹,담,담,,18,U+A0139
炎,"담,염","담,염: 탈(담/염) 더울(담/염)",담,8,U+708E
沓,답,답 : 겹칠(답),담,8,U+6C93
畓,답,답 : 논(답)(한국한자),답 : 논(답)(한국한 자),9,U+7553
答,답,답 : 대답할(답),,12,U+7B54
踏,답,답 : 밟을(답),,15,U+8E0F
遝,답,답 : 뒤섞일(답),,14,U+905D
㿩,당,당,,25,U+3FE9
䣊,당,당,소,11,U+48CA
倘,당,당 : 혹시(당),"상,소",10,U+5018
儻,당,당 : 갑자기(당),답,22,U+513B
唐,당,당 : 황당할(당) 당나라(당),당 : 황당할(당) 당 나라(당),10,U+5510
堂,당,당 : 집(당) 당당할(당),당 : 집(당) 당당할 (당),11,U+5802
塘,당,당 : 둑(당) 못(당),,13,U+5858
幢,당,당 : 기(당) 굄목(당),,15,U+5E62
戇,당,당 : 어리석을(당),,28,U+6207
搪,당,당 : 막을(당) 부딪칠(당),,13,U+642A
撞,당,당 : 칠(당) 부딪칠(당),"동,종",15,U+649E
棠,당,당 : 팥배나무(당) 산앵도(당),상,12,U+68E0
檔,당,당 : 책상(당),,17,U+6A94
溏,당,당 : 못(당),,13,U+6E8F
爣,당,당 : 밝을(당) 환할(당),,24,U+7223
瑭,당,당 : 옥(당),단,14,U+746D
璫,당,당 : 귀엣고리(당),,17,U+74AB
當,당,당 : 맡을(당) 마땅할(당) 당할(당),당 : 맡을(당) 마땅 할(당) 당할(당),13,U+7576
瞠,당,당 : 똑바로볼(당),쟁,16,U+77A0
礑,당,당 : 밑(당),,18,U+7911
螳,당,당 : 사마귀(당),,17,U+87B3
蟷,당,당 : 사마귀(당),,19,U+87F7
襠,당,당 : 잠방이(당),,19,U+8960
讜,당,당 : 곧은말(당),,27,U+8B9C
鏜,당,당 : 종고소리(당),,19,U+93DC
鐺,당,당 : 쇠사슬(당) 종고소리(당),쟁 : 솥(쟁),21,U+943A
餳,당,당 : 엿(당),성,18,U+9933
餹,당,당 : 엿(당),,19,U+9939
黨,당,당 : 무리(당) 일가(당),당 : 무리(당) 일가 (당),20,U+9EE8
糖,"당,탕","당,탕 : 엿(당) 사탕(당/탕)","당,탕 : 엿(당) 사 탕(당/탕)",16,U+7CD6
㬃,대,대,,13,U+3B03
㬣,대,대,,18,U+3B23
䚟,대,대,태,15,U+469F
代,대,대 : 대신할(대),,5,U+4EE3
儓,대,대 : 하인(대),,16,U+5113
坮,대,대 : 대(대)( 한국한자),태,8,U+576E
垈,대,대 : 집터(대)(한국한자),대 : 집터(대)(한국 한자),8,U+5788
大,대,대 : 큰(대),대,3,U+5927
對,대,대 : 마주볼(대) 대답할(대),대 : 마주볼(대) 대 답할(대),14,U+5C0D
岱,대,대 : 태산(대),,8,U+5CB1
帶,대,대 : 띠(대) 데(대),,11,U+5E36
待,대,대 : 기다릴(대) 대접할(대),시,9,U+5F85
懟,대,대 : 원망할(대),,18,U+61DF
戴,대,대 : 일(대) 받들(대),재,17,U+6234
抬,대,대,"이,태 : 칠(태)",8,U+62AC
擡,대,대 : 들(대),대 : 매질할(태) 들 (대),17,U+64E1
柋,대,대 : 누에시렁(대),,9,U+67CB
檯,대,대 : 상(대),,18,U+6AAF
汏,대,대 : 씻을(대),태,6,U+6C4F
玳,대,대 : 대모(대),,9,U+73B3
碓,대,대 : 방아(대),웅,13,U+7893
臺,대,대 : 대(대),태,14,U+81FA
袋,대,대 : 자루(대),,11,U+888B
貸,대,대 : 빌릴(대) 용서할(대),대 : 빌릴(대) 용서 할(대) 틀릴(특),12,U+8CB8
鐓,대,대 : 창고달(대),"돈,순",20,U+9413
隊,대,대 : 대오(대),대 : 대오(대) 떨어 질(추),12,U+968A
黛,대,대 : 눈썹먹(대),,17,U+9EDB
杸,"대,수","대,수 : 팔모진창(수) 칠(수)",,8,U+6778
旲,"대,영","대,영 : 해클(대)","경,태,호",7,U+65F2
宅,"댁,택","댁,택 : 집(댁/택) 묏자리(택)","댁,택 : 집(댁/택)  묏자리(택)",6,U+5B85
㥁,덕,덕,,12,U+3941
徳,덕,덕 : 德(큰(덕))의  略字,,14,U+5FB3
德,덕,덕 : 덕(덕) 덕베풀(덕),덕 : 덕(덕) 덕베풀 (덕),15,U+5FB7
悳,덕,덕 : 덕(덕) 덕베풀(덕),진,12,U+60B3
㯖,"덕,적","덕,적",득,16,U+3BD6
㭸,도,도,형,12,U+3B78
倒,도,도 : 넘어질(도),,10,U+5012
刀,도,도 : 칼(도),,2,U+5200
到,도,도 : 이를(도),,8,U+5230
叨,도,도 : 탐할(도),,5,U+53E8
嘟,도,도 : 입나올(도),,15,U+561F
噵,도,도 : 이를(도),,16,U+5675
圖,도,도 : 그림(도) 꾀할(도),도 : 그림(도) 꾀할 (도),14,U+5716
堵,도,도 : 담(도) 막(도),제,12,U+5835
塗,도,도 : 바를(도) 진흙(도),도 : 바를(도) 진흙 (도),13,U+5857
壔,도,도 : 작은성(도) 도(도),,17,U+58D4
夲,도,도: 나아갈(도),"본,토",5,U+5932
導,도,도 : 이끌(도),,15,U+5C0E
屠,도,도 : 잡을(도) 죽일(도),도 : 잡을(도) 죽일 (도),12,U+5C60
島,도,도 : 섬(도),,10,U+5CF6
峹,도,도 : 산이름(도),,10,U+5CF9
嶋,도,도 : 섬(도),"명,조,학,홍",14,U+5D8B
庩,도,도 : 집(도) 편하지 않을(도),,10,U+5EA9
弢,도,도 : 활집(도),,8,U+5F22
徒,도,도 : 걸어다닐(도) 무리(도),종,10,U+5F92
忉,도,도 : 근심할(도),,5,U+5FC9
悼,도,도 : 슬퍼할(도) 떨(도),탁,11,U+60BC
慆,도,도 : 방자할(도) ,,13,U+6146
挑,도,도 : 돋을(도),조 : 멜(조)   가릴(조),9,U+6311
捈,도,도 : 궁굴릴(도) 당길(도),,10,U+6348
掉,도,도 : 흔들(도) 바로잡을(도),탁,11,U+6389
掏,도,도 : 더듬을(도),,11,U+638F
搗,도,도 : 찧을(도),,13,U+6417
搯,도,도 : 더듬을(도),,13,U+642F
擣,도,도 : 찧을(도),,17,U+64E3
暏,도,도,서,13,U+668F
桃,도,도 : 복숭아나무(도),조,10,U+6843
棹,도,도 : 노(도) 노저을(도),"탁,한",12,U+68F9
檮,도,도 : 어리석을(도),수,18,U+6AAE
櫂,도,도 : 노(도),요,18,U+6AC2
洮,도,도 : 씻을(도) ,조 : 물이름(조),9,U+6D2E
涂,도,도 : 길(도) 섣달(도),"서,여,차",10,U+6D82
淘,도,도 : 일(도),,11,U+6DD8
渡,도,도 : 건널(도) 나루(도),도 : 건널(도) 나루 (도),12,U+6E21
滔,도,도 : 창일할(도),,13,U+6ED4
濤,도,도 : 물결(도),수,17,U+6FE4
燾,도,도 : 비출(도),,18,U+71FE
瑫,도,도 : 아름다운옥(도),,14,U+746B
盜,도,도 : 훔칠(도) 도둑(도),도 : 훔칠(도) 도둑 (도),12,U+76DC
睹,도,도 : 볼(도),효,14,U+7779
祹,도,도: 복(도) 상서(도) 귀신(도),,13,U+7979
禱,도,도 : 빌(도),,19,U+79B1
稌,도,도: 찰벼(도),,12,U+7A0C
稻,도,도 : 벼(도),,15,U+7A3B
荼,도,도 : 씀바귀(도) 해독(도),다,13,U+837C
菟,도,도 : 새삼(도),토 : 새삼(토),14,U+83DF
萄,도,도 : 포도나무(도),,14,U+8404
覩,도,도 : 볼(도),데,16,U+89A9
賭,도,도 : 도박(도),,16,U+8CED
跳,도,도 : 뛸(도) 달아날(도),조 : 뛸(도/조) 건널(조),13,U+8DF3
蹈,도,도 : 밟을(도),,17,U+8E48
逃,도,도 : 달아날(도),,10,U+9003
途,도,도 : 길(도),,11,U+9014
道,도,도 : 길(도) 말할(도),,13,U+9053
都,도,도 : 도읍(도) 모두(도),도 : 도읍(도) 모두 (도),12,U+90FD
酴,도,도 : 술밑(도) 막걸리(도),,14,U+9174
鋾,도,도: 쇳덩이(도),,16,U+92FE
鍍,도,도 : 올릴(도) 도금(도),도 : 올릴(도) 도금 (도),17,U+934D
闍,도,도 : 망대(도)  성문(도),사,17,U+95CD
陶,도,도 : 질그릇(도),요 : 사람이름(요),11,U+9676
鞀,도,도 : 소고(도),,14,U+9780
鞱,도,도 : 감출(도) 너그러울(도),,19,U+97B1
韜,도,도 : 감출(도) 너그러울(도) 병법(도),도 : 감출(도) 너그 러울(도) 병법(도),19,U+97DC
饕,도,도 : 탐할(도),,22,U+9955
馟,도,도 : 향기날(도),,16,U+999F
鼗,도,도 : 땡땡이(도),,19,U+9F17
򠄺,도,도,,14,U+A013A
򠊄,도,도: 복(도) 상서(도) 귀신(도),,12,U+A0284
򠊽,도,도 : 새삼(도),,11,U+A02BD
󳒀,도,도,수,20,U+F3480
度,"도,탁","도,탁 : 법도(도) 잴(도) 헤아릴(탁)","서,석",9,U+5EA6
櫝,독,독 : 함(독) 널(독),분,19,U+6ADD
毒,독,독 : 독(독) 해칠(독),,8,U+6BD2
瀆,독,독 : 도랑(독) 더럽힐(독),독 : 도랑(독) 더럽 힐(독),18,U+7006
牘,독,독 : 서찰(독),,19,U+7258
犢,독,독 : 송아지(독),,19,U+72A2
獨,독,독 : 홀로(독),,16,U+7368
督,독,독 : 살필(독) 재촉할(독),독 : 살필(독) 재촉 할(독),13,U+7763
禿,독,독 : 민둥(독),,7,U+79BF
篤,독,독 : 도타울(독) 중할(독),"기,돈",16,U+7BE4
纛,독,독 : 기(독),도 : 기(도/독),24,U+7E9B
黷,독,독 : 더럽힐(독),,27,U+9EF7
讀,"독,두","독,두 : 읽을(독) 귀절(두)","독,두 : 읽을(독)  귀절(두)",22,U+8B80
墩,돈,돈 : 돈대(돈),,15,U+58A9
弴,돈,돈 : 그림그린활(돈),조,11,U+5F34
惇,돈,돈 : 도타울(돈),"순,형",11,U+60C7
敦,돈,돈 : 도타울(돈),희,12,U+6566
旽,돈,돈 : 먼동틀(돈),"견,관,순,준  : 지성스러울(준)",8,U+65FD
暾,돈,돈 : 아침해(돈),"교,해",16,U+66BE
沌,돈,돈 : 물결칠(돈),순,7,U+6C8C
潡,돈,돈 : 큰물(돈),순,15,U+6F61
燉,돈,돈 : 삶을(돈) 불이글이글할(돈),돈 : 삶을(돈) 불이 글이글할(돈),16,U+71C9
豚,돈,돈 : 돼지(돈),,11,U+8C5A
躉,돈,돈 : 도거리(돈),,20,U+8E89
頓,돈,돈 : 조아릴(돈) 갑자기(돈) 머무를(돈) 가지런할(돈) 곤할(돈) 한꺼번,"돌,둔",13,U+9813
焞,"돈,순","돈,순 : 삶을(돈)","준,태,퇴,한,향",12,U+711E
乭,돌,돌 : 이름(돌(한국한자)),둘 : 이름(돌(한국한자)),6,U+4E6D
咄,돌,돌 : 꾸짖을(돌),출,8,U+5484
堗,돌,돌 : 굴뚝(돌) 부엌창(돌),,12,U+5817
突,돌,돌 : 갑작스러울(돌) 뚫을(돌),돌 : 갑작스러울(돌)  뚫을(돌),9,U+7A81
䆚,동,동,,11,U+419A
䞒,동,동,,13,U+4792
仝,동,동 : 한가지(동),,5,U+4EDD
侗,동,동 : 정성(동),통 : 미련할(통),8,U+4F97
倲,동,동 : 어리석을(동) 뒤떨어질(동),,10,U+5032
働,동,동 : 일할(동),,13,U+50CD
僮,동,동 : 종(동),,14,U+50EE
冬,동,동 : 겨울(동),,5,U+51AC
凍,동,동 : 얼(동),,10,U+51CD
動,동,동 : 움직일(동),훈,11,U+52D5
勭,동,동: 일할(동) 자랄(동),,14,U+52ED
同,동,동 : 한가지(동),,6,U+540C
哃,동,동 : 큰말할(동) 망년된말(동),,9,U+54C3
垌,동,동 : 동막이(동),경,9,U+578C
姛,동,동 : 계집성품 곧을(동) 목이바를 (동),"선,형 ",9,U+59DB
峒,동,동 : 동굴(동),,9,U+5CD2
崠,동,동 : 땅이름(동),,11,U+5D20
彤,동,동 : 붉은칠(동),단,7,U+5F64
憧,동,동 : 뜻정치못할(동) 그리워할(동),동 : 뜻정치못할(동)  그리워할(동),15,U+61A7
挏,동,동 : 당겼다밀었다할(동) 짓찧을(동),모,9,U+630F
曈,동,동 : 해뜰(동),,16,U+66C8
朣,동,동 : 달밝으려하는모양(동),동 : 달밝으려하는모양 (동),16,U+6723
東,동,동 : 동녘(동),,8,U+6771
桐,동,동 : 오동나무(동),,10,U+6850
棟,동,동 : 마룻대(동),연,12,U+68DF
橦,동,동 : 목면(동),"근,장 : 장대(장)",16,U+6A66
浵,동,동 : 물깊을(동),,10,U+6D75
涷,동,동 : 소나기(동)  얼(동),진,11,U+6DB7
湩,동,동 : 젖(동),중,12,U+6E69
潼,동,동 : 물이름(동),,15,U+6F7C
炵,동,동 : 불꽃(동) 불 활활붙을(동),,9,U+70B5
烔,동,동 : 땅이름(동),,10,U+70D4
疼,동,동 : 아플(동),,10,U+75BC
瞳,동,동 : 눈동자(동),정,17,U+77B3
硐,동,동 : 굴(동),,11,U+7850
秱,동,동 : 벼무성할(동) 벼마디(동),형,11,U+79F1
童,동,동 : 아이(동),중,12,U+7AE5
絧,동,동 : 동베(동) 이을(동) 곧게달릴 (동),경,12,U+7D67
胴,동,동 : 구간(동) 몸통(동),동 : 구간(동) 몸통 (동),10,U+80F4
艟,동,동 : 몽동배(동),충 : 몽동배(충),18,U+825F
苳,동,동 : 겨우살이(동),,11,U+82F3
茼,동,동 : 쑥갓(동),,12,U+833C
菄,동,동 : 흰산국화(동),래,14,U+83C4
董,동,동 : 바로잡을(동),"중,훈",15,U+8463
蕫,동,동 : 자오락(동),,18,U+856B
蝀,동,동 : 무지개(동),,14,U+8740
鉖,동,동 : 낚시바늘(동),,13,U+9256
銅,동,동 : 구리(동) 동화(동),동 : 구리(동) 동화 (동),14,U+9285
򠄻,동,동,,15,U+A013B
򠊛,동,동 : 자오락(동),,15,U+A029B
洞,"동,통","동,통 : 골(동) 꿰뚫을(통)","동,통 : 골(동) 꿰 뚫을(통)",9,U+6D1E
兜,두,두 : 쌀(두) 투구(두),"도,둘",11,U+515C
抖,두,두 : 떨(두),,7,U+6296
斁,두,두 : 썩을(두),역 : 싫어할(역),17,U+6581
斗,두,두 : 말(두),,4,U+6597
杜,두,두 : 막을(두) 팥배나무(두),주,7,U+675C
枓,두,두 : 두공(두),주 : 구기(주),8,U+6793
浢,두,두 : 옆갯고랑(두)  물이름(두),,10,U+6D62
痘,두,두 : 마마(두),,12,U+75D8
竇,두,두 : 구멍(두),,20,U+7AC7
紏,두,두 : 고할(두) 누런실(두),"규,이",10,U+7D0F
肚,두,두 : 배(두) 밥통(두),,7,U+809A
脰,두,두 : 목(두),,11,U+8130
荰,두,두 : 두형풀(두),,13,U+8370
荳,두,두 : 콩(두),,13,U+8373
蚪,두,두 : 올챙이(두),,10,U+86AA
蠹,두,두 : 좀(두),,24,U+8839
豆,두,두 : 콩(두),,7,U+8C46
逗,두,두 : 어를(두),,11,U+9017
鈄,두,두 : 성(두) 술그릇(두),,12,U+9204
鋀,두,두 : 놋쇠(두) 술그릇(두),,15,U+92C0
阧,두,두 : 가파를(두),,7,U+9627
陡,두,두 : 가파를(두),,10,U+9661
頭,두,두 : 머리(두),현,16,U+982D
򠄼,두,두,,13,U+A013C
屯,둔,둔 : 진칠(둔),"돈,순,준  : 어려울(준)",4,U+5C6F
窀,둔,둔 : 광중(둔),,9,U+7A80
臀,둔,둔 : 볼기(둔),,17,U+81C0
芚,둔,둔 : 둔나물(둔) 나무싹(둔),돈,10,U+829A
迍,둔,둔 : 머뭇거릴(둔),,8,U+8FCD
遁,둔,둔 : 달아날(둔) 숨을(둔),둔 : 달아날(둔) 숨 을(둔),13,U+9041
遯,둔,둔 : 달아날(둔) 숨을(둔),돈 : 숨을(둔/돈),15,U+906F
鈍,둔,둔 : 무딜(둔) 꿈뜰(둔) 우둔할(둔),"돈,순",12,U+920D
򠄽,둔,둔,,10,U+A013D
乧,둘,둘 : 음역자(둘)(한국한자),"돌,두(한국한자)",5,U+4E67
得,득,득 : 얻을(득) 탐할(득),득 : 얻을(득) 탐할 (득),11,U+5F97
凳,등,등 : 걸상(등),,14,U+51F3
墱,등,등 : 자득락길(등),증,15,U+58B1
嶝,등,등 : 고개(등),,15,U+5D9D
橙,등,등 : 등자나무(등),증,16,U+6A59
滕,등,등 : 등나라(등),"숭,승",13,U+6ED5
燈,등,등 : 등잔(등),,16,U+71C8
璒,등,등 : 옥돌(등),증,16,U+7492
登,등,등 : 오를(등),,12,U+767B
磴,등,등 : 섬돌(등),,17,U+78F4
等,등,등 : 등급(등),,12,U+7B49
籐,등,등 : 등(등),,21,U+7C50
縢,등,등 : 봉할(등),,16,U+7E22
藤,등,등 : 등나무(등),슬,21,U+85E4
螣,등,등 : 등사(등),특 : 벼메뚜기(특),16,U+87A3
覴,등,등 : 오래볼(등) 똑바로볼(등),,19,U+89B4
謄,등,등 : 베낄(등),승,17,U+8B04
鄧,등,등 : 나라이름(등),규,15,U+9127
鐙,등,등 : 등자(등),,20,U+9419
騰,등,등 : 오를(등),,20,U+9A30
򠄾,등,등,,21,U+A013E
䊨,라,라,,18,U+42A8
欏,라,라 : 사라나무(라),나,23,U+6B0F
纙,라,라 : 돈꾸러미(라),나 : 돈꾸러미(나),25,U+7E99
蠃,라,라 : 나나니벌(라) 고둥(라),"나,영",19,U+8803
覼,라,라 : 좋게볼(라)  곡진할(라),나,21,U+89BC
򠉦,라,라,,26,U+A0266
灕,"라,리","라,리",이,22,U+7055
硌,락,락 : 큰바위(락),"낙,라,탁",11,U+784C
鉻,락,락 : 깍을(락),"낙,명",14,U+927B
濼,"락,록","락,록 : 물이름(락)","낙,박 : 물이름(낙)",18,U+6FFC
圝,란,란 : 둥글란(란),,22,U+571D
斕,란,란 : 얼룩얼룩할(란),,21,U+6595
灤,란,란 : 물이름(란),,26,U+7064
籣,란,란 : 전통(란),,23,U+7C63
鑭,란,란 : 금채색(란),난,25,U+946D
㫰,랑,랑,"낭,량,양",11,U+3AF0
嫏,랑,랑,경,12,U+5ACF
桹,랑,랑 : 광랑나무(랑) 배럴(랑),"낭,양,은",11,U+6879
誏,랑,랑 : 뜬말할(랑),양,14,U+8A8F
倈,래,래,내,10,U+5008
唻,래,래 : 어조사(래),,11,U+553B
庲,래,래 : 집(래),,11,U+5EB2
棶,래,래 : 말채나무(래),내,12,U+68F6
睞,래,래 : 곁눈질할(래),,13,U+775E
郲,래,래 : 땅이름(래) 산이름(래),내,11,U+90F2
掠,"략,약","략,약 : 노략질할(략/약) 매질할(략/약)","랭,약,양 : 노략질할(략/약)   매질할(략/약)",11,U+63A0
略,"략,약","략,약 : 생략할(략/약) 간략할(략/약) 대강(략/약)","낙,락,약 : 생략할(략/약)   간략할(략/약)   대강(략/약)",11,U+7565
畧,"략,약","략,약 : 간략할(략/약)",,11,U+7567
亮,"량,양","량,양 : 밝을(량/양) 믿을(량/양)","양,정 : 밝을(량/양)   믿을(량/양)",9,U+4EAE
俍,"량,양","량,양: 어질(량)",,9,U+4FCD
倆,"량,양","량,양 : 두개(량/양) 재주(량/양)",양,10,U+5006
兩,"량,양","량,양 : 둘(량/양)",양 : 둘(량/양),8,U+5169
凉,"량,양","량,양 : 서늘할(량/양) 식힐(량/양)","경,양 : 서늘할(량/양)",10,U+51C9
喨,"량,양","량,양 : 울고그치지않을(량)",,12,U+55A8
悢,"량,양","량,양 : 슬플(량)",,10,U+60A2
晾,"량,양","량,양 : 쪼일(량)",경,12,U+667E
梁,"량,양","량,양 : 대들보(량/양)",양 : 대들보(량/양)   다리량(양),11,U+6881
樑,"량,양","량,양 : 들보(량/양)",양,15,U+6A11
涼,"량,양","량,양 : 서늘할(량/양)","경,랑,양",11,U+6DBC
湸,"량,양","량,양 : 큰물 (량)","랑,호",12,U+6E78
粮,"량,양","량,양 : 양식(량/양)",양 : 양식(량),13,U+7CAE
粱,"량,양","량,양 : 기장(량/양)",량 : 기장(량),13,U+7CB1
糧,"량,양","량,양 : 양식(량/양)",양 : 양식(량/양),18,U+7CE7
良,"량,양","량,양 : 어질(량/양) 남편(량/양) 때문(량/양)","낭,랑,양 : 어질(량/양)   남편(량/양)   때문(량)",7,U+826F
諒,"량,양","량,양 : 믿을(량/양) 참(량/양) 살펴 알(량양)","경,양 : 믿을(양)   참(양)   살펴   알(양)",15,U+8AD2
踉,"량,양","량,양 : 뛸(량)  비틀거릴(량)",,14,U+8E09
輛,"량,양","량,양 : 수레(량/양)",양,15,U+8F1B
量,"량,양","량,양 : 헤아릴(량/양) 생각할(량/양)","랑,양 : 헤아릴(량/양)   생각할(량/양)",12,U+91CF
魎,"량,양","량,양 : 산도깨비(량)",,18,U+9B4E
勴,려,려 : 마음으로 도울(려),,17,U+52F4
曥,려,려 : 해비칠(려),여,20,U+66E5
珕,려,려 : 자개로 칼장식할(려),"여,예,협",10,U+73D5
孋,"려,리","려,리 : 나라이름 (리)","여,이",22,U+5B4B
侶,"려,여","려,여 : 짝(려/여) 동반할(려/여)","녀,여",9,U+4FB6
儢,"려,여","려,여 : 게으를(려)",,17,U+5122
儷,"려,여","려,여 : 짝(려/여)",여,21,U+5137
勵,"려,여","려,여 : 힘쓸(려/여) 권할(려/여) 가다듬을(려/여)",여 : 힘쓸(려/여)   권할(려/여)   가다듬을(려/여),17,U+52F5
厲,"려,여","려,여 : 엄할(려)",,15,U+53B2
呂,"려,여","려,여 : 풍류(려/여) 등골뼈(려/여)",여 : 풍류(려/여)   등골뼈(려/여),7,U+5442
唳,"려,여","려,여 : 울(려)",,11,U+5533
廬,"려,여","려,여 : 오두막집(려/여)",여 : 오두막집(려/여),19,U+5EEC
慮,"려,여","려,여 : 염려(려/여)",여,15,U+616E
戾,"려,여","려,여 : 어그러질(려/여) 사나울(려/여)","렬,여",8,U+623E
旅,"려,여","려,여 : 나그네(려/여) 군사(려/여) 배풀(려/여)",여 : 나그네(려/여),10,U+65C5
曞,"려,여","려,여: 햇살퍼질(려)",,19,U+66DE
梠,"려,여","려,여 : 처마(려)",거 : 토란(거),11,U+68A0
櫚,"려,여","려,여 : 종려(려/여)",여,19,U+6ADA
濾,"려,여","려,여 : 씻을(려/여) 맑을(려/여)",여 : 거를   려(여)   씻을(려/여)   맑을(려/여),18,U+6FFE
癘,"려,여","려,여 : 염병(려)",,18,U+7658
礪,"려,여","려,여 : 숫돌(려/여) 돌단단할(려/여)",여 : 숫돌(려/여)   돌단단할   려,20,U+792A
糲,"려,여","려,여 : 매조미쌀(려)",,21,U+7CF2
膂,"려,여","려,여 : 등골뼈(려)",,14,U+8182
臚,"려,여","려,여 : 앞배(려)",,20,U+81DA
藜,"려,여","려,여 : 명아주(려/여)",여,21,U+85DC
蠡,"려,여","려,여 : 나무좀(려)  표주박(려)",라,21,U+8821
蠣,"려,여","려,여 : 굴조개(려/여)",여,21,U+8823
邌,"려,여","려,여 : 천천히걸을(려) 먼동틀(려)",,19,U+908C
鑢,"려,여","려,여 : 줄(려)",,23,U+9462
閭,"려,여","려,여 : 이문(려/여) 마을(려/여)",여,15,U+95AD
驢,"려,여","려,여 : 당나귀(려/여)","노,로,여",26,U+9A62
驪,"려,여","려,여 : 가라말(려/여) 검을(려/여)","리,여",29,U+9A6A
麗,"려,여","려,여 : 고울(려/여)","리,여 : 고울(려/여)",19,U+9E97
黎,"려,여","려,여 : 검을(려/여) 많을(려/여)","여,예 : 많을(려/여)",15,U+9ECE
򠅄,"려,여","려,여",려,21,U+A0144
򠋏,"려,여",숫돌(려/여) 돌 단단할(려/여),,20,U+A02CF
沴,"려,전","려,전 : 요기(려) 어지러울(전)","여,진",8,U+6CB4
力,"력,역","력,역 : 힘(력/역)",역 : 힘(력/역),2,U+529B
攊,"력,역","력,역 : 칠(력)",략,19,U+650A
曆,"력,역","력,역 : 책력력(력/역)",역 : 책력력(역),16,U+66C6
櫟,"력,역","력,역 : 상수리나무(력)","낙,늑,락 : 땅이름(악)",19,U+6ADF
櫪,"력,역","력,역 : 말구유(력/역)",,20,U+6AEA
歷,"력,역","력,역 : 지낼(력/역) 겪을(력/역) 전할(력/역) 역력할(력/역)",역 : 전할(력/역)   역력할(력/역),16,U+6B77
瀝,"력,역","력,역 : 물방울(력/역)",역 : 물방울(력/역),19,U+701D
癧,"력,역","력,역 : 연주창(력)",,21,U+7667
礫,"력,역","력,역 : 자갈(력/역)","락,역 : 자갈(력)",20,U+792B
轢,"력,역","력,역 : 삐꺽거릴(력/역) 칠(력/역)",역,22,U+8F62
轣,"력,역","력,역 : 수레바퀴길(력)  수레바퀴에치일(력)",,23,U+8F63
酈,"력,역","력,역 : 땅이름(력)",리 : 땅이름(리),22,U+9148
靂,"력,역","력,역 : 천둥(력/역)",역,24,U+9742
僆,"련,연","련,연 : 쌍동이(련) 병아리(련)",,13,U+50C6
堜,"련,연","련,연 : 언덕(련)",,12,U+581C
奱,"련,연","련,연 : 이룰(련,연)",,22,U+5971
孌,"련,연","련,연 : 아름다울(련/연)","란,미,연",22,U+5B4C
憐,"련,연","련,연 : 불쌍히여길(련/연)","린,연,인 : 불쌍히여길(련/연)",15,U+6190
戀,"련,연","련,연 : 그리워할(련/연) 생각할(련/연)",연  : 그리워할(련/연),23,U+6200
攣,"련,연","련,연 : 오그라질(련/연)",연,22,U+6523
楝,"련,연","련,연 : 멀구슬나무(련)",,13,U+695D
湅,"련,연","련,연 : 실삶을(련)",,12,U+6E45
漣,"련,연","련,연 : 잔물결(련/연) 눈물줄줄흘릴(련/연)",연 : 잔물결(련)   눈물줄줄흘릴(련/연),14,U+6F23
煉,"련,연","련,연 : 달굴(련/연) 이길(련/연)",연  : 이길(련/연),13,U+7149
璉,"련,연","련,연 : 호련(련/연)",연 : 호련(련/연),15,U+7489
練,"련,연","련,연 : 익힐(련/연) 연복(련/연) 가릴(련/연) 누일(련/연)",연,15,U+7DF4
聯,"련,연","련,연 : 연할(련/연) 관계할(련/연)",연  : 관계할(련/연),17,U+806F
臠,"련,연","련,연 : 저민고기(련)",,25,U+81E0
蓮,"련,연","련,연 : 연(련/연)","년,연 : 연(련/연)",17,U+84EE
輦,"련,연","련,연 : 당길(련/연)","연,찬 : 당길(연)",15,U+8F26
連,"련,연","련,연 : 이을(련/연) 어려울(련/연)",연 : 이을(련/연)   어려울(련),11,U+9023
鍊,"련,연","련,연 : 불린쇠(련/연)",연 : 불린쇠(련/연),17,U+934A
鏈,"련,연","련,연 : 쇠사슬(련)",,19,U+93C8
鰊,"련,연","련,연 : 고기이름(련)",,20,U+9C0A
鰱,"련,연","련,연 : 연어(련/연)",,22,U+9C31
𨏶,"련,연","련,연",,26,U+283F6
򠅅,"련,연","련,연",연,18,U+A0145
栵,"렬,례","렬,례 : 작은도토리(렬) 나무가줄로날(례)","래,열",10,U+6835
冽,"렬,열","렬,열 : 찰(렬/열)","례,열 : 찰(렬/열)",8,U+51BD
列,"렬,열","렬,열 : 줄(렬/열) 벌일(렬/열) 무리에들어갈(렬/열)",열 : 줄(렬/열)   벌일(렬)   무리에들어갈(렬),6,U+5217
劣,"렬,열","렬,열 : 못할(렬/열)",열 : 못할(렬/열),6,U+52A3
姴,"렬,열","렬,열 : 아름다울(렬)",,9,U+59F4
挒,"렬,열","렬,열 : 내릴(렬)  비틀(렬)",,9,U+6312
捩,"렬,열","렬,열 : 비틀(렬)",려,11,U+6369
洌,"렬,열","렬,열 : 맑을(렬/열)",열 : 맑을(렬/열),9,U+6D0C
烈,"렬,열","렬,열 : 불세찰(렬/열) 빛날(렬/열)",열  : 빛날(렬/열),10,U+70C8
裂,"렬,열","렬,열 : 찢어질(렬/열)",열 : 찢어질(렬/열),12,U+88C2
颲,"렬,열","렬,열 : 매운바람(렬)",,15,U+98B2
򠋞,렴,렴,,16,U+A02DE
廉,"렴,염","렴,염 : 청렴할(렴/염)",염 : 청렴할(렴/염),13,U+5EC9
斂,"렴,염","렴,염 : 거둘(렴/염)",염,17,U+6582
殮,"렴,염","렴,염 : 염할(렴/염) 빈소할(렴/염)",염 : 빈소할(렴/염),17,U+6BAE
濂,"렴,염","렴,염 : 시내이름(렴/염)","겸,염",16,U+6FC2
瀲,"렴,염","렴,염 : 뜰(렴) 물가(렴)",,20,U+7032
磏,"렴,염","렴,염 : 숫돌(렴) ",,15,U+78CF
簾,"렴,염","렴,염 : 발(렴/염)",염 : 발(렴/염),19,U+7C3E
獵,"렵,엽","렵,엽 : 사냥(렵/엽) 진동할(렵/엽)",엽 : 진동할(렵/엽),18,U+7375
躐,"렵,엽","렵,엽 : 밟을(렵)",,22,U+8E90
鬣,"렵,엽","렵,엽 : 갈기(렵)",,25,U+9B23
砱,령,령 : 돌구멍(령) 옥소리(령),영,10,U+7831
令,"령,영","령,영 : 부릴(영/령)","금,리,영 : 부릴(령/영)",5,U+4EE4
伶,"령,영","령,영 : 영리할(영/령)","선,영",7,U+4F36
另,"령,영","령,영 : 다를(령)",연,5,U+53E6
呤,"령,영","령,영: 푸린(령)",,8,U+5464
囹,"령,영","령,영 : 옥(영/령)",영 : 옥(령/영),8,U+56F9
坽,"령,영","령,영 : 험한 언덕(령)","옥,을",8,U+577D
姈,"령,영","령,영 : 계집슬기로울(영/령) 여자이름(영/령)",영,8,U+59C8
岭,"령,영","령,영 : 산으슥할 (령)",명,8,U+5CAD
岺,"령,영","령,영 : 재(영/령)",영,8,U+5CBA
嶺,"령,영","령,영 : 재(영/령)","심,영 : 재(령/영)",17,U+5DBA
怜,"령,영","령,영 : 영리할(영/령)(憐의 간체자)","련,영,현,회 : 영리할(령/영)   불쌍할(련)(憐의   간체자)",8,U+601C
昤,"령,영","령,영 : 날빛영롱할(영/령)",영,9,U+6624
朎,"령,영","령,영",,9,U+670E
柃,"령,영","령,영 : 나무 혹(령)","명, 범",9,U+67C3
欞,"령,영","령,영 : 얼음(령)",,28,U+6B1E
泠,"령,영","령,영 : 맑은소리(영/령)","범,영",8,U+6CE0
澪,"령,영","령,영 : 물이름(영/령) 물떨어질(영/령)",,16,U+6FAA
玲,"령,영","령,영 : 금옥소리(영/령)","영,한 : 금옥소리(령/영)",9,U+73B2
皊,"령,영","령,영 : 날빛영롱할(령)",,10,U+768A
秢,"령,영","령,영 : 벼처음익을(령) 나이(령)",,10,U+79E2
笭,"령,영","령,영 : 종다래끼(영/령)",영,11,U+7B2D
羚,"령,영","령,영 : 영양(영/령)",영 : 영양(령/영),11,U+7F9A
翎,"령,영","령,영 : 깃(영/령)",영,11,U+7FCE
聆,"령,영","령,영 : 들을(영/령) 깨달을(영/령)","금,영 : 깨달을(령/영)",11,U+8046
苓,"령,영","령,영 : 도꼬마리(령)",,11,U+82D3
蛉,"령,영","령,영 : 잠자리 령",,11,U+86C9
詅,"령,영","령,영 : 팔(령) 자랑할(령)",,12,U+8A45
軨,"령,영","령,영 : 격자창(령)",,12,U+8EE8
逞,"령,영","령,영 : 쾌할(영/령)",영 : 쾌할(령/정),11,U+901E
鈴,"령,영","령,영 : 방울(영/령)","금,영",13,U+9234
零,"령,영","령,영 : 영(영/령) 비뚝떨어질(영/령)",영 : 영(령/영),13,U+96F6
靈,"령,영","령,영 : 신령(영/령)",영 : 신령(령/영),24,U+9748
領,"령,영","령,영 : 거느릴(영/령) 다스릴(영/령) 목(영/령) 중요할(영/령) 옷깃(영/령) 받을(영/령) 차","영,용",14,U+9818
鴒,"령,영","령,영 : 할미새(령/영)",,16,U+9D12
鹷,"령,영","령,영 : 나이(령)",,16,U+9E77
齡,"령,영","령,영 : 나이(영/령)","련,영 : 나이(령)",20,U+9F61
󰓄,"령,영","령,영 : 영리할(령/영)",,7,U+F04C4
例,"례,예","례,예 : 인증(례/예)","열,예",8,U+4F8B
澧,"례,예","례,예 : 물이름(례/예)","예,풍",16,U+6FA7
礼,"례,예","례,예 : 禮(예절(례/예))의 略字",예 : 禮(예절(예/례)) 의   略字,6,U+793C
禮,"례,예","례,예 : 예(례/예) 예물(례/예)",예 : 예(례)   예물(례/예),18,U+79AE
醴,"례,예","례,예 : 단술(례/예) 달(례/예)",예 : 달(례/예),20,U+91B4
隷,"례,예","례,예 : 종(례/예)",예 : 종(례/예),16,U+96B7
隸,"례,예","례,예 : 종(례)",,17,U+96B8
鱧,"례,예","례,예 : 가물치(례)",,24,U+9C67
򠊑,"례,예",례: 예절 禮(례/예)의 약자,,6,U+A0291
󳒴,"례,예","례,예",풍,18,U+F34B4
㯝,로,로,노,16,U+3BDD
攎,로,로 : 당길(로) 베풀(로),노,19,U+650E
璐,로,"노,로 : 옥(로)",례,16,U+7490
鏴,로,로 : 금길(로),"노,록",21,U+93F4
摝,록,록 : 떨칠(록) 움직일(록),,14,U+645D
琭,록,록 : 옥(록),녹,12,U+742D
甪,록,록 : 사람이름(록),녹 : 사람이름(녹),6,U+752A
騄,록,록 : 말이름(록),롱,18,U+9A04
惀,론,론 : 생각할(론),"논,롱,룬,륜",11,U+60C0
掄,"론,륜,윤","론,륜,윤 : 가릴(론/륜/윤)",률,11,U+6384
巃,롱,롱 : 산가파를(롱),"농,룡 ",19,U+5DC3
炓,료,료 : 불빛 환할(료),"노,요,주",8,U+7093
鄝,료,료 : 나라이름(료),"룡,요 : 나라이름(요)",14,U+911D
漻,"료,류","료,류 : 깊을(료) 물맑을(료/류)","요,유 ",14,U+6F3B
了,"료,요","료,요 : 어조사(료/요) 끝날(료/요)","요,정",2,U+4E86
僚,"료,요","료,요 : 벗(료/요) 희롱할(료/요)","료,요 : 희롱할(료/요)",14,U+50DA
嘹,"료,요","료,요 : 새소리멀리들릴(료) 울(료)",,15,U+5639
嫽,"료,요","료,요 : 예쁠(료) ",,15,U+5AFD
寮,"료,요","료,요 : 집(료/요) 벼슬아치(료/요)","료,요",15,U+5BEE
廖,"료,요","료,요 : 성(료/요)",,14,U+5ED6
撩,"료,요","료,요 : 가릴(료)  붙들(료)",,15,U+64A9
料,"료,요","료,요 : 헤아릴(료/요) 셀(료/요)","료,요 : 헤아릴(료/요)",10,U+6599
暸,"료,요","료,요 : 밝을(료)",,16,U+66B8
燎,"료,요","료,요 : 탈(료/요)  불놓을(료/요)","료,요 : 탈(료/요)",16,U+71CE
獠,"료,요","료,요 : 요동개(료) 서남오랑캐(로)",,15,U+7360
療,"료,요","료,요 : 병나을(료/요) 병고칠(료/요)","료,요 : 병나을(료/요)   병고칠(료/요)",17,U+7642
瞭,"료,요","료,요 : 밝을(료/요)",요,17,U+77AD
繚,"료,요","료,요 : 얽힐(료) 두를(료) 다스릴(료)",,18,U+7E5A
聊,"료,요","료,요 : 힘입을(료/요) 편안할(료/요)","료,요",11,U+804A
膋,"료,요","료,요 : 기름(료) 비계(료)",,14,U+818B
蓼,"료,요","료,요 : 여뀌(료/요)",,17,U+84FC
遼,"료,요","료,요 : 멀(료/요)",,16,U+907C
醪,"료,요","료,요 : 막걸리(료)",룡,18,U+91AA
鐐,"료,요","료,요 : 은(료)","룡,은",20,U+9410
飂,"료,요","료,요 : 바람소리(료)","룡,류 : 높은바람(류)",20,U+98C2
飉,"료,요","료,요 : 바람소리(료)",루,21,U+98C9
򠅈,"료,요","료,요",,17,U+A0148
徿,"룡,용","룡,용 : 비틀거릴(룡) 곧게갈(룡)","루,륭,융",19,U+5FBF
竜,"룡,용","룡,용 : 龍의 약자","룡,용 : 龍의   약자",10,U+7ADC
龍,"룡,용","룡,용 : 용(용/룡) 임금(용/룡) 말이름(용/룡)","룡,용",16,U+9F8D
龒,"룡,용","룡,용 : 용(룡/용)",루,20,U+9F92
漊,루,루 : 물이름(루),,14,U+6F0A
漯,루,루 : 물이름(루),"라,탑 : 물이름(라/ 탑)",14,U+6F2F
謱,루,루 : 곡진할(루),류,18,U+8B31
瑬,류,류 : 면류관드림옥(류),유,15,U+746C
劉,"류,유","류,유 : 도끼(류/유) 죽일(류/유) 이길(류/유) 성(류/유)",유 : 도끼(류)   죽일(류/유)   이길(류)   성(류),15,U+5289
懰,"류,유","류,유 : 아름다울(류) 근심할(류)",,18,U+61F0
旒,"류,유","류,유 : 깃발(류/유) 면류관끈(류/유)",유,13,U+65D2
柳,"류,유","류,유 : 버들(류/유)",유 : 버들(류/유),9,U+67F3
榴,"류,유","류,유 : 석류(류/유)",유,14,U+69B4
橊,"류,유","류,유 : 석류(류)  짐승이름(류)",,16,U+6A4A
流,"류,유","류,유 : 흐를(류/유)",유 : 흐를(류/유),9,U+6D41
溜,"류,유","류,유 : 증류(류/유) 처마물흘러내릴(류/유)",유,13,U+6E9C
瀏,"류,유","류,유 : 맑을(류/유)",유,18,U+700F
琉,"류,유","류,유 : 유리돌(류/유)","유,윤 : 유리돌(류/유)",10,U+7409
瑠,"류,유","류,유 : 유리돌(류/유)","루,유",14,U+7460
留,"류,유","류,유 : 머무를 류(유)",유 : 머무를   류(유),10,U+7559
瘤,"류,유","류,유 : 혹(류/유)",유 : 혹(류/유),15,U+7624
硫,"류,유","류,유 : 유황(류/유)",유 : 유황(류/유),12,U+786B
縲,"류,유","류,유 : 검은포승(류)","라,루",17,U+7E32
纍,"류,유","류,유 : 고달플(류)",,21,U+7E8D
謬,"류,유","류,유 : 그릇될(류/유) 속일(류/유) 어긋날(류/유)",유,18,U+8B2C
遛,"류,유","류,유 : 머무를(류)",,14,U+905B
鉚,"류,유","류,유",,13,U+925A
鎏,"류,유","류,유 : 금(류)",환,18,U+938F
鏐,"류,유","류,유 : 순금(류)",,19,U+93D0
類,"류,유","류,유 : 무리(류/유)",유 : 무리(류/유),19,U+985E
鶹,"류,유","류,유 : 꾀꼬리(류)",,21,U+9DB9
六,"륙,육","륙,육 : 여섯(륙/육)",육 : 여섯(륙/육),4,U+516D
勠,"륙,육","륙,육 : 합할(륙) 같이힘쓸(륙)",류,13,U+52E0
戮,"륙,육","륙,육 : 죽일(륙/육) 합할(륙/육)",육  : 합할(륙/육),15,U+622E
陸,"륙,육","륙,육 : 뭍(륙/육)","릉,육 : 뭍(륙/육)",11,U+9678
侖,"륜,윤","륜,윤 : 생각할(륜/윤)","곤,유,윤",8,U+4F96
倫,"륜,윤","륜,윤 : 인륜(륜/윤) 차례(륜/윤)",윤,10,U+502B
圇,"륜,윤","륜,윤: 덩어리질(륜/윤)",률,11,U+5707
崘,"륜,윤","륜,윤",윤,11,U+5D18
崙,"륜,윤","륜,윤 : 산이름(륜/윤)",윤 : 산이름(륜/윤),11,U+5D19
棆,"륜,윤","륜,윤 : 느릅나무(륜) 둔나무둥 (륜)","론,률",12,U+68C6
淪,"륜,윤","륜,윤 : 잔물결(륜/윤) 빠질(륜/윤)","논,유,윤  : 빠질(륜/윤)",11,U+6DEA
綸,"륜,윤","륜,윤 : 인끈(륜/윤) 낚시줄(륜/윤) 다스릴(륜/윤)","관,윤",14,U+7DB8
踚,"륜,윤","륜,윤 : 날래게 걸을(륜)",률,15,U+8E1A
輪,"륜,윤","륜,윤 : 바퀴(륜/윤)",윤 : 바퀴(륜/윤),15,U+8F2A
錀,"륜,윤","륜,윤 : 금(륜/윤)","률,윤",16,U+9300
㟳,률,률,,13,U+37F3
率,"률,솔,율","률,솔,율 : 거느릴(솔) 율(률/율)",율 : 율(률/율),11,U+7387
㖀,"률,율","률,율",,9,U+3580
嵂,"률,율","률,율 : 산가파를(률/율)",율 : 산가파를(률/율),12,U+5D42
律,"률,율","률,율 : 법(률/율) 가(률/율)","율,진 : 법(률/율)   가(률/율)",9,U+5F8B
慄,"률,율","률,율 : 떨(률/율)",율 : 떨(률/율),13,U+6144
栗,"률,율","률,율 : 밤나무(률/율)",율 : 밤나무(률/율),10,U+6817
溧,"률,율","률,율 : 땅이름(률/율)","눌,륭,뮬",13,U+6EA7
瑮,"률,율","률, 율 : 옥무늬(률/율)",륭,14,U+746E
𥠲,"률,율","률,율",나,15,U+25832
㦕,륭,륭,융,15,U+3995
癃,"륭,융","륭,융 : 파리할(륭)",륵,17,U+7643
窿,"륭,융","륭,융 : 하늘(륭)",륵,17,U+7ABF
隆,"륭,융","륭,융 : 성할(륭/융)",융 : 성할(륭/융),12,U+9686
玏,륵,륵 : 옥다름가는돌(륵),"늑,닉,록,름,유",6,U+738F
懍,름,름 : 두려워할(름) 공경할(름),"람,롬,릉",16,U+61CD
娌,리,리 : 동서(리),이,10,U+5A0C
攡,리,리 : 펼(리) 베풀(리),이 ,22,U+6521
鸝,리,리 : 꾀꼬리(리),"려,린,여,이",30,U+9E1D
俐,"리,이","리,이 : 똑똑할(리/이)","례,이",9,U+4FD0
俚,"리,이","리,이 : 속될(리/이)","뢰,이",9,U+4FDA
利,"리,이","리,이 : 날카로울(리/이)",이 : 날카로울(리/이),7,U+5229
剺,"리,이","리,이 : 벨(리)",,13,U+527A
厘,"리,이","리,이 : 이(리/이) 다스릴(리/이)",이,9,U+5398
吏,"리,이","리,이 : 벼슬아치(리/이)","랑,사,이 : 벼슬아치(리/이)",6,U+540F
哩,"리,이","리,이 : 어조사(리)",열,10,U+54E9
唎,"리,이","리,이 : 가는소리(리/이)",이,10,U+550E
嫠,"리,이","리,이 : 과부(리)",,14,U+5AE0
履,"리,이","리,이 : 신(리/이)","복,이 : 신(리/이)",15,U+5C65
悧,"리,이","리,이 : 영리할(리/이)",이,10,U+60A7
摛,"리,이","리,이 : 펼(리) 베풀(리/이)",,14,U+645B
李,"리,이","리,이 : 오얏나무(리/이)",이 : 오얏나무(리/이),7,U+674E
梨,"리,이","리,이 : 배나무(리/이) 배(리/이)",이 : 배(리/이),11,U+68A8
浬,"리,이","리,이 : 해리(리/이)",이,10,U+6D6C
涖,"리,이","리,이 : 임할(리/이)","위,이 : 임할(리/이)",10,U+6D96
漓,"리,이","리,이 : 스밀(리) 엷을(리)",,13,U+6F13
犁,"리,이","리,이 : 얼룩소(리/이)","려,이 : 쟁기(려)",11,U+7281
犂,"리,이","리,이 : 얼룩소(리)","려,여 : 보습(려) 새벽(려) 검을 (려) 무서워떨(류)",12,U+7282
狸,"리,이","리,이 : 너구리(리/이)",이,10,U+72F8
理,"리,이","리,이 : 다스릴(리/이)",이,11,U+7406
璃,"리,이","리,이 : 유리(리/이)",이,15,U+7483
痢,"리,이","리,이 : 설사(리/이)",이 : 설사(리/이),12,U+75E2
离,"리,이","리,이 : 밝을(리/이) 고울(리/이)","린,의,이",11,U+79BB
籬,"리,이","리,이 : 울타리(리/이)",이,25,U+7C6C
罹,"리,이","리,이 : 근심할(리/이) 걸릴(리/이)","라,이  : 걸릴(리/이)",16,U+7F79
羸,"리,이","리,이 : 파리할(리/이)",이,19,U+7FB8
莅,"리,이","리,이 : 임할(리)",위,13,U+8385
莉,"리,이","리,이 : 말리(리/이)",이,13,U+8389
蜊,"리,이","리,이 : 바지락개랑조개(리)",,13,U+870A
螭,"리,이","리,이 : 용(리/이)",치,17,U+87AD
裏,"리,이","리,이 : 안(리/이) 속(리/이)",이 : 속(리/이),13,U+88CF
裡,"리,이","리,이 : 안(리/이)",양: 도울(양),12,U+88E1
貍,"리,이","리,이 : 너구리(리)",릉,14,U+8C8D
邐,"리,이","리,이 : 연할(리)",,23,U+9090
里,"리,이","리,이 : 마을(리/이) 이(리/이)",이 : 이(리/이),7,U+91CC
釐,"리,이","리,이 : 이(리/이) 다스릴(리/이)","미,의,이,일,회 ,희 : 복(희)",18,U+91D0
離,"리,이","리,이 : 떠날(리/이)",이 : 떠날(리/이),19,U+96E2
魑,"리,이","리,이 : 도깨비(리)",린,21,U+9B51
鯉,"리,이","리,이 : 잉어(리/이) 편지(리/이)",이,18,U+9BC9
黐,"리,이","리,이 : 끈끈이(리)","린,치",22,U+9ED0
𢻠,"리,이","리,이","미,이",16,U+22EE0
򠅋,"리,이","리,이",리,13,U+A014B
򠋀,"리,이","리,이 : 임할(리/이)",,10,U+A02C0
暽,린,린 : 사람이름(린),,16,U+66BD
瞵,린,린 : 볼(린),인 : 볼(인),17,U+77B5
閵,린,린 : 밟을(린) 새이(린),,16,U+95B5
䗲,"린,인","린,인",,18,U+45F2
吝,"린,인","린,인 : 아낄(린/인)","교,민,성,인 : 아낄(린/인)",7,U+541D
嶙,"린,인","린,인 : 깊숙할(린)",호,15,U+5D99
悋,"린,인","린,인 : 더러울(린)  아낄(린/인)",,10,U+608B
撛,"린,인","린,인 : 구원할(린/인)",인,15,U+649B
斴,"린,인","린,인 : 돌사이로흐르는 물소리",,16,U+65B4
橉,"린,인","린,인: 나무껍질(린) 지방(린)",,16,U+6A49
潾,"린,인","린,인 : 돌샘(린/인)",인,15,U+6F7E
焛,"린,인","린,인 : 불꽃(린,인)",,12,U+711B
燐,"린,인","린,인 : 인(린/인) 도깨비불(린/인)","빈,연,인,찬",16,U+71D0
獜,"린,인","린,인 : 건강할(린)  짐승이름(린/인)",,15,U+735C
璘,"린,인","린,인 : 옥빛(린/인)","인,진 : 옥빛(린/인)",16,U+7498
磷,"린,인","린,인 : 인(린/인)",,17,U+78F7
粦,"린,인","린,인: 인(린)",,12,U+7CA6
粼,"린,인","린,인: 물부딪칠(린)",찬,14,U+7CBC
繗,"린,인","린,인: 이을(린)",,18,U+7E57
藺,"린,인","린,인 : 골풀(린/인)",인 : 골풀(린/인),22,U+85FA
躙,"린,인","린,인 : 짓밟을(린)",,23,U+8E99
躪,"린,인","린,인 : 짓밟을(린/인)",인,27,U+8EAA
轔,"린,인","린,인 : 수렛소리(린) 문지방(린)",,19,U+8F54
鄰,"린,인","린,인 : 이웃(린/인)",인,15,U+9130
鏻,"린,인","린,인 : 굳셀(린/인)",,20,U+93FB
隣,"린,인","린,인 : 이웃(린/인) 도울(린/인)",인 : 이웃(린/인),15,U+96A3
驎,"린,인","린,인 : 준마(린)",,22,U+9A4E
鱗,"린,인","린,인 : 비늘(린/인)",인,23,U+9C57
麟,"린,인","린,인 : 기린(린/인)",인 : 기린(린/인),23,U+9E9F
𪊭,"린,인","린,인",인,17,U+2A2AD
򠅌,"린,인","린,인",린,22,U+A014C
򠅍,"린,인","린,인",린,27,U+A014D
晽,"림,임","림,임:알고자 할(림)",,12,U+667D
林,"림,임","림,임 : 수풀(림/임)","리,임 : 수풀(림/임)",8,U+6797
淋,"림,임","림,임 : 물방울떨어질(림/임) 뿌릴(림/임)","람,빈,임  : 뿌릴(림/임)",11,U+6DCB
琳,"림,임","림,임 : 옥(림/임)","빈,유,임",12,U+7433
痳,"림,임","림,임 : 임질(림)",,13,U+75F3
碄,"림,임","림,임:깊을(림)",,13,U+7884
臨,"림,임","림,임 : 임할(림/임)",임 : 임할(림/임),17,U+81E8
霖,"림,임","림,임 : 장마(림/임)","엄,임,호",16,U+9716
棽,"림,임,침","림,임,침 : 무성할(림/임/침)",임,12,U+68FD
岦,"립,입","립,입 : 산우뚝할(립/입)",,8,U+5CA6
砬,"립,입","립,입 : 땅이름(립/입)",입 : 땅이름(입/립),10,U+782C
立,"립,입","립,입 : 설(립/입)",입 : 설(립/입),5,U+7ACB
笠,"립,입","립,입 : 삿갓(립/입)",,11,U+7B20
粒,"립,입","립,입 : 낱알(립/입)","림,입 : 낱알(립/입)",11,U+7C92
劘,마,마 : 깎을(마),,21,U+5298
媽,마,마 : 어미(마),,13,U+5ABD
摩,마,마 : 갈(마) 비빌(마),,14,U+6469
瑪,마,마 : 마노(마),,14,U+746A
痲,마,마 : 저릴(마) 홍역(마),마 : 저릴(마) 홍역 (마),13,U+75F2
碼,마,마 : 야아드(마),,15,U+78BC
磨,마,마 : 갈(마) 맷돌(마),,16,U+78E8
螞,마,마 : 말거머리(마),,16,U+879E
蟇,마,마 : 두꺼비(마),,17,U+87C7
馬,마,마 : 말(마),,10,U+99AC
魔,마,마 : 마귀(마),,21,U+9B54
麻,마,마 : 삼(마) 참깨(마) 마비할(마),림,11,U+9EBB
麽,마,마 : 그런가(마),,14,U+9EBD
寞,막,막 : 쓸쓸할(막),,14,U+5BDE
幕,막,막 : 장막(막),,14,U+5E55
漠,막,막 : 사막(막) 넓을(막),모,14,U+6F20
瞙,막,막 : 눈어둘(막) 눈에백태낄(막),,16,U+7799
膜,막,막 : 꺼풀(막),모,15,U+819C
莫,막,막 : 없을(막) 말(막),"모,영 : 말(막/모)",13,U+83AB
邈,막,막 : 멀(막),,18,U+9088
鏌,막,막 : 칼이름(막),,19,U+93CC
򠅎,막,막,,13,U+A014E
򠅏,막,막,,16,U+A014F
򠅐,막,막,,15,U+A0150
򠈓,막,막,,15,U+A0213
򠈙,막,막,,14,U+A0219
䊡,만,만,,17,U+42A1
万,만,만 : 일만(만(萬)의 간체자),묵 : 일만(만(萬)의 간체자) 성(묵),3,U+4E07
卍,만,만 : 일만(만)( 범어의 萬자),만 : 일만(만)(범 어의 萬자),6,U+534D
墁,만,만 : 깔(만) 바를(만) 칠할(만),,14,U+5881
娩,만,만 : 해산할(만),"면,문 : 따를(문)",10,U+5A29
嫚,만,만 : 업신여길(만),,14,U+5ADA
巒,만,만 : 메(만),란,22,U+5DD2
幔,만,만 : 장막(만),,14,U+5E54
彎,만,만 : 굽을(만),,22,U+5F4E
慢,만,만 : 느릴(만) 게으를(만),만 : 느릴(만) 게으 를(만),14,U+6162
挽,만,만 : 당길(만) 끌(만),,10,U+633D
晚,만,만 : 저물(만),,11,U+665A
曼,만,만 : 길(만) 아름다울(만),만 : 길(만) 아름다 울(만),11,U+66FC
槾,만,만 : 평고대(만) 흙손(만),,15,U+69FE
樠,만,만 : 나무진나올(만),"문,치 : 관솔(문)",15,U+6A20
滿,만,만 : 찰(만),,14,U+6EFF
漫,만,만 : 넘을(만) 함부로(만),만 : 넘을(만) 함부 로(만),14,U+6F2B
灣,만,만 : 물굽이(만),,25,U+7063
睌,만,만 : 겁없이볼(만),,12,U+774C
瞞,만,만 : 속일(만),,16,U+779E
縵,만,만,,17,U+7E35
脕,만,만 : 예쁠(만) ,문 : 물새로날(문),11,U+8115
萬,만,만 : 일만(만) 춤이름(만),만 : 일만(만) 춤이 름(만),15,U+842C
蔓,만,만 : 덩굴(만) 퍼질(만),만 : 덩굴(만) 퍼질 (만),17,U+8513
蠻,만,만 : 오랑캐(만),,25,U+883B
謾,만,만 : 속일(만) 게으를(만) 업신여길(만),,18,U+8B3E
蹣,만,만 : 비틀거릴(만),반 : 비틀거릴(반),18,U+8E63
輓,만,만 : 만사(만) 끌(만),,14,U+8F13
鄤,만,만 : 땅이름(만),,14,U+9124
鏋,만,만 : 금(만) 금정기(만),만 : 금(만) 금정기 (만),19,U+93CB
鏝,만,만 : 흙손(만),,19,U+93DD
饅,만,만 : 만두(만),,20,U+9945
鬘,만,만 : 아름다울(만)  만화(만),,21,U+9B18
鰻,만,만 : 뱀장어(만),,22,U+9C3B
򠅑,만,만,,15,U+A0151
򠅒,만,만,,17,U+A0152
唜,말,말 : 끝(말)(한국한자),"끝,노,막,분,임,태 : 끝(말)   끝(끝)(한국한자)",10,U+551C
妺,말,말 : 계집이름(말),,8,U+59BA
帕,말,말 : 머리띠(말),파 : 배띠(파) ,8,U+5E15
抹,말,말 : 바를(말) 닦을(말),말 : 바를(말) 닦을 (말),8,U+62B9
末,말,말 : 끝(말),,5,U+672B
沫,말,말 : 거품(말),,8,U+6CAB
秣,말,말 : 말먹이(말),,10,U+79E3
茉,말,말 : 말리(말),,11,U+8309
襪,말,말 : 버선(말),,21,U+896A
靺,말,말 : 오랑캐이름(말),,14,U+977A
򠅓,말,말,,11,U+A0153
򠅔,말,말,,21,U+A0154
亡,망,망 : 달아날(망) 잃을(망) 죽을(망),망 : 달아날(망) 잃 을(망) 죽을(망)  없을(무),3,U+4EA1
妄,망,망 : 망령될(망),,6,U+5984
忘,망,망 : 잊을(망),,6,U+5FD8
忙,망,망 : 바쁠(망),,7,U+5FD9
惘,망,망 : 실심할(망),,11,U+60D8
望,망,망 : 바라볼(망),,11,U+671B
朢,망,망 : 보름(망),왕,14,U+6722
汒,망,망 : 바쁠(망) 큰물(망),,6,U+6C52
漭,망,망 : 넓을(망),,14,U+6F2D
網,망,망 : 그물(망),,14,U+7DB2
罔,망,망 : 속일(망) 없을(망),망 : 속일(망) 없을 (망),8,U+7F54
芒,망,망 : 까끄라기(망) 가시(망) 억새(망),망 : 까끄라기(망)  가시(망) 억새(망),9,U+8292
茫,망,망 : 아득할(망) 멍할(망),망 : 아득할(망) 멍 할(망),12,U+832B
莽,망,망 : 풀(망) 거칠(망),,12,U+83BD
輞,망,망 : 바퀴테(망),,15,U+8F1E
邙,망,망 : 산이름(망),,6,U+9099
魍,망,망 : 산도깨비(망),,18,U+9B4D
򠅕,망,망,,12,U+A0155
򠅖,망,망,,12,U+A0156
򠇟,망,망,,9,U+A01DF
򠉓,망,망,,15,U+A0253
򠉛,망,망,,15,U+A025B
勱,매,매 : 힘쓸(매),,15,U+52F1
呆,매,매 : 어리 석을(매),"보,우,태 : 어리 석을(대)",7,U+5446
埋,매,매 : 묻을(매) 감출(매),리,10,U+57CB
妹,매,매 : 누이(매),"연,주",8,U+59B9
媒,매,매 : 중매(매),모,12,U+5A92
寐,매,매 : 잘(매),,12,U+5BD0
昧,매,매 : 어두울(매),미,9,U+6627
枚,매,매 : 낱(매),"구,석,수,지",8,U+679A
梅,매,매 : 매화나무(매),"민,전",11,U+6885
楳,매,매 : 매화나무(매),모,13,U+6973
每,매,매 : 매양(매),,7,U+6BCF
沬,매,매 : 어둑어둑할(매),"미,민,회",8,U+6CAC
煤,매,매 : 석탄(매),모,13,U+7164
玫,매,매 : 매괴(매),"민,정,치",8,U+73AB
眛,매,매 : 눈희미할(매),"미,조",10,U+771B
罵,매,매 : 꾸짖을(매) 욕할(매),매 : 꾸짖을(매) 욕 할(매),15,U+7F75
苺,매,매 : 딸기(매),,11,U+82FA
莓,매,매 : 딸기(매),,13,U+8393
買,매,매 : 살(매),,12,U+8CB7
賣,매,매 : 팔(매),,15,U+8CE3
邁,매,매 : 갈(매),,17,U+9081
酶,매,매 : 숱밑(매),,14,U+9176
霉,매,매 : 곰팡이(미) 매우(매),,15,U+9709
魅,매,매 : 도깨비(매),,15,U+9B45
򠅗,매,매,,20,U+A0157
򠉃,매,매 : 딸기(매),,11,U+A0243
脈,맥,맥 : 맥박(맥),,10,U+8108
貃,맥,맥 : 오랑캐(맥),,12,U+8C83
貊,맥,맥 : 오랑캐(맥),,13,U+8C8A
貘,맥,맥 : 맹수이름(맥),,18,U+8C98
陌,맥,맥 : 길(맥),백,9,U+964C
驀,맥,맥 : 넘을(맥) 곧장(맥),맥 : 넘을(맥) 곧장 (맥),21,U+9A40
麥,맥,맥 : 보리(맥),,11,U+9EA5
򠅘,맥,맥,,23,U+A0158
孟,맹,맹 : 우두머리(맹),,8,U+5B5F
氓,맹,맹 : 백성(맹),민,8,U+6C13
猛,맹,맹 : 사나울(맹) 돌연할(맹),맹 : 사나울(맹) 돌 연할(맹),11,U+731B
甍,맹,맹 : 대마루(맹),,16,U+750D
甿,맹,맹 : 백성(맹),,8,U+753F
盟,맹,맹 : 맹세(맹),,13,U+76DF
盲,맹,맹 : 장님(맹),,8,U+76F2
萌,맹,맹 : 싹틀(맹),명,14,U+840C
虻,맹,맹 : 등에(맹),,9,U+867B
򠅙,맹,맹,,14,U+A0159
冪,멱,멱 : 덮개(멱),,16,U+51AA
幎,멱,멱 : 덮을(멱),명,13,U+5E4E
覓,멱,멱 : 구할(멱),,11,U+8993
򠈚,멱,멱,,16,U+A021A
䛲,면,면,,15,U+46F2
俛,면,면 : 힘쓸(면),"부,연 : 숙을일(부)",9,U+4FDB
免,면,면 : 면할(면) 벗어날(면),문 : 해산할,7,U+514D
勉,면,면 : 힘쓸(면) 권면할(면),만,9,U+52C9
愐,면,면 : 생각할(면),,12,U+6110
棉,면,면 : 목화(면),금,12,U+68C9
沔,면,면 : 물이름(면),,7,U+6C94
湎,면,면 : 빠질(면),,12,U+6E4E
眄,면,면 : 곁눈질할(면),,9,U+7704
綿,면,면 : 솜(면) 감길(면),금,14,U+7DBF
緜,면,면 : 솜(면),,15,U+7DDC
緬,면,면 : 아득할(면) 가는실(면) 생각할(면),면 : 아득할(면) 가 는실(면) 생각할(면),15,U+7DEC
葂,면,면 : 사람이름(면) 성할(면),,15,U+8442
面,면,면 : 낯(면),,9,U+9762
麪,면,면 : 밀가루(면),,15,U+9EAA
麵,면,면 : 밀가루(면),,20,U+9EB5
򠋟,면,면,,12,U+A02DF
󱳖,면,면 : 면류관(면),만,11,U+F1CD6
眠,"면,민","면,민 : 잘(면)",안,10,U+7720
滅,멸,멸 : 멸할(멸),,13,U+6EC5
篾,멸,멸 : 대껍질(멸),,17,U+7BFE
蔑,멸,멸 : 잘(멸) 없을(멸),,17,U+8511
衊,멸,멸 : 더럽힐(멸),,21,U+884A
򠅚,멸,멸,,17,U+A015A
䳟,명,명,,19,U+4CDF
冥,명,명 : 어두울(명),,10,U+51A5
名,명,명 : 이름(명),,6,U+540D
命,명,명 : 목숨(명),,8,U+547D
慏,명,명 : 맘너러울(명),,13,U+614F
明,명,명 : 밝을(명),,8,U+660E
暝,명,명 : 해질(명),,14,U+669D
椧,명,명 : 홈통(명) 절이름(명)(한국한자),명 : 홈통(명) 절이 름(명)(한국한자),12,U+6927
洺,명,명 : 물이름(명),,9,U+6D3A
溟,명,명 : 바다(명) 어두울(명),명 : 바다(명) 어두 울(명),13,U+6E9F
熐,명,명 : 흉노부락이름(명),멱,14,U+7190
皿,명,명 : 그릇(명),,5,U+76BF
眀,명,명 : 눈밝을(명) 볼(명),명 : 눈밝을(명) 볼 (명),9,U+7700
瞑,명,명 : 눈감을(명),,15,U+7791
茗,명,명 : 차(명),,12,U+8317
蓂,명,명 : 명협(명),멱,16,U+84C2
螟,명,명 : 마디충(명),,16,U+879F
詺,명,명 : 기록할(명),,13,U+8A7A
鄍,명,명 : 고을이름(명),,13,U+910D
酩,명,명 : 술취할(명),,13,U+9169
銘,명,명 : 새길(명) 명(명),,14,U+9298
鳴,명,명 : 울릴(명),,14,U+9CF4
򠅛,명,명,,12,U+A015B
򠅜,명,명,,16,U+A015C
袂,몌,몌 : 소매(몌),,10,U+8882
侔,모,모 : 같을(모),,8,U+4F94
侮,모,모 : 업신여길(모) 조롱할(모),매,9,U+4FAE
冒,모,모 : 무릅쓸(모) 거짓쓸(모),모 : 무릅쓸(모) 거 짓쓸(모) 선우이름 (묵),9,U+5192
募,모,모 : 뽑을(모) 부를(모),모 : 뽑을(모) 부를 (모),13,U+52DF
姆,모,모 : 유모(모),무 : 여스승(무),8,U+59C6
姥,모,모 : 할미(모),노,9,U+59E5
媢,모,모 : 강새암할(모),,12,U+5AA2
嫫,모,모 : 못생길(모),막,14,U+5AEB
帽,모,모 : 건(모) 두겁(모),,12,U+5E3D
恈,모,모 : 탐낼(모)  탐내어아낄(모),무 : 탐내어아낄(무),9,U+6048
慔,모,모: 힘쓸(모),,14,U+6154
慕,모,모 : 사모할(모),,15,U+6155
摸,모,모 : 더듬을(모),막,14,U+6478
摹,모,모 : 본뜰(모),,15,U+6479
旄,모,모 : 기(모) 늙은이(모),,10,U+65C4
暮,모,모 : 저물(모) 늦을(모),막,15,U+66AE
某,모,모 : 아무(모),,9,U+67D0
模,모,모 : 법(모) 본(모),"막,묘",15,U+6A21
母,모,모 : 어미(모),,4,U+6BCD
毛,모,모 : 털(모) 풀(모) 근소(모),,4,U+6BDB
洠,모,모 : 물가언덕(모),,9,U+6D20
牟,모,모 : 탐할(모),무,6,U+725F
牡,모,모 : 수컷(모) 모란(모),"목,무",7,U+7261
瑁,모,모 : 대모(모),,13,U+7441
皃,모,모 : 모양(모),아,7,U+7683
眊,모,모 : 흐릴(모),,9,U+770A
眸,모,모 : 눈동자(모),,11,U+7738
矛,모,모 : 창(모),"서,예,유",5,U+77DB
耄,모,모 : 늙을(모),,10,U+8004
耗,모,모 : 쓸(모) 소식(모),,10,U+8017
芼,모,모 : 뽑을(모),,10,U+82BC
茅,모,모 : 띠(모),,11,U+8305
蝥,모,모 : 뿌리잘라먹는벌레(모),무,15,U+8765
蟊,모,모 : 뿌리잘라먹는벌레(모),,17,U+87CA
謀,모,모 : 꾀할(모) 의논할(모),모 : 꾀할(모) 의논 할(모),16,U+8B00
謨,모,모 : 꾀(모),,18,U+8B28
貌,모,모 : 모양(모),"막,묘",14,U+8C8C
軞,모,모: 모거(모),,11,U+8EDE
髦,모,모 : 다팔머리(모)  뛰어날(모),,14,U+9AE6
򠅝,모,모,,17,U+A015D
򠅞,모,모,,15,U+A015E
򠅟,모,모,,15,U+A015F
򠅠,모,모,,17,U+A0160
򠅡,모,모,,14,U+A0161
򠅢,모,모,,18,U+A0162
򠅣,모,모,,17,U+A0163
򠅤,모,모,,10,U+A0164
򠅥,모,모,,11,U+A0165
򠊖,모,모 : 힘쓸(모),,15,U+A0296
橅,"모,무","모,무 : 법(무)",,16,U+6A45
坶,목,목 : 양토(목),"모,무 : 양토(모)",8,U+5776
木,목,목 : 나무(목),,4,U+6728
沐,목,목 : 머리감을(목),"수,휴",7,U+6C90
炑,목,목 : 불활활붙을(목),"숙,휴",8,U+7091
牧,목,목 : 기를(목) 목장(목),"민,수",8,U+7267
目,목,목 : 눈(목) 조목(목),,5,U+76EE
睦,목,목 : 화목할(목),"계,비,육",13,U+7766
穆,목,목 : 공경할(목) 온화할(목),목 : 공경할(목) 온 화할(목),16,U+7A46
苜,목,목 : 거여목(목),말,11,U+82DC
鶩,목,목 : 집오리(목),,20,U+9DA9
歿,몰,몰 : 죽을(몰),,8,U+6B7F
沒,몰,몰 : 빠질(몰),,7,U+6C92
䑃,몽,몽,망,18,U+4443
夢,몽,몽 : 꿈(몽),,14,U+5922
幪,몽,몽 : 덮을(몽),,17,U+5E6A
懞,몽,몽 : 흐리멍덩할(몽),,17,U+61DE
曚,몽,몽 : 어스레할(몽),,17,U+66DA
朦,몽,몽 : 흐릴(몽),,18,U+6726
溕,몽,몽 : 흐릴(몽),,13,U+6E95
濛,몽,몽 : 가랑비올(몽),,17,U+6FDB
瞢,몽,몽 : 어두울(몽),,16,U+77A2
矇,몽,몽 : 소경(몽),,19,U+77C7
艨,몽,몽 : 싸움배(몽),,20,U+8268
蒙,몽,몽 : 입을(몽) 덮을(몽),몽 : 입을(몽) 덮을 (몽),16,U+8499
雺,몽,몽 : 해미낄(몽)  안개(몽),무,13,U+96FA
鸏,몽,몽 : 열대조(몽),,25,U+9E0F
򠅦,몽,몽,,16,U+A0166
򠅧,몽,몽,,16,U+A0167
卯,묘,묘 : 넷째지지(묘),"이,인",5,U+536F
墓,묘,묘 : 무덤(묘),모,14,U+5893
妙,묘,묘 : 묘할(묘),"사,이",7,U+5999
嫹,묘,묘 : 아름다울(묘),,15,U+5AF9
廟,묘,묘 : 사당(묘),,15,U+5EDF
描,묘,묘 : 그릴(묘),,12,U+63CF
昴,묘,묘 : 별이름(묘),모,9,U+6634
杳,묘,묘 : 어두울(묘),"모,행",8,U+6773
淼,묘,묘 : 아득할(묘),,12,U+6DFC
渺,묘,묘 : 아득할(묘),모,12,U+6E3A
猫,묘,묘 : 고양이(묘),,12,U+732B
眇,묘,묘 : 애꾸눈(묘) 작을(묘),,9,U+7707
竗,묘,묘 : 땅이름(묘),묘 : 땅이름(묘/소),9,U+7AD7
苗,묘,묘 : 모(묘),모,11,U+82D7
藐,묘,묘 : 작을(묘),막 : 작을(막),20,U+85D0
貓,묘,묘 : 고양이(묘),,16,U+8C93
錨,묘,묘 : 닻(묘),모,17,U+9328
򠅩,묘,묘,,11,U+A0169
򠅪,묘,묘,,16,U+A016A
򠅫,묘,묘,,13,U+A016B
򠉮,묘,묘,,21,U+A026E
򠉯,묘,묘,,24,U+A026F
畝,"묘,무","묘,무 : 밭이랑(묘/무)",모 : 밭이랑(묘/무),10,U+755D
訬,"묘,초","묘,초 : 가벼울(초) 빠를(초)",,11,U+8A2C
儛,무,무 : 춤출(무),,16,U+511B
務,무,무 : 힘쓸(무) 일(무),,11,U+52D9
嘸,무,무 : 분명하지않을(무) 놀랄(무),,15,U+5638
堥,무,무 : 질그릇(무) 앞 높고 뒤 낮은 언덕(무),,12,U+5825
娬,무,무 : 예쁠(무),"미,빈",10,U+5A2C
嫵,무,무 : 아리따울(무),,15,U+5AF5
巫,무,무 : 무당(무),,7,U+5DEB
廡,무,무 : 곁채(무),,15,U+5EE1
憮,무,무 : 멍할(무),호,15,U+61AE
懋,무,무 : 힘쓸(무) 성대할(무),수,17,U+61CB
戊,무,무 : 다섯째천간(무),,5,U+620A
拇,무,무 : 엄지손가락(무),모,8,U+62C7
撫,무,무 : 어루만질(무),,15,U+64AB
无,무,무 : 없을(무),,4,U+65E0
楙,무,무 : 모과나무(무) 성할(무),무 : 모과나무(무)  성할(무),13,U+6959
橆,무,무 : 없을(무) 번성할(무),,16,U+6A46
武,무,무 : 굳셀(무) 병법(무),무 : 굳셀(무) 병법 (무),8,U+6B66
毋,무,무 : 없을(무) 말(무),,4,U+6BCB
無,무,무 : 없을(무),,12,U+7121
珷,무,무 : 옥돌(무),빈,12,U+73F7
璑,무,무,,16,U+7491
碔,무,무 : 옥돌(무),,13,U+7894
繆,무,무 : 얽을(무),"규,류,목,유  : 사당차례(목)   목맬(규)   두를(료)",17,U+7E46
膴,무,무 : 포(무),,16,U+81B4
舞,무,무 : 춤출(무),,14,U+821E
茂,무,무 : 우거질(무) 성할(무),무 : 우거질(무) 성 할(무),11,U+8302
蕪,무,무 : 거칠(무) 어지러울(무),무 : 거칠(무) 어지 러울(무),18,U+856A
誣,무,무 : 꾸밀(무) 속일(무),무 : 꾸밀(무) 속일 (무),14,U+8AA3
貿,무,무 : 장사할(무) 살(무),무 : 장사할(무) 살 (무),12,U+8CBF
霧,무,무 : 안개(무),,19,U+9727
騖,무,무,,19,U+9A16
鵡,무,무 : 앵무새(무),,18,U+9D61
򠅬,무,무,,11,U+A016C
򠅭,무,무,,18,U+A016D
嘿,묵,묵 : 잠잠할(묵),,15,U+563F
墨,묵,묵 : 먹(묵),,15,U+58A8
默,묵,묵 : 잠잠할(묵),태,16,U+9ED8
們,문,문 : 들(문),,10,U+5011
刎,문,문 : 목자를(문),,6,U+520E
吻,문,문 : 입술(문),,7,U+543B
問,문,문 : 물을(문),,11,U+554F
妏,문,문 : 낳을(문) 여자이름(문),민,7,U+598F
悗,문,문 : 잊어버릴(문) 의혹할(문),만 : 잊어버릴(만),10,U+6097
懣,문,문 : 번민할(문),만 : 번민할(만),18,U+61E3
抆,문,문 : 닦을(문),민,7,U+6286
捫,문,문 : 더듬을(문),,11,U+636B
文,문,문 : 글월(문),,4,U+6587
汶,문,문 : 물이름(문),"민,빈,우",7,U+6C76
炆,문,문 : 연기날(문),민,8,U+7086
璊,문,문 : 붉은옥(문),만,15,U+748A
紊,문,문 : 어지러울(문),,10,U+7D0A
紋,문,문 : 무늬(문),민,10,U+7D0B
聞,문,문 : 들을(문) 맡을(문) 알려질(문) 이름(문),이,14,U+805E
芠,문,문 : 풀(문) 분명치않을(문),"영,지",10,U+82A0
蚊,문,문 : 모기(문),,10,U+868A
門,문,문 : 문(문) 집(문) 지체(문),,8,U+9580
雯,문,문 : 무늬(문),우,12,U+96EF
玧,"문,윤","문,윤 : 붉은구슬(윤)",,8,U+73A7
勿,물,물 : 없을(물) 말(물),,4,U+52FF
沕,물,물 : 잠길(물),"매,미",7,U+6C95
物,물,물 : 물건(물) 일(물),,8,U+7269
㵟,미,미: 물가(미),,16,U+3D5F
䋛,미,미,,12,U+42DB
䍘,미,미,,11,U+4358
亹,미,미 : 부지런할(미) 흐를(미),문,21,U+4EB9
侎,미,미 : 어루만질 (미) 사랑할(미),"수,채",8,U+4F8E
冞,미,미: 두루다닐(미) 깊을(미),,8,U+519E
味,미,미 : 맛(미) 맛볼(미),,8,U+5473
咪,미,미 : 양우는소리(미),,9,U+54AA
堳,미,미 : 담(미),,12,U+5833
娓,미,미 : 예쁠(미),,10,U+5A13
媄,미,미 : 빛고을(미),,12,U+5A84
媚,미,미 : 아첨할(미),,12,U+5A9A
媺,미,미 : 착할(미),,13,U+5ABA
尾,미,미 : 꼬리(미) 끝(미),,7,U+5C3E
嵄,미,미 : 깊은산(미),,12,U+5D44
嵋,미,미 : 산이름(미),,12,U+5D4B
弥,미,미 : 활부릴(미) 두루(미),미 : 활부릴(미) 두 루(미),8,U+5F25
弭,미,미 : 활고자(미) 그칠(미),,9,U+5F2D
彌,미,미 : 퍼질(미) 더욱(미),아,17,U+5F4C
微,미,미 : 작을(미) 정묘할(미),휘,13,U+5FAE
敉,미,미 : 어루 만질(미),"매,민,힝",10,U+6549
未,미,미 : 여덟째지지(미) 아닐(미),미 : 여덟째지지(미)  아닐(미),5,U+672A
梶,미,미 : 나무끝(미) 키(미),미 : 나무끝(미) 키 (미),11,U+68B6
楣,미,미 : 문미(미),,13,U+6963
洣,미,미 : 물결(미) 물이 름(미),,9,U+6D23
浘,미,미 : 미려혈(미) 샘밑(미),,10,U+6D58
渳,미,미 : 물질펀할(미) 송장목욕시킬(미),,12,U+6E33
渼,미,미 : 파문(미) 물이름(미),"비,양",12,U+6E3C
湄,미,미 : 물가(미),,12,U+6E44
溦,미,미 : 가랑비(미),,13,U+6EA6
瀰,미,미 : 치런치런할(미),"니,이",20,U+7030
煝,미,미 : 불꽃 (미),"민,이,화",13,U+715D
獼,미,미 : 원숭이(미),,20,U+737C
瑂,미,미 : 옥돌(미),민,13,U+7442
眉,미,미 : 눈썹(미),,9,U+7709
米,미,미 : 쌀(미) 미터(미),,6,U+7C73
糜,미,미 : 죽(미) 문드러질(미) 소비할(미) 조(미),,17,U+7CDC
縻,미,미 : 고삐(미)  묶을(미),마,17,U+7E3B
美,미,미 : 아름다울(미),,9,U+7F8E
苿,미,미 : 맛(미) 맛볼(미),,11,U+82FF
菋,미,미 : 오미자(미),,14,U+83CB
薇,미,미 : 고비(미) 장미(미),채,19,U+8587
蘪,미,미: 궁궁이싹(미),,23,U+862A
蘼,미,미 : 궁궁이(미),,25,U+863C
謎,미,미 : 수수께끼(미),,17,U+8B0E
躾,미,미 : 예절가르칠(미)(일본한자),미 : 예절가르칠(미) (일본한자),16,U+8EBE
迷,미,미 : 헤맬(미),,10,U+8FF7
郿,미,미 : 고을이름(미),이,12,U+90FF
靡,미,미 : 씨없앨(미) 쓰러질(미),마,19,U+9761
麋,미,미 : 순록(미),,17,U+9E8B
黴,미,미 : 곰팡이(미) 때낄(미),미 : 곰팡이(미) 때 낄(미),23,U+9EF4
𥹄,미,미,매,11,U+25E44
򠅮,미,미,,19,U+A016E
򠈧,미,미,,13,U+A0227
򠋘,미,미 : 맛(미) 맛볼(미),,8,U+A02D8
䃉,민,민,,14,U+40C9
䪸,민,민,원,14,U+4AB8
僶,민,민 : 힘쓸(민),,15,U+50F6
岷,민,민 : 산이름(민),,8,U+5CB7
忞,민,민 : 힘쓸(민),"문,인 : 힘쓸(민/문)",8,U+5FDE
忟,민,민 : 힘쓸(민),"문,인 : 힘쓸(문)",7,U+5FDF
怋,민,민 : 민망할(민) 어지러울(민),,8,U+600B
悶,민,민 : 번민(민),심,12,U+60B6
愍,민,민 : 근심할(민),,13,U+610D
憫,민,민 : 불쌍히여길(민),,15,U+61AB
抿,민,민 : 닦을(민),문 : 닦을(문),8,U+62BF
敃,민,민 : 강인할(민) 힘쓸(민),민 : 강인할(민) 힘 쓸(민),9,U+6543
敏,민,민 : 민첩할(민),,11,U+654F
旻,민,민 : 하늘(민),"경,문,욱,호",8,U+65FB
旼,민,민 : 화할(민),"문,병",8,U+65FC
暋,민,민 : 강할(민),,13,U+668B
民,민,민 : 백성(민),,5,U+6C11
泯,민,민 : 멸할(민),,8,U+6CEF
潣,민,민 : 물졸졸흘러내릴(민),연,15,U+6F63
玟,민,민 : 옥돌(민),민 : 옥돌(민) 옥무 늬(문),8,U+739F
珉,민,민 : 옥돌(민),,9,U+73C9
琘,민,민: 옥돌(민) 珉와 同字,"가, 혼",12,U+7418
琝,민,민: 옥돌(민),,12,U+741D
瑉,민,민 : 옥다음가는돌(민),,13,U+7449
盿,민,민 : 볼(민),"문,민,반 : 볼(민)",9,U+76FF
砇,민,민 : 옥돌(민),"문,석,창",9,U+7807
緍,민,민 : 낚시줄(민),,14,U+7DCD
緡,민,민 : 낚싯줄(민) 돈꿰미(민),민 : 낚싯줄(민) 돈 꿰미(민) 새우는소 리(면),15,U+7DE1
罠,민,민: 고라니그물(민) 낚시(민),,10,U+7F60
脗,민,민,"문,소 : 풀새로날(문)",11,U+8117
苠,민,민 : 늦게여물(민),,11,U+82E0
鈱,민,민 : 철판(민),,13,U+9231
錉,민,민 : 업(민) 장사밑천(민) 부세(민),"은,혼",16,U+9309
鍲,민,민 : 부세회계할(민)  장사밑천(민),,17,U+9372
閔,민,민 : 우환(민) 근심할(민)  가엽게여길(민) 힘쓸(민),민 : 우환(민) 근심 할(민)  가엽게여 길(민) 힘쓸(민),12,U+9594
閩,민,민 : 오랑캐이름(민) 나라이름(민),,14,U+95A9
鰵,민,민 : 대구(민),,22,U+9C35
黽,민,민 : 힘쓸(민),"구,맹,명,승 : 맹꽁이(맹) ",13,U+9EFD
𩔉,민,민,혼,18,U+29509
󳑐,민,민 : 총명할(민) 슬 플(민),,26,U+F3450
密,밀,밀 : 빽빽할(밀) 몰래(밀),경,11,U+5BC6
樒,밀,밀: 침향나무(밀),,15,U+6A12
滵,밀,밀 : 물졸졸흐를(밀),,14,U+6EF5
蜜,밀,밀 : 꿀(밀),,14,U+871C
謐,밀,밀 : 고요할(밀),,17,U+8B10
亳,박,박 : 은나라서울(박),,10,U+4EB3
剝,박,박 : 벗길(박),,10,U+525D
博,박,박 : 넓을(박),,12,U+535A
拍,박,박 : 칠(박) 박자(박),백,8,U+62CD
撲,박,박 : 칠(박),복 : 종아리채(복),15,U+64B2
朴,박,박 : 나무껍질(박),,6,U+6734
樸,박,박 : 순박할(박) 통나무(박),복,16,U+6A38
欂,박,박 : 두공(박),,21,U+6B02
泊,박,박 : 배머무를(박),백,8,U+6CCA
牔,박,박 : 박공(박),,14,U+7254
璞,박,박 : 옥덩이(박),복,16,U+749E
箔,박,박 : 금박(박),,14,U+7B94
粕,박,박 : 지게미(박),,11,U+7C95
縛,박,박 : 묶을(박) 얽을(박) 포승(박),박 : 묶을(박) 얽을 (박) 포승(박),16,U+7E1B
膊,박,박 : 어깨(박) 포(박),,14,U+818A
舶,박,박 : 큰배(박),백,11,U+8236
薄,박,박 : 얇을(박) 숲(박),,19,U+8584
迫,박,박 : 핍박할(박) 닥칠(박),박 : 핍박할(박) 닥 칠(박),9,U+8FEB
鉑,박,박 : 금박(박),백,13,U+9251
鎛,박,박 : 쇠북(박),,18,U+939B
鑮,박,박 : 큰쇠북(박) 호미(박),,25,U+946E
雹,박,박 : 누리(박),,13,U+96F9
駁,박,박 : 얼룩얼룩할(박) 섞일(박) 논박할(박),박 : 얼룩얼룩할(박)  섞일(박) 논박할 (박),14,U+99C1
駮,박,박 : 논박할(박),,16,U+99EE
髆,박,박 : 어깨죽지(박),,20,U+9AC6
򠅯,박,박,,19,U+A016F
珀,"박,백","박,백: 호박(박)",백,9,U+73C0
伴,반,반 : 짝(반),,7,U+4F34
半,반,반 : 절반(반),,5,U+534A
反,반,반 : 돌이킬(반) 뒤집을(반),반 : 돌이킬(반) 뒤 집을(반),4,U+53CD
叛,반,반 : 배반할(반),판,9,U+53DB
媻,반,반 : 비틀거릴(반),,13,U+5ABB
扳,반,반 : 당길(반),"판,흡",7,U+6273
拌,반,반 : 버릴(반),,8,U+62CC
搫,반,반 : 덫놔잡을(반) ,,14,U+642B
搬,반,반 : 옮길(반),,13,U+642C
攀,반,반 : 잡고오를(반),,19,U+6500
攽,반,반: 나눌(반),,8,U+653D
斑,반,반 : 얼룩(반),문,12,U+6591
朌,반,반 : 구실매길(반),분,8,U+670C
槃,반,반 : 쟁반(반) 즐길(반) 멈출(반),반 : 쟁반(반) 즐길 (반) 멈출(반),14,U+69C3
泮,반,반 : 녹을(반) 나누일(판),반 : 녹을(반) 나누 일(판),8,U+6CEE
溿,반,반 : 물가(반),,13,U+6EBF
潘,반,반 : 뜨물(반),번 : 뜨물(반/번),15,U+6F58
瀊,반,반 : 물돌(반),,18,U+700A
班,반,반 : 나눌(반) 차례(반),반 : 나눌(반) 차례 (반),10,U+73ED
畔,반,반 : 두둑(반),,10,U+7554
瘢,반,반 : 흉(반),,15,U+7622
盤,반,반 : 쟁반(반) 대야(반),반 : 쟁반(반) 대야 (반),15,U+76E4
盼,반,반 : 곁눈질할(반) 눈(반),분,9,U+76FC
磐,반,반 : 너럭바위(반),,15,U+78D0
礬,반,반 : 광물이름(반),번,20,U+792C
絆,반,반 : 줄(반) 맬(반),,11,U+7D46
胖,반,반 : 뚱뚱할(반) 클(반),,9,U+80D6
般,반,반 : 일반(반),,10,U+822C
螌,반,반 : 가뢰(반),,16,U+878C
蟠,반,반 : 서릴(반),,18,U+87E0
返,반,반 : 돌아올(반),,8,U+8FD4
頒,반,반 : 펼(반) 나눌(반) 머리반쯔멜(반),분 : 머리클(분),13,U+9812
頖,반,반 : 제후의학교(반)  반궁(반),,14,U+9816
飯,반,반 : 밥(반) 먹을(반),,13,U+98EF
磻,"반,번","반,번 : 물이름(반/번)","반,번 : 물이름(반/ 번) 돌살촉(파)",17,U+78FB
豳,"반,빈","반,빈 : 나라이름(빈)",,17,U+8C73
勃,발,발 : 활발할(발),,9,U+52C3
哱,발,발 : 어지러울(발),,10,U+54F1
拔,발,발 : 뽑을(발),,8,U+62D4
撥,발,발 : 다스릴(발),규 : 방패(벌),15,U+64A5
浡,발,발 : 우쩍일어날(발),,10,U+6D61
渤,발,발 : 바다(발),바,12,U+6E24
潑,발,발 : 뿌릴(발),,15,U+6F51
發,발,발 : 필(발) 일으킬(발),발 : 필(발) 일으킬 (발),12,U+767C
脖,발,발 : 목(발),,11,U+8116
跋,발,발 : 밟을(발),,12,U+8DCB
醱,발,발 : 빚을(발),,19,U+91B1
鈸,발,발 : 동발(발),,13,U+9238
鉢,발,발 : 바리때(발),"본,악",13,U+9262
馞,발,발 : 향내물큰날(발),,16,U+999E
髮,발,발 : 머리(발),,15,U+9AEE
魃,발,발 : 가물귀신(발),,15,U+9B43
鵓,발,발 : 집비둘기(발),,18,U+9D53
炦,"발,별","발,별: 김오를(별) 불기운(별)",,9,U+70A6
仿,방,방 : 비슷할(방),,6,U+4EFF
倣,방,방 : 비슷할(방),효,10,U+5023
傍,방,방 : 곁(방),,12,U+508D
厖,방,방 : 두터울(방) 섞일(방),,9,U+5396
嗙,방,방 : 큰소리할(방),,13,U+55D9
坊,방,방 : 동네(방),,7,U+574A
塝,방,방 : 언덕위땅(방),,13,U+585D
妨,방,방 : 거리낄(방),,7,U+59A8
尨,방,방 : 삽살개(방),,7,U+5C28
幇,방,방 : 도울(방),,12,U+5E47
幫,방,방 : 도울(방),,17,U+5E6B
彷,방,방 : 비슷할(방) 배회할(방),방 : 비슷할(방) 배 회할(방),7,U+5F77
徬,방,방 : 배회할(방),,13,U+5FAC
房,방,방 : 집(방),,8,U+623F
搒,방,방 : 매질(방)  배저을(방),병,13,U+6412
放,방,방 : 놓을(방),,8,U+653E
方,방,방 : 모(방),,4,U+65B9
旁,방,방 : 곁(방) 다를(방),팽,10,U+65C1
旊,방,방 : 질그릇장인(방),,10,U+65CA
昉,방,방 : 밝을(방) 비로소(방),방 : 밝을(방) 비로 소(방),8,U+6609
枋,방,방 : 나무이름(방),병 : 자루(병),8,U+678B
梆,방,방 : 목탁(방),견,11,U+6886
榜,방,방 : 패(방) 노(방),,14,U+699C
汸,방,방 : 큰비(방) 배아우러맬(방),,7,U+6C78
滂,방,방 : 물세찰(방),,13,U+6EC2
牓,방,방 : 패(방) 방목(방),,14,U+7253
玤,방,방 : 옥돌(방) 땅이름(방),,8,U+73A4
磅,방,방 : 돌떨어지는소리(방) 파운드(방),,15,U+78C5
紡,방,방 : 실뽑을(방),,10,U+7D21
肪,방,방 : 비계(방),,8,U+80AA
膀,방,방 : 오줌통(방),,14,U+8180
舫,방,방 : 방주(방) 배(방),방 : 방주 방 배(방),10,U+822B
舽,방,방 : 방쌍배(방),,12,U+823D
芳,방,방 : 향내날(방),해,10,U+82B3
蒡,방,방 : 우엉(방),,16,U+84A1
蚌,방,방 : 씹조개(방) 방합(방),방 : 씹조개(방) 방 합(방),10,U+868C
螃,방,방 : 방게(방),,16,U+8783
訪,방,방 : 물을(방) 찾을(방),방 : 물을(방) 찾을 (방),11,U+8A2A
謗,방,방 : 헐뜯을(방),,17,U+8B17
邦,방,방 : 나라(방),나,7,U+90A6
鎊,방,방 : 깍을(방),,18,U+938A
防,방,방 : 막을(방),,7,U+9632
髣,방,방 : 비슷할(방),,14,U+9AE3
魴,방,방 : 방어(방),,15,U+9B74
龐,방,방 : 클(방) 어지러울(방),"농,롱,용",19,U+9F90
򠅰,방,방,,10,U+A0170
򠅱,방,방,,16,U+A0171
䔒,배,배,,17,U+4512
俖,배,배 : 아니될(배),,9,U+4FD6
俳,배,배 : 익살(배),,10,U+4FF3
倍,배,배 : 곱(배) 더할(배),,10,U+500D
坏,배,배 : 흙칠할(배) 혹(회)(壞의 간체자),괴 : 무너뜨릴(괴) 혹(회)(壞의 간체자),7,U+574F
培,배,배 : 북돋울(배),"부,오 : 언덕(부)",11,U+57F9
徘,배,배 : 노닐(배),,11,U+5F98
扒,배,배 : 뽑을(배),팔,5,U+6252
拜,배,배 : 절(배),,9,U+62DC
排,배,배 : 밀칠(배) 늘어설(배) 줄(배),배 : 밀칠(배) 늘어 설(배) 줄(배),11,U+6392
杯,배,배 : 잔(배),,8,U+676F
湃,배,배 : 물결소리(배),,12,U+6E43
焙,배,배 : 쬐어말릴(배),,12,U+7119
环,배,배 : 배교(배),환,8,U+73AF
琲,배,배 : 구슬꿰미(배),"도,보,비,주",12,U+7432
盃,배,배 : 잔(배),,9,U+76C3
背,배,배 : 등(배) 등질(배),,9,U+80CC
胚,배,배 : 아이밸(배) 시초(배),배 : 아이밸(배) 시 초(배),9,U+80DA
蓓,배,배 : 꽃망울(배),,16,U+84D3
裴,배,배 : 옷치렁치렁할(배),,14,U+88F4
裵,배,배 : 성(배)(한국한자),배 : 성(배)(한국 한자),14,U+88F5
褙,배,배 : 배접할(배),,15,U+8919
賠,배,배 : 배상(배),,15,U+8CE0
輩,배,배 : 무리(배) 견줄(배) 순서(배),배 : 무리(배) 견줄 (배) 순서(배),15,U+8F29
配,배,배 : 짝지을(배) 나눌(배) 귀양보낼(배),배 : 짝지을(배) 나 눌(배) 귀양보낼(배),10,U+914D
陪,배,배 : 모실(배) 도울(배),배 : 모실(배) 도울 (배),11,U+966A
北,"배,북","배,북 : 북녘(북) 뒤(북) 나눌(배) 배반할(배)","배,북 : 북녘(북)  뒤(북) 나눌(배)  배반할(배)",5,U+5317
貝,"배,패","배,패: 조개(패) 돈(패)",배,7,U+8C9D
䞟,백,백,,12,U+479F
伯,백,백 : 맏(백),파,7,U+4F2F
佰,백,백 : 백사람(백) 어른(백),백 : 백사람(백) 어 른(백),8,U+4F70
帛,백,백 : 비단(백),금,8,U+5E1B
柏,백,백 : 측백나무(백),,9,U+67CF
栢,백,백 : 측백나무(백),,10,U+6822
白,백,백 : 흰빛(백),,5,U+767D
百,백,백 : 일백(백),,6,U+767E
苩,백,백 : 성 (백),"백,파 : 꽃(파) 성(백)",11,U+82E9
魄,백,백 : 넋(백),백 : 넋(백) 찌끼(박),15,U+9B44
򠉥,백,백,,16,U+A0265
勫,번,번 : 건장할(번),,14,U+52EB
幡,번,번 : 표기(번),,15,U+5E61
樊,번,번 : 울(번),,15,U+6A0A
煩,번,번 : 번민할(번),"경,순",13,U+7169
燔,번,번 : 사를(번),,16,U+71D4
璠,번,번 : 옥(번),"반,옥",16,U+74A0
番,번,번 : 번(번),"반,파",12,U+756A
繁,번,번 : 번거로울(번),"민,반 : 뱃대끈(반)",17,U+7E41
繙,번,번 : 풀(번) 펴볼(번),,18,U+7E59
翻,번,번 : 뒤집을(번),,18,U+7FFB
膰,번,번 : 제육(번),,16,U+81B0
蕃,번,번 : 우거질(번),,18,U+8543
藩,번,번 : 울(번),,21,U+85E9
蘩,번,번 : 산흰쑥(번),,23,U+8629
袢,번,번 : 여름옷(번),,11,U+88A2
飜,번,번 : 뒤집을(번),,21,U+98DC
򠅲,번,번,,18,U+A0172
򠅳,번,번,,21,U+A0173
伐,벌,벌 : 칠(벌),,6,U+4F10
橃,벌,벌 : 큰배(벌)  떼(벌) 유자(벌),계,16,U+6A43
筏,벌,벌 : 떼(벌),,12,U+7B4F
罰,벌,벌 : 벌할(벌),,14,U+7F70
罸,벌,벌 : 벌(벌) 벌할(벌),,15,U+7F78
閥,벌,벌 : 공로(벌) 지체(벌) 기둥(벌),벌 : 공로(벌) 지체 (벌) 기둥(벌),14,U+95A5
凡,범,범 : 대강(범),봉,3,U+51E1
帆,범,범 : 돛(범),판,6,U+5E06
杋,범,범 : 수부나무(범),,7,U+674B
梵,범,범 : 깨끗할(범),,11,U+68B5
氾,범,범 : 넘칠(범) 넓을(범),범 : 넘칠(범) 넓을 (범),5,U+6C3E
汎,범,범 : 뜰(범) 넓을(범),신,6,U+6C4E
泛,범,범 : 뜰(범) 넘칠(범),홍,8,U+6CDB
渢,범,범,풍 : 물소리(풍),12,U+6E22
滼,범,범: 뜰(범),,14,U+6EFC
犯,범,범 : 범할(범),,5,U+72AF
笵,범,범 : 벌(범) 본보기(범),,11,U+7B35
範,범,범 : 법(범),,15,U+7BC4
范,범,범 : 성(범) 땅이름(범),원,11,U+8303
訉,범,범 : 말수다할(범),,10,U+8A09
釩,범,범 : 떨칠(범),,11,U+91E9
颿,범,범 : 돛(범),,19,U+98BF
򠅴,범,범,,11,U+A0174
法,법,법 : 법(법),,8,U+6CD5
琺,법,법 : 법랑(법),림,12,U+743A
僻,벽,벽 : 후미질(벽),,15,U+50FB
劈,벽,벽 : 뻐갤(벽) 천둥(벽),벽 : 뻐갤(벽) 천둥 (벽),15,U+5288
壁,벽,벽 : 벽(벽) 낭떠러지(벽),벽 : 벽(벽) 낭떠러 지(벽),16,U+58C1
擗,벽,벽 : 가슴칠(벽) 딸(벽),,16,U+64D7
擘,벽,벽 : 나눌(벽) 엄지손가락(벽),벽 : 나눌(벽) 엄지 손가락(벽),16,U+64D8
檗,벽,벽 : 황경피나무(벽),,17,U+6A97
璧,벽,벽 : 도리옥(벽),,17,U+74A7
甓,벽,벽 : 벽돌(벽) 기와(벽),,18,U+7513
疈,벽,벽 : 쪼갤(벽) 제수이름(벽),,20,U+7588
癖,벽,벽 : 버릇(벽),,18,U+7656
碧,벽,벽 : 푸를(벽),백,14,U+78A7
蘗,벽,벽 : 황경피나무(벽),,23,U+8617
襞,벽,벽 : 옷접을(벽),,19,U+895E
辟,벽,벽 : 피할(벽) 법(벽),피 : 피할(피) 법(피),13,U+8F9F
闢,벽,벽 : 열(벽) 열릴(벽),,21,U+95E2
霹,벽,벽 : 천둥(벽),,21,U+9739
鷿,벽,벽 : 농병아리(벽),,24,U+9DFF
鼊,벽,벽 : 거북(벽),,26,U+9F0A
򠅵,벽,벽,,23,U+A0175
卞,변,변 : 조급할(변),,4,U+535E
弁,변,변 : 고깔(변),"관,반,승",5,U+5F01
忭,변,변 : 좋아할(변),,7,U+5FED
抃,변,변 : 손뼉칠(변),,7,U+6283
腁,변,변 : 못박힐(변),,12,U+8141
變,변,변 : 변할(변),련,23,U+8B8A
賆,변,변 : 더할(변),,13,U+8CC6
辨,변,변 : 나눌(변),,16,U+8FA8
辮,변,변 : 땋을(변),,20,U+8FAE
辯,변,변 : 말잘할(변),,21,U+8FAF
邊,변,변 : 가(변),,19,U+908A
釆,변,변 : 나눌(변),,7,U+91C6
駢,변,변 : 나란히할(변),병 : 나란히할(병),16,U+99E2
骿,변,변 : 통갈비(변),,16,U+9ABF
鴘,변,변 : 묵이매(변) 두해된매(변),,16,U+9D18
򠊊,변,변 : 변두(변),,25,U+A028A
便,"변,편","변,편 : 곧(변) 편할(편)",경,9,U+4FBF
㔡,별,별,,12,U+3521
䭱,별,별,,17,U+4B71
別,별,별 : 다를(별),,7,U+5225
彆,별,별 : 걸끄러울(별),,15,U+5F46
潎,별,별 : 물결서로부딪칠(별),폐,15,U+6F4E
瞥,별,별 : 언뜻볼(별),,17,U+77A5
莂,별,별 : 모종낼(별) 중의글(별),별 : 모종낼(별) 중 의글(별),13,U+8382
襒,별,별 : 떨칠(별),,18,U+8952
鱉,별,별 : 자라(별),,23,U+9C49
鷩,별,별 : 붉은꿩(별),,23,U+9DE9
鼈,별,별 : 자라(별),,25,U+9F08
𩠻,별,별,"달,영,함",13,U+2983B
򠉄,별,별 : 모종낼(별) 중의글(별),별 : 모종낼(별) 중 의글(별),13,U+A0244
丙,병,병 : 세째천간(병),,5,U+4E19
並,병,병 : 나란히할(병),,8,U+4E26
倂,병,병 : 나란히할(병),,10,U+5002
兵,병,병 : 군사(병),,7,U+5175
屛,병,병 : 병풍(병) 물리칠(병),병 : 병풍(병) 물리 칠(병),11,U+5C5B
并,병,병 : 幷(합할(병))의 俗字,병 : 幷(합할(병)) 의 俗字,6,U+5E76
幷,병,병 : 어우를(병),,8,U+5E77
怲,병,병 : 근심할(병),,8,U+6032
抦,병,병 : 잠을(병),,8,U+62A6
昞,병,병 : 빛날(병),욱,9,U+661E
昺,병,병 : 빛날(병),경,9,U+663A
柄,병,병 : 자루(병),육,9,U+67C4
棅,병,병 : 가지(병) 자루(병) 권세(병),병 : 가지(병) 자루 (병) 권세(병),12,U+68C5
炳,병,병 : 빛날(병),형,9,U+70B3
甁,병,병 : 병(병),,13,U+7501
病,병,병 : 병(병),,10,U+75C5
秉,병,병 : 잡을(병),,8,U+79C9
竝,병,병 : 나란히할(병),방,10,U+7ADD
絣,병,병 : 나란히놓을(병),,12,U+7D63
缾,병,병 : 병(병),,12,U+7F3E
苪,병,병 : 나타날(병),"루,예",11,U+82EA
輧,병,병 : 가벼운수레(병),병 : 가벼운수레(병)  변차(변),15,U+8F27
迸,병,병 : 솟아나올(병),,12,U+8FF8
邴,병,병 : 땅이름(병) 맞갖을(병),,8,U+90B4
鈵,병,병 : 굳을(병),,13,U+9235
鉼,병,병 : 쇠덩이(병),형,14,U+927C
餠,병,병 : 떡(병),,17,U+9920
騈,병,병 : 땅이름(병),변 : 나란할(변),18,U+9A08
򠉔,병,병,,16,U+A0254
㻄,보,보,,10,U+3EC4
䀯,보,보,,12,U+402F
俌,보,보 : 도울(보),,9,U+4FCC
保,보,보 : 보설(보) 도울(보) 편할(보),보 : 보설(보) 도울 (보) 편할(보),9,U+4FDD
堡,보,보 : 작은성(보),,12,U+5821
報,보,보 : 알릴(보),,12,U+5831
宝,보,보,형,8,U+5B9D
寶,보,보 : 보배(보),진,20,U+5BF6
普,보,보 : 넓을(보),진,12,U+666E
椺,보,보 : 들보(보),혁,13,U+693A
步,보,보 : 걸을(보),,7,U+6B65
歩,보,보 : 걸음(보),섭,8,U+6B69
洑,보,보 : 보마기(보),"규,복 : 물돌아흐를(복)",9,U+6D11
湺,보,보 : 보(보)(한국한자),선,12,U+6E7A
潽,보,보 : 끓을(보),진,15,U+6F7D
烳,보,보 : 횃불(보),,11,U+70F3
珤,보,보 : 보배(보),,10,U+73E4
甫,보,보 : 겨우(보) 씨(보) 클(보),포,7,U+752B
盙,보,보 : 보(보),,12,U+76D9
簠,보,보 : 보(보),,18,U+7C20
菩,보,보 : 보리(보) 보살(보),배,14,U+83E9
葆,보,보 : 더부룩히날(보),,15,U+8446
補,보,보 : 기울(보),,13,U+88DC
褓,보,보 : 포대기(보),,15,U+8913
譜,보,보 : 적을(보) 계도(보) 악보(보),보 : 적을(보) 계도 (보) 악보(보),19,U+8B5C
賲,보,보 : 거간군(보),,16,U+8CF2
輔,보,보 : 광대뼈(보) 바퀴덧방나무(보) 도울(보),포,14,U+8F14
靌,보,보 : 보배(보),,27,U+974C
鴇,보,보 : 넉새(보),,15,U+9D07
黼,보,보 : 수(보),,19,U+9EFC
𤣰,보,보,"람,지",8,U+248F0
򠅶,보,보,,14,U+A0176
溥,"보,부","보,부 : 넓을(부)",,13,U+6EA5
莆,"보,포","보,포 : 부들(보 /포)",부,13,U+8386
伏,복,복 : 엎드릴(복) 숨을(복) 절기(복),부,6,U+4F0F
僕,복,복 : 종(복),,14,U+50D5
匐,복,복 : 엉금엉금길(복),복 : 엉금엉금길(복/ 북),11,U+5310
卜,복,복 : 점(복) 생각할(복),도,2,U+535C
垘,복,복 : 보막을(복),,9,U+5798
墣,복,복 : 흙덩이(복),박 : 흙덩이(박),15,U+58A3
宓,복,복 : 사람이름(복),"밀,필 : 편안할(밀)",8,U+5B93
幞,복,복 : 건(복),,15,U+5E5E
扑,복,복 : 칠(복) 매(복),,5,U+6251
服,복,복 : 옷(복) 맡을(복) 먹을(복),,8,U+670D
栿,복,복 : 들보(복),,10,U+683F
楅,복,복 : 쇠뿔에가로댄 막대(복) 실그릇(복),벽 : 실그릇(벽),13,U+6945
澓,복,복 : 은혈로흐를(복) 물스며흐를(복),,15,U+6F93
濮,복,복 : 물이름(복),,17,U+6FEE
福,복,복 : 복(복),,14,U+798F
箙,복,복 : 전동(복),,14,U+7B99
腹,복,복 : 배(복),,13,U+8179
茯,복,복 : 복령(복),,12,U+832F
菔,복,복 : 무우(복),,14,U+83D4
蔔,복,복 : 무우(복),,17,U+8514
蝠,복,복 : 노랑가오리(복)  박쥐(복),,15,U+8760
蝮,복,복 : 살무사(복),,15,U+876E
複,복,복 : 겹칠(복),,15,U+8907
覆,복,복 : 엎어질(복),복 : 엎어질(복) 덮 을(부),18,U+8986
諨,복,복 : 갖출(복),,16,U+8AE8
踾,복,복 : 모을(복),,16,U+8E3E
輹,복,복 : 바퀴통(복) 바퀴테(복),경,16,U+8F39
鍑,복,복 : 술가마(복),,17,U+9351
馥,복,복 : 향기(복),,18,U+99A5
鰒,복,복 : 전복(복),,20,U+9C12
鵩,복,복 : 산올빼미(복),,19,U+9D69
򠅷,복,복,,12,U+A0177
򠅸,복,복,,17,U+A0178
󰝧,복,복,,14,U+F0767
復,"복,부","복,부 : 회복할(복) 다시(부)","복,부 : 회복할(복)  다시(부)",12,U+5FA9
輻,"복,폭","복,폭 : 바퀴살(복) 다투어모일(복)",부,16,U+8F3B
畐,"복,핍","복,핍","부,폭",9,U+7550
本,본,본 : 뿌리(본),,5,U+672C
乶,볼,볼 : 음역자(볼)(한국한자),포,8,U+4E76
㦀,봉,봉,,14,U+3980
䭰,봉,봉,,17,U+4B70
丰,봉,봉 : 어여쁠(봉),풍,4,U+4E30
俸,봉,봉 : 녹(봉),,10,U+4FF8
唪,봉,봉 : 읊을(봉),,11,U+552A
夆,봉,봉 : 가릴(봉),혜 : 가릴(해),7,U+5906
奉,봉,봉 : 받들(봉),,8,U+5949
妦,봉,봉 : 아름다울(봉),,7,U+59A6
封,봉,봉 : 봉할(봉),,9,U+5C01
峯,봉,봉 : 산봉우리(봉),,10,U+5CEF
峰,봉,봉 : 산봉우리(봉),,10,U+5CF0
崶,봉,봉 : 봉주산이름(봉),,12,U+5D36
捀,봉,봉 : 받들(봉) 갈라잡고셀(봉),,10,U+6340
捧,봉,봉 : 받들(봉),,11,U+6367
摓,봉,봉 : 궤맬(봉) 받들(봉),,14,U+6453
桻,봉,봉 : 나무가지끝(봉),,11,U+687B
棒,봉,봉 : 몽둥이(봉) 칠(봉),방,12,U+68D2
槰,봉,봉 : 초목무성할(봉),,15,U+69F0
浲,봉,봉 : 물이름(봉),,10,U+6D72
漨,봉,봉 : 물이름(봉),,14,U+6F28
烽,봉,봉 : 봉화(봉),강,11,U+70FD
熢,봉,봉 : 연기자욱할(봉) 불기운(봉),봉 : 연기자욱할(봉)  불기운(봉),15,U+71A2
琫,봉,봉 : 칼집장식(봉),,12,U+742B
篷,봉,봉 : 뜸(봉) 거룻배(봉),,17,U+7BF7
綘,봉,봉 : 꿰맬(봉) 혼솔(봉),,13,U+7D98
縫,봉,봉 : 꿰맬(봉),,17,U+7E2B
芃,봉,봉: 우거질(봉) 길(봉),범,9,U+8283
菶,봉,봉 : 우거질(봉),,14,U+83F6
蓬,봉,봉 : 쑥(봉) 흐트러질(봉),봉 : 쑥(봉) 흐트러 질(봉),17,U+84EC
蜂,봉,봉 : 벌(봉),,13,U+8702
逢,봉,봉 : 만날(봉),,11,U+9022
鋒,봉,봉 : 칼날(봉),,15,U+92D2
韸,봉,봉 : 화할(봉) 북소리(봉),,16,U+97F8
鳳,봉,봉 : 봉새(봉),,14,U+9CF3
鴌,봉,봉 : 새(봉),궉 : 성(궉),15,U+9D0C
򠅹,봉,봉,,17,U+A0179
付,부,부 : 줄(부),,5,U+4ED8
俘,부,부 : 사로잡을(부),,9,U+4FD8
俯,부,부 : 숙일(부),,10,U+4FEF
傅,부,부 : 스승(부) 도울(부),부 : 스승(부) 도울 (부),12,U+5085
剖,부,부 : 가를(부),,10,U+5256
副,부,부,복 : 쪼갤(복),11,U+526F
否,부,부 : 아닐(부),비 : 악할(비),7,U+5426
咐,부,부 : 분부할(부) 숨내쉴(부),부 : 분부할(부) 숨 내쉴(부),8,U+5490
埠,부,부 : 부두(부),보,11,U+57E0
夫,부,부 : 지아비(부),,4,U+592B
婦,부,부 : 지어미(부),,11,U+5A66
媍,부,부 : 지어미(부),,12,U+5A8D
孚,부,부 : 미쁠(부),,7,U+5B5A
孵,부,부 : 알깔(부),,14,U+5B75
富,부,부 : 넉넉할(부),,12,U+5BCC
尃,부,부 : 펼(부),,10,U+5C03
巭,부,부,,9,U+5DED
府,부,부 : 곳집(부),,8,U+5E9C
扶,부,부 : 도울(부) 붙들(부),부 : 도울(부) 붙들 (부),7,U+6276
抔,부,부 : 움켜질(부),,7,U+6294
拊,부,부 : 칠(부),,8,U+62CA
捬,부,부 : 어루만질(부),,11,U+636C
掊,부,부 : 거둘(부),배,11,U+638A
敷,부,부 : 펼(부) 바를(부),,15,U+6577
斧,부,부 : 도끼(부),,8,U+65A7
枎,부,부 : 퍼질(부),,8,U+678E
柎,부,부 : 꽃받침(부),,9,U+67CE
桴,부,부 : 북채(부) 떼(부),,11,U+6874
榑,부,부 : 해돋이뽕나무(부),,14,U+6991
浮,부,부 : 뜰(부),,10,U+6D6E
涪,부,부 : 물이름(부),배,11,U+6DAA
烰,부,부 : 찔(부) 불김(부),,11,U+70F0
父,부,부 : 아비(부),,4,U+7236
玞,부,부 : 옥닮은돌(부),,8,U+739E
玸,부,부 : 옥의무늬(부) 옥이름(부),,9,U+73B8
琈,부,부 : 옥문채(부) 아름다운(부),영,11,U+7408
祔,부,부 : 합장할(부),,10,U+7954
符,부,부 : 맞을(부) 부신(부),부 : 맞을(부) 부신 (부),11,U+7B26
筟,부,부 : 대청(부)  바디(부),,13,U+7B5F
簿,부,부 : 장부(부),,19,U+7C3F
缶,부,부 : 장군(부),,6,U+7F36
罘,부,부 : 그물(부),,9,U+7F58
罦,부,부 : 그물(부),,12,U+7F66
腐,부,부 : 썩을(부),,14,U+8150
腑,부,부 : 내장(부),,12,U+8151
膚,부,부 : 살갗(부) 길이(부),부 : 살갗(부) 길이 (부),15,U+819A
艀,부,부 : 종선(부) 거룻배(부),부 : 종선(부) 거룻 배(부),13,U+8240
芙,부,부 : 부용(부),,10,U+8299
芣,부,부 : 질경이(부),,10,U+82A3
苻,부,부 : 껍질(부),,11,U+82FB
荴,부,부 : 잎이울(부),,13,U+8374
莩,부,부 : 갈대청(부),부 : 갈대청(부) 굶 어죽을(표),13,U+83A9
蔀,부,부 : 서부풀(부) 거적(부),,17,U+8500
蚨,부,부 : 나비(부) 청부(부),,10,U+86A8
蜉,부,부 : 하루살이(부)  왕개미(부),,13,U+8709
袝,부,부 : 성한옷(부),,11,U+889D
裒,부,부 : 모을(부) 모일(부) 줄(부),,12,U+88D2
訃,부,부 : 부고(부),,9,U+8A03
負,부,부 : 짐질(부) 빚질(부) 패할(부),부 : 짐질(부) 빚질 (부) 패할(부),9,U+8CA0
賦,부,부 : 구실(부) 줄(부) 문체이름(부),,15,U+8CE6
賻,부,부 : 부의(부),,17,U+8CFB
赴,부,부 : 다다를(부),,9,U+8D74
趺,부,부 : 받침(부) 책상다리할(부),부 : 받침(부) 책상 다리할(부),11,U+8DBA
跗,부,부 : 발등(부) 받침(부),,12,U+8DD7
部,부,부 : 분류(부),배,11,U+90E8
釜,부,부 : 가마솥(부),,10,U+91DC
鈇,부,부 : 작두(부),,12,U+9207
阜,부,부 : 언덕(부),,8,U+961C
附,부,부 : 붙을(부),,8,U+9644
頫,부,부 : 숙일(부),,15,U+982B
駙,부,부 : 곁말(부) 가까울(부),부 : 곁말(부) 가까 울(부),15,U+99D9
鮒,부,부 : 붕어(부),,16,U+9B92
鳧,부,부 : 물오리(부),,13,U+9CE7
麩,부,부 : 밀기울(부),,15,U+9EA9
򠅺,부,부,,10,U+A017A
򠅻,부,부,,13,U+A017B
不,"부,불","부,불 : 정하지않을(부) 아니(불)",,4,U+4E0D
胕,"부,주","부, 주 : 내장(부)",,9,U+80D5
体,분,분 : 용렬할(분),체 :  몸(체),7,U+4F53
分,분,분 : 나눌(분) 본분(분),분 : 나눌(분) 본분 (분),4,U+5206
吩,분,분 : 분부할(분),,7,U+5429
噴,분,분 : 꾸짖을(분) 뿜을(분) 재채기할(분),분 : 꾸짖을(분) 뿜 을(분) 재채기할(분),15,U+5674
坋,분,분 : 먼지(분) 칠할(분),,7,U+574B
坌,분,분 : 모을(분),,7,U+574C
墳,분,분 : 무덤(분),,15,U+58B3
奔,분,분 : 달아날(분),,8,U+5954
奮,분,분 : 떨칠(분),,16,U+596E
妢,분,분 : 분나라(분),,7,U+59A2
帉,분,분 : 걸레(분) 차는수건(분),,7,U+5E09
弅,분,분 : 높은언덕(분),,7,U+5F05
忿,분,분 : 성낼(분),,8,U+5FFF
憤,분,분 : 결낼(분),,15,U+61A4
扮,분,분 : 꾸밀(분),분 : 꾸밀(반/분)  잡을(반),7,U+626E
昐,분,분 : 햇빛(분),문,8,U+6610
枌,분,분 : 흰느릅나무(분),,8,U+678C
棻,분,분 : 향내나는나무(분),,12,U+68FB
棼,분,분 : 어지러울(분),,12,U+68FC
氛,분,분 : 기운(분) 요기(분),,8,U+6C1B
汾,분,분 : 물이름(분),,7,U+6C7E
泍,분,분 : 샘솟을(분)  물이빨리흐를(분),본,8,U+6CCD
湓,분,분 : 용솟음할(분)  물이름(분),,12,U+6E53
濆,분,분 : 물가(분),,16,U+6FC6
焚,분,분 : 태울(분),옹,12,U+711A
犇,분,분 : 달아날(분)(奔 과 동자),,12,U+7287
玢,분,분 : 옥무늬(분),빈 : 옥무늬(빈),8,U+73A2
畚,분,분 : 동구미(분) 삼태기(분),,10,U+755A
盆,분,분 : 동이(분),,9,U+76C6
砏,분,분 : 우레소리(분) 큰소리(분),반,9,U+780F
秎,분,분 : 벼묶음(분),,9,U+79CE
笨,분,분 : 못생길(분),"본,악",11,U+7B28
粉,분,분 : 가루(분),,10,U+7C89
糞,분,분 : 똥(분),,17,U+7CDE
紛,분,분 : 어지러울(분),,10,U+7D1B
翉,분,분 : 날아오를(분),본,11,U+7FC9
肦,분,분 : 머리클(분),반,8,U+80A6
膹,분,분 : 곰국(분) ,,17,U+81B9
芬,분,분 : 향내(분),,10,U+82AC
葐,분,분 : 성할(분) 향기(분) 딸기(분),,15,U+8450
蕡,분,분 : 열매많을(분)  삼씨(분),,18,U+8561
賁,분,분 : 결낼(분) 클(분),"비,세 : 꾸밀(비)",12,U+8CC1
轒,분,분 : 싸움수레(분)  오랑캐수레이름(분),,19,U+8F52
雰,분,분 : 안개(분),,12,U+96F0
黺,분,분 : 옷에오색수놓을(분),,16,U+9EFA
鼢,분,분 : 두더지(분),,17,U+9F22
򠅼,분,분,,10,U+A017C
佛,불,불 : 부처(불) 그러질(불),불 : 부처(불) 그러 질(불),7,U+4F5B
岪,불,불 : 산첩첩할(불),,8,U+5CAA
弗,불,불 : 아닐(불),,5,U+5F17
彿,불,불 : 비슷할(불),,8,U+5F7F
拂,불,불 : 털(불) 스칠(불),필,8,U+62C2
祓,불,불 : 떨(불),,10,U+7953
紱,불,불 : 얽을(불),,11,U+7D31
艴,불,불 : 화낼(불),배,11,U+8274
茀,불,불 : 우거질(불),,11,U+8300
韍,불,불 : 슬갑(불),,14,U+97CD
髴,불,불 : 머리장식(불)  비슷할(불),,15,U+9AF4
黻,불,불 : 보불(불),,17,U+9EFB
堋,붕,붕 : 묻을(붕) 보(붕),,11,U+580B
崩,붕,붕 : 산무너질(붕),,11,U+5D29
朋,붕,붕 : 벗(붕) 떼(붕),,8,U+670B
棚,붕,붕 : 시렁(붕) 누각(붕),붕 : 시렁(붕) 누각 (붕),12,U+68DA
漰,붕,붕 : 묻을(붕) 보(붕),,14,U+6F30
硼,붕,붕 : 붕사(붕),"팽,평 : 돌소리(평)",13,U+787C
繃,붕,붕 : 묶을(붕),,17,U+7E43
鬅,붕,붕 : 헝클어질(붕),,18,U+9B05
鵬,붕,붕 : 붕새(붕),명,19,U+9D6C
㵒,비,비,"빈,패",15,U+3D52
丕,비,비 : 클(비),,5,U+4E15
仳,비,비 : 떠날(비) 못생긴여자(비),,6,U+4EF3
伾,비,비: 힘셀(비),,7,U+4F3E
俾,비,비: 하여금(비),,10,U+4FFE
備,비,비 : 갖출(비),,12,U+5099
剕,비,비 : 발꿈치벨(비),,10,U+5255
匕,비,비 : 숟가락(비),,2,U+5315
匪,비,비 : 비적(비) 아닐(비),비 : 비적비 아닐(비),10,U+532A
卑,비,비 : 낮을(비) 낮출(비),비 : 낮을(비) 낮출 (비),8,U+5351
嚭,비,비 : 클(비),,19,U+56AD
圮,비,비 : 무너질(비),"기,이 : 흙다리(이)",6,U+572E
埤,비,비 : 더할(비),,11,U+57E4
奜,비,비 : 클(비),배,11,U+595C
奰,비,비 : 장대할(비),,18,U+5970
妃,비,비 : 왕비(비),"기,배 : 짝(배)",6,U+5983
妣,비,비 : 어미(비),"빈,자",7,U+59A3
婢,비,비 : 계집종(비),,11,U+5A62
屁,비,비 : 방귀(비),피,7,U+5C41
岯,비,비 : 산이름(비) 산첩첩할(비),,8,U+5CAF
庀,비,비 : 갖출(비) 다스 릴(비),,5,U+5E80
庇,비,비 : 덮을(비),,7,U+5E87
庳,비,비 : 낮을(비),,11,U+5EB3
悱,비,비 : 말나오지아니할(비),,11,U+60B1
悲,비,비 : 슬플(비),,12,U+60B2
憊,비,비 : 고달플(비),,16,U+618A
扉,비,비 : 문짝(비),,12,U+6249
批,비,비 : 칠(비) 깎을(비),별,7,U+6279
斐,비,비 : 문채날(비),문,12,U+6590
枇,비,비 : 비파나무(비),,8,U+6787
棐,비,비 : 도울(비) 비자나무(비),빈,12,U+68D0
椑,비,비 : 감나무(비)  술통(비),벽,12,U+6911
榧,비,비 : 비자나무(비),,14,U+69A7
比,비,비 : 견줄(비),,4,U+6BD4
毖,비,비 : 삼갈(비),,9,U+6BD6
毗,비,비 : 도울(비),,9,U+6BD7
毘,비,비 : 도울(비),,9,U+6BD8
沘,비,비 : 물이름(비),"빈,자,초",7,U+6C98
沸,비,비 : 끓을(비),불,8,U+6CB8
淝,비,비 : 물이름(비),0,11,U+6DDD
淠,비,비 : 물이름(비),,11,U+6DE0
濞,비,비 : 물소리(비),,17,U+6FDE
狉,비,비 : 떼지어달릴(비),,8,U+72C9
狒,비,비 : 원숭이(비),,8,U+72D2
琵,비,비 : 비파(비),피,12,U+7435
痞,비,비 : 뱃속결릴(비),,12,U+75DE
痹,비,비 : 각기(비),,13,U+75F9
痺,비,비 : 습다리(비),,13,U+75FA
睥,비,비 : 흘겨볼(비),,13,U+7765
砒,비,비 : 비소(비),,9,U+7812
碑,비,비 : 비석(비),,13,U+7891
祕,비,비 : 귀신(비) 비밀할(비),비 : 귀신(비) 비밀 할(비),10,U+7955
秕,비,비 : 쭉정이(비),,9,U+79D5
秘,비,비 : 숨길(비),필,10,U+79D8
篦,비,비 : 비치개(비) 대칼(비),,16,U+7BE6
粃,비,비 : 쭉정이(비),,10,U+7C83
紕,비,비 : 잘못할(비)  가선(비),순,10,U+7D15
緋,비,비 : 짙게붉은빛(비) 비단(비),비 : 짙게붉은빛(비)  비단(비),14,U+7DCB
羆,비,비 : 말곰(비),,19,U+7F86
翡,비,비 : 물총새(비),,14,U+7FE1
肥,비,비 : 살질(비) 기름지게할(비),비 : 살질(비) 기름 지게할(비),8,U+80A5
脾,비,비 : 지라(비),,12,U+813E
腓,비,비 : 장딴지(비),,12,U+8153
臂,비,비 : 팔뚝(비),,17,U+81C2
芘,비,비 : 가릴(비),,10,U+8298
芾,비,비 : 작을(비),불 : 슬갑(불),10,U+82BE
菲,비,비 : 채소이름(비) 엷을(비) 향초(비),비 : 채소이름(비)  엷을(비) 향초(비),14,U+83F2
萆,비,비 : 도꼬로마(비),,14,U+8406
蓖,비,비 : 피마주(비),,16,U+84D6
蚍,비,비 : 왕개미(비),,10,U+868D
蜚,비,비 : 바퀴(비) 날(비),,14,U+871A
裨,비,비 : 도울(비),,14,U+88E8
誹,비,비 : 헐뜯을(비),,15,U+8AB9
譬,비,비 : 비유할(비),,20,U+8B6C
貔,비,비 : 맹수이름(비),,17,U+8C94
費,비,비 : 소비(비),,12,U+8CBB
贔,비,비 : 힘우쩍(비),,21,U+8D14
轡,비,비,,22,U+8F61
邳,비,비 : 땅이름(비),,8,U+90B3
郫,비,비 : 고을이름(비),,11,U+90EB
鄙,비,비 : 마을(비),,14,U+9119
鄪,비,비 : 땅이름(비),,15,U+912A
閟,비,비 : 닫을(비),,13,U+959F
陴,비,비 : 성가퀴(비),,11,U+9674
霏,비,비: 눈올(비) 나무낄(비),비: 눈올(비) 나부 낄(비),16,U+970F
非,비,비 : 아닐(비) 그를(비),비 : 아닐(비) 그를 (비),8,U+975E
鞴,비,비 : 풀무(비),"모,보 : 풀무(보)",19,U+97B4
飛,비,비 : 날(비) 빠를(비) 높을(비) 떠돌(비),비 : 날(비) 빠를(비) 높을(비) 떠 돌(비),9,U+98DB
馡,비,비: 향기(비),,17,U+99A1
騑,비,비 : 곁말(비),,18,U+9A11
騛,비,비 : 말뛰어달아날(비),,19,U+9A1B
髀,비,비 : 넙적다리(비)  볼기짝(폐),,18,U+9AC0
鼙,비,비 : 마상고(비),,21,U+9F19
鼻,비,비 : 코(비),,14,U+9F3B
򠄉,비,비,,9,U+A0109
򠈔,비,비,,14,U+A0214
柲,"비,필","비,필 : 창자루(비) 도지개(비)",,9,U+67F2
泌,"비,필","비,필 : 스밀(필/비)",,8,U+6CCC
䎙,빈,빈,,20,U+4399
份,빈,빈 : 빛날(빈),,6,U+4EFD
儐,빈,빈 : 인도할(빈),,16,U+5110
嚬,빈,빈 : 찡그릴(빈),,19,U+56AC
嬪,빈,빈 : 아내(빈) 궁녀(빈),빈 : 아내(빈) 궁녀 (빈),17,U+5B2A
彬,빈,빈 : 빛날(빈),반,11,U+5F6C
擯,빈,빈 : 물리칠(빈),비,17,U+64EF
斌,빈,빈 : 빛날(빈),무,11,U+658C
檳,빈,빈 : 빈랑나무(빈),,18,U+6AB3
殯,빈,빈 : 파묻힐(빈),,18,U+6BAF
浜,빈,빈 : 물가(빈),"병,빙,퐁,풍 : 배맬곳(병)",10,U+6D5C
濱,빈,빈 : 물가(빈),,17,U+6FF1
瀕,빈,빈 : 임박할(빈),영,19,U+7015
牝,빈,빈 : 암컷(빈),비,6,U+725D
玭,빈,빈 : 옥(빈),"변,비",8,U+73AD
璸,빈,빈 : 진주이름(빈) 옥무늬어룽거릴(빈),변,18,U+74B8
矉,빈,빈 : 이맛살찌푸릴(빈),,19,U+77C9
穦,빈,빈 : 향기(빈),,19,U+7A66
繽,빈,빈 : 성할(빈) 어지러울(빈),빈 : 성할(빈) 어지 러울(빈),20,U+7E7D
臏,빈,빈 : 종지뼈(빈) 빈형(빈),,18,U+81CF
蘋,빈,빈 : 네가레(빈),평 : 사과(평),22,U+860B
蠙,빈,빈 : 진주조개(빈),,20,U+8819
貧,빈,빈 : 가난할(빈) 모자랄(빈),보,11,U+8CA7
賓,빈,빈 : 손(빈),,14,U+8CD3
邠,빈,빈 : 땅이름(빈),분 : 땅이름(빈),7,U+90A0
鑌,빈,빈 : 매운쇠(빈) 광낼(빈),빈 : 매운쇠(빈) 광 낼(빈),22,U+944C
霦,빈,빈 : 옥광채(빈),,19,U+9726
頻,빈,빈 : 자주(빈) 찡그릴(빈),빈 : 자주(빈) 찡그 릴(빈),16,U+983B
顰,빈,빈 : 찡그릴(빈),,24,U+9870
馪,빈,빈: 향기성한모양(빈),,23,U+99AA
鬢,빈,빈 : 살쩍(빈),,24,U+9B22
贇,"빈,윤","빈,윤 : 예쁠(윤/빈)",윤 : 예쁠(윤/빈),19,U+8D07
凭,빙,빙 : 기댈(빙)  의지할(빙) 증거(빙),림,8,U+51ED
娉,빙,빙 : 장가들(빙),,10,U+5A09
憑,빙,빙 : 기댈(빙) 의거할(빙) 증거(빙),빙 : 기댈(빙) 의거 할(빙) 증거(빙),16,U+6191
氷,빙,빙 : 얼음(빙),,5,U+6C37
聘,빙,빙 : 찾을(빙) 부를(빙),빙 : 찾을(빙) 부를 (빙),13,U+8058
騁,빙,빙 : 달릴(빙) 펼(빙),,17,U+9A01
㡸,사,사,,8,U+3878
乍,사,사 : 언뜻(사),인,5,U+4E4D
事,사,사 : 일(사),,8,U+4E8B
些,사,사 : 적을(사),,7,U+4E9B
仕,사,사 : 벼슬할(사) 살필(사),사 : 벼슬할(사) 살 필(사),5,U+4ED5
伺,사,사 : 엿볼(사),,7,U+4F3A
似,사,사 : 같을(사),이,7,U+4F3C
使,사,사 : 부릴(사) 하여금(사),사 : 부릴(사) 하여 금(사),8,U+4F7F
俟,사,사 : 기다릴(사),기,9,U+4FDF
傞,사,사 : 취한춤(사),,12,U+509E
僿,사,사 : 가늘(사) 거짓(사),사 : 가늘(사) 거짓 (사),15,U+50FF
儩,사,사 : 다할(사),,17,U+5129
剚,사,사 : 칼꽂을(사),,10,U+525A
卸,사,사 : 풀(사),,8,U+5378
史,사,사 : 사관(사) 사기(사),사 : 사관(사) 사기 (사),5,U+53F2
司,사,사 : 맡을(사) 벼슬(사),사 : 맡을(사) 벼슬 (사),5,U+53F8
咋,사,사 : 갑자기(사) ,,8,U+548B
唆,사,사 : 꾈(사),준,10,U+5506
嗣,사,사 : 이을(사),,13,U+55E3
四,사,사 : 넉(사),,5,U+56DB
士,사,사 : 선비(사),,3,U+58EB
奢,사,사 : 사치할(사),,12,U+5962
姒,사,사 : 손윗동서(사),"선,이,자",8,U+59D2
娑,사,사 : 춤출(사) 옷너풀거릴(사),사 : 춤출(사) 옷너 풀거릴(사),10,U+5A11
寫,사,사 : 베낄(사) 그릴(사),사 : 베낄(사) 그릴 (사),15,U+5BEB
寺,사,사 : 절(사) 내시(사),"수,시",6,U+5BFA
射,사,사 : 쏠(사),"석,야 : 벼슬이름(야)   맞쳐취할(석)",10,U+5C04
巳,사,사 : 여섯째지지(사),기,3,U+5DF3
師,사,사 : 스승(사),솔,10,U+5E2B
徙,사,사 : 옮길(사),,11,U+5F99
思,사,사 : 생각할(사) 어조사(사),사 : 생각할(사) 어 조사(사) 수염많을 (새),9,U+601D
捨,사,사 : 버릴(사),,11,U+6368
斜,사,사 : 기울(사),"서,야",11,U+659C
斯,사,사 : 이(사) 어조사(사),기,12,U+65AF
柶,사,사 : 숟가락(사),사 : 숟가락(사) 깃 들일(서) 살(서),9,U+67F6
査,사,사 : 조사할(사),,9,U+67FB
梭,사,사 : 북(사),준,11,U+68AD
楂,사,사 : 풀명자나무(사),,13,U+6942
榭,사,사 : 정자(사),,14,U+69AD
死,사,사 : 죽을(사),,6,U+6B7B
汜,사,사 : 물이름(사),,6,U+6C5C
沙,사,사 : 모일(사) 일(사),묘,7,U+6C99
泗,사,사 : 물이름(사),,8,U+6CD7
涘,사,사 : 물가(사),모,10,U+6D98
渣,사,사 : 찌끼(사),,12,U+6E23
瀉,사,사 : 쏟을(사),,18,U+7009
獅,사,사 : 사자(사),,13,U+7345
痧,사,사 : 마진(사),,12,U+75E7
皶,사,사 : 비사증(사),,14,U+76B6
砂,사,사 : 모래(사),소,9,U+7802
社,사,사 : 땅귀신(사) 단체(사),"두,지",8,U+793E
祀,사,사 : 제사지낼(사),,8,U+7940
祠,사,사 : 제사지낼(사),,10,U+7960
禠,사,사 : 복(사),,15,U+79A0
私,사,사 : 사(사) 사사로이할(사),사 : 사(사) 사사로 이할(사),7,U+79C1
竢,사,사 : 기다릴(사),,12,U+7AE2
笥,사,사 : 상자(사),,11,U+7B25
篩,사,사 : 체(사) 칠(사),,16,U+7BE9
糸,사,사 : 극히적을수(사),"멱,소 : 가는실(멱)",6,U+7CF8
紗,사,사 : 깁(사),"묘,소",10,U+7D17
絲,사,사 : 실(사),,12,U+7D72
肆,사,사 : 방자할(사),,13,U+8086
舍,사,사 : 집(사) 폐할(사) 놓을(사) 베풀(사) 쉴(사),사 : 집(사) 폐할(사) 놓을(사) 베 풀(사) 쉴(사)  둘(석),8,U+820D
莎,사,사 : 사초(사),,13,U+838E
蓑,사,사 : 도롱이(사),,16,U+84D1
蛇,사,사 : 뱀(사),이,11,U+86C7
蜡,사,사 : 납제(사),"석,차 : 제사이름(차) 납제(사)",14,U+8721
裟,사,사 : 가사(사),,13,U+88DF
覗,사,사 : 엿볼(사),,12,U+8997
詐,사,사 : 속일(사) 거짓(사),조,12,U+8A50
詞,사,사 : 고할(사) 말(사) 문체이름(사),,12,U+8A5E
謝,사,사 : 사례할(사) 끊을(사) 사양할(사) 물러날(사) 이룰(사),사 : 사례할(사) 끊 을(사) 사양할(사) 물러날(사) 이 룰(사),17,U+8B1D
賜,사,사 : 줄(사) 은혜(사),,15,U+8CDC
赦,사,사 : 놓아줄(사),"서,혁",11,U+8D66
辭,사,사 : 말씀(사),,19,U+8FAD
邪,사,사 : 간사할(사),"나,아,야  : 그런가(야)",7,U+90AA
飼,사,사 : 먹일(사),,14,U+98FC
駛,사,사 : 달릴(사) 빠를(사),,15,U+99DB
駟,사,사 : 사마(사),세,15,U+99DF
魦,사,사 : 모래무지(사),,15,U+9B66
鯊,사,사 : 모래무지(사)  상어(사),,18,U+9BCA
鰤,사,사 : 방어(사),,21,U+9C24
麝,사,사 : 사향노루(사),,21,U+9E9D
򠄊,사,사,,8,U+A010A
򠄋,사,사,,10,U+A010B
򠅽,사,사,,13,U+A017D
򠅾,사,사,,16,U+A017E
󰟡,사,사,,8,U+F07E1
削,삭,삭 : 깎을(삭) 빼앗을(삭),소,9,U+524A
搠,삭,삭: 찌를(삭),,13,U+6420
朔,삭,삭 : 초하루(삭) 북녘(삭),삭 : 초하루(삭) 북 녘(삭),10,U+6714
槊,삭,삭 : 창(삭),,14,U+69CA
爍,삭,삭 : 빛날(삭),"낙,락",19,U+720D
蒴,삭,삭 : 풀이름(삭),,16,U+84B4
鑠,삭,삭 : 녹일(삭)  아름다울(삭) 정정 할(삭),낙,23,U+9460
索,"삭,색","삭,색 : 노(삭) 찾을(색)","삭,색 : 노(삭/사)  찾을(색)",10,U+7D22
數,"삭,수","삭,수 : 셈(수) 자주(삭)","삭,수 : 셈(수) 자 주(삭) 촘촘할(촉)",15,U+6578
㦃,산,산,찬,14,U+3983
傘,산,산 : 우산(산),,12,U+5098
刪,산,산 : 깎을(산),,7,U+522A
剷,산,산 : 깎을(산),찬,13,U+5277
姍,산,산 : 비방할(산),선 : 행하는모양(선),8,U+59CD
孿,산,산 : 쌍둥이(산),"련,쌍 : 쌍둥이(련)",22,U+5B7F
山,산,산 : 메(산),,3,U+5C71
散,산,산 : 헤어질(산),,12,U+6563
橵,산,산 : 산자(산),,16,U+6A75
汕,산,산 : 오구(산) 뜰(산),"선,신,원",6,U+6C55
潸,산,산 : 눈물흐를(산)  비올(산),,15,U+6F78
澘,산,산 : 눈물흐를(산),,15,U+6F98
狻,산,산 : 사자(산),진,10,U+72FB
產,산,산 : 낳을(산),,11,U+7522
産,산,산 : 낳을(산),,11,U+7523
疝,산,산 : 산증(산),,8,U+759D
祘,산,산,"성,시 : 살필(성)",10,U+7958
算,산,산 : 수(산) 셈(산),,14,U+7B97
簅,산,산 : 큰피리(산),찬,17,U+7C05
繖,산,산 : 우산(산),,18,U+7E56
蒜,산,산 : 마늘(산),산 : 마늘(산/선),16,U+849C
訕,산,산 : 헐뜯을(산),선,10,U+8A15
酸,산,산 : 초(산),준,14,U+9178
鏟,산,산 : 대패(산) 깍을(산),,19,U+93DF
霰,산,산 : 싸라기눈(산),선,20,U+9730
򠅿,산,산,,16,U+A017F
򠈿,산,산,,10,U+A023F
乷,살,살 : 음역자(살)( 한국한자),,8,U+4E77
撒,살,살 : 놓을(살),,15,U+6492
煞,살,살 : 죽일(살),살 : 죽일(살) 매우 (쇄),13,U+715E
薩,살,살 : 보살(살),보,20,U+85A9
򠆀,살,살,,20,U+A0180
殺,"살,쇄","살,쇄 : 죽일(살) 내릴(쇄)","살,쇄 : 죽일(살)  내릴(쇄) 죽일(시)",11,U+6BBA
三,삼,삼 : 석(삼),,3,U+4E09
杉,삼,삼 : 삼목(삼),"빈,채",7,U+6749
森,삼,삼 : 삼림(삼),,12,U+68EE
滲,삼,삼 : 밸(삼),,14,U+6EF2
糝,삼,삼 : 쌀알(삼),,17,U+7CDD
芟,삼,삼 : 벨(삼) 낫(삼),,10,U+829F
蔘,삼,삼 : 인삼(삼),,17,U+8518
衫,삼,삼 : 적삼(삼) 옷(삼),,9,U+886B
釤,삼,삼 : 낫(삼),진,11,U+91E4
鬖,삼,삼 : 머리채치렁거릴(삼) 머리털더부룩할(삼),,21,U+9B16
򠆁,삼,삼,,17,U+A0181
򠆂,삼,삼,,10,U+A0182
參,"삼,참","삼,참 : 참여할(참) 섞일(참) 석(삼) 인삼(삼)","삼,참 : 참여할(참)  섞일(참) 석(삼) 인삼(삼)",11,U+53C3
卅,삽,삽 : 서른(삽),주,4,U+5345
唼,삽,삽 : 쪼아먹을(삽) ,,11,U+553C
插,삽,삽 : 꽂을(삽) 창(삽),,12,U+63D2
揷,삽,삽 : 꽂을(삽) 창(삽),,12,U+63F7
歃,삽,삽 : 마실(삽),,13,U+6B43
澁,삽,삽 : 껄끄러울(삽) 떫을(삽),섭,15,U+6F81
翣,삽,삽 : 운불삽(삽) 부채(삽),,14,U+7FE3
鈒,삽,삽 : 삼지창(삽) 새길(삽),삼,12,U+9212
鍤,삽,삽 : 가래(삽),,17,U+9364
霅,삽,삽 : 빠를(삽),잡 : 천둥번개칠(잡) 빠를(삽) 말소리(합),15,U+9705
霎,삽,삽 : 가랑비(삽) 잠시(삽),,16,U+970E
颯,삽,삽 : 바람소리(삽),,14,U+98AF
上,상,상 : 웃(상),,3,U+4E0A
傷,상,상 : 다칠(상),,13,U+50B7
像,상,상 : 꼴(상),,14,U+50CF
償,상,상 : 갚을(상),,17,U+511F
商,상,상 : 헤아릴(상),동,11,U+5546
喪,상,상 : 잃을(상),,12,U+55AA
嘗,상,상 : 맛볼(상),,14,U+5617
塽,상,상 : 높고밝은땅(상),,14,U+587D
墒,상,상 : 땅물기(상),,14,U+5892
孀,상,상 : 홀어미(상),,20,U+5B40
尙,상,상 : 숭상(상),,8,U+5C19
峠,상,상 : 고개(상)(일본한자),상 : 고개(상)(일 본한자),9,U+5CE0
常,상,상 : 항상(상),,11,U+5E38
床,상,상 : 평상(상),,7,U+5E8A
庠,상,상 : 학교(상),"민,재",9,U+5EA0
廂,상,상 : 곁채(상) 곁방(상),상 : 곁채(상) 곁방 (상),12,U+5EC2
徜,상,상 : 노닐(상),세,11,U+5F9C
恦,상,상 : 생각할(상),향 : 생각할(향),9,U+6066
想,상,상 : 생각할(상),,13,U+60F3
慡,상,상 : 성품밝을(상),,14,U+6161
晌,상,상 : 대낮(상),향,10,U+664C
桑,상,상 : 뽕나무(상),유,10,U+6851
橡,상,상 : 상수리나무(상),,16,U+6A61
殤,상,상 : 일찍죽을(상),,15,U+6BA4
湘,상,상 : 물이름(상) 땅이름(상),승,12,U+6E58
潒,상,상 : 물쏟아져내려 갈(상) 질펀히흐를 (상),탕,15,U+6F52
爽,상,상 : 시원할(상),,11,U+723D
牀,상,상 : 평상(상),,8,U+7240
甞,상,상 : 맛볼(상) 일찍(상),,13,U+751E
相,상,상 : 서로(상) 볼(상) 용모(상) 도울(상),상 : 서로(상) 볼(상) 용모(상) 도 울(상),9,U+76F8
磉,상,상 : 주춧돌(상),,15,U+78C9
祥,상,상 : 복(상) 조짐(상),,11,U+7965
箱,상,상 : 상자(상) 곳집(상),상 : 상자(상) 곳집 (상),15,U+7BB1
緗,상,상 : 담황색(상),,15,U+7DD7
翔,상,상 : 날(상),익,12,U+7FD4
葙,상,상 : 개맨드라미(상),,15,U+8459
裳,상,상 : 아랫도리옷(상),,14,U+88F3
觴,상,상 : 잔(상),,18,U+89F4
詳,상,상 : 자세할(상) 거짓(상),양,13,U+8A73
謪,상,상 : 헤아릴(상),,18,U+8B2A
象,상,상 : 코끼리(상),,12,U+8C61
賞,상,상 : 상줄(상) 권할(상),상 : 상줄(상) 권할 (상),15,U+8CDE
鋿,상,상 : 수레바퀴쇠(상),,16,U+92FF
鎟,상,상 : 방울소리(상),,18,U+939F
鏛,상,상,금,19,U+93DB
鐌,상,상 : 그릇꼭지(상),,20,U+940C
霜,상,상 : 서리(상),윤,17,U+971C
顙,상,상 : 이마(상),,19,U+9859
鬺,상,상 : 삶을(상),,21,U+9B3A
򠀂,상,상,,11,U+A0002
樣,"상,양","상,양 : 본(양) 모양(양)",탁,15,U+6A23
狀,"상,장","상,장 : 모양(상) 문서(장)","상,장 : 모양(상)  문서(장)",8,U+72C0
漺,"상,창","상,창 : 물맑을(상) 찰(상)",,14,U+6F3A
嫦,"상,항","상,항",아,14,U+5AE6
㘔,새,새,,20,U+3614
璽,새,새 : 옥새(새),사,19,U+74BD
賽,새,새 : 굿할(새) 주사위(새) 내기할(새),세,17,U+8CFD
鰓,새,새 : 아가미뼈(새),세,20,U+9C13
塞,"새,색","새,색 : 막을(색) 변방(새)",세,13,U+585E
愢,"새,시","새,시 : 겸손할(시) 맘에 맞지 않을(새)",세,12,U+6122
嗇,색,색 : 탐낼(색) 아낄(색),장,13,U+55C7
槭,색,색 : 단풍나무(색),축 : 단풍나무(축),15,U+69ED
歵,색,색,적 : 바를(적),15,U+6B75
濇,색,색 : 깔깔할(색),,16,U+6FC7
瀒,색,색 : 깔깔할(색),,18,U+7012
穡,색,색 : 거둘(색),"삭,석",18,U+7A61
色,색,색 : 색(색),,6,U+8272
栍,생,생 : 사슬(생)  정승(생),성,9,U+680D
泩,생,생 : 물넘칠(생) 물깊고넓을(생),,8,U+6CE9
湦,생,생 : 사람이름(생),,12,U+6E66
牲,생,생 : 희생(생) 가축(생),생 : 희생(생) 가축 (생),9,U+7272
生,생,생 : 날(생),,5,U+751F
甥,생,생 : 생질(생),남,12,U+7525
眚,생,생 : 흐릴(생),,10,U+771A
笙,생,생 : 생황(생),성,11,U+7B19
鉎,생,생 : 철갑옷(생),"선,성",13,U+924E
省,"생,성","생,성 : 살필(성) 덜(생)","생,성 : 살필(성)  덜(생)",9,U+7701
㠘,서,서,,17,U+3818
㣽,서,서,,7,U+38FD
㥠,서,서,,12,U+3960
㷂,서,서: 나무이름(서) 밝을(서),서,12,U+3DC2
偦,서,서 : 재주있을(서),빈,11,U+5066
叙,서,서 : 차례(서),여,9,U+53D9
噬,서,서 : 물(서),,16,U+566C
墅,서,서 : 농막(서),,14,U+5885
壻,서,서 : 사위(서),,12,U+58FB
婿,서,서 : 사위(서),,12,U+5A7F
嫬,서,서 : 계집자(서),차,14,U+5AEC
嶼,서,서 : 섬(서),,17,U+5DBC
序,서,서 : 차례(서),,7,U+5E8F
庶,서,서 : 많을(서),,11,U+5EB6
徆,서,서 : 곧게갈(서),"새,세,유",9,U+5F86
徐,서,서 : 천천할(서),,10,U+5F90
恕,서,서 : 용서할(서),"노,소,여",10,U+6055
抒,서,서 : 떠낼(서) 쏟을(서),서 : 떠낼(서) 쏟을 (서),7,U+6292
捿,서,서 : 깃들일(서) 살(서),서 : 깃들일(서) 살 (서),11,U+637F
揟,서,서 : 고기잡을(서) 고을이름(서),서 : 고기잡을(서)  고을이름(서),12,U+63DF
撕,서,서 : 찢을(서),"사,쉬,시,식 : 찢을(시/사)",15,U+6495
敍,서,서 : 차례(서),,11,U+654D
敘,서,서 : 베풀(서) 쓸(서) 서문(서),,11,U+6558
暑,서,서 : 더위(서),,12,U+6691
曙,서,서 : 새벽(서),석,18,U+66D9
書,서,서 : 글(서),,10,U+66F8
栖,서,서 : 깃들일(서) 살(서)(棲의 간체자),서 : 깃들일(서) 살 (서)(棲의 간체자),10,U+6816
棲,서,서 : 깃들일(서) 살(서),서 : 깃들일(서) 살 (서),12,U+68F2
楈,서,서 : 서나무(서),정,13,U+6948
汿,서,서 : 개천(서),,7,U+6C7F
沀,서,서 : 성(서),,8,U+6C80
湑,서,서 : 거를(서),,12,U+6E51
漵,서,서 : 개펄(서),,14,U+6F35
澨,서,서 : 물가(서),"세,예",16,U+6FA8
犀,서,서 : 무소(서),,12,U+7280
瑞,서,서 : 상서(서) 홀(서),단,13,U+745E
稰,서,서: 가을할(서),,14,U+7A30
筮,서,서 : 점(서),,13,U+7B6E
紓,서,서 : 느슨할(서) 풀(서),,10,U+7D13
絮,서,서 : 솜(서),"소,여",12,U+7D6E
緖,서,서 : 실마리(서) 나머지(서) 찾을(서) 계통(서) 일(서),제,15,U+7DD6
縃,서,서 : 다(서) 서로(서) 나비(서),,15,U+7E03
署,서,서 : 맡을(서),,13,U+7F72
耡,서,서 : 호미(서) 조세(서) 함께갈(서),,13,U+8021
胥,서,서 : 서리(서),시,9,U+80E5
舒,서,서 : 펼(서) 조용할(서),서 : 펼(서) 조용할 (서),12,U+8212
芧,서,서 : 상수리(서),"기,저 : 매자기(저)",10,U+82A7
薯,서,서 : 고구마(서),,20,U+85AF
藇,서,서 : 아름다울(서),여 : 아름다울(서/여),20,U+85C7
西,서,서 : 서녘(서) 서양(서),서 : 서녘(서) 서양 (서),6,U+897F
誓,서,서 : 맹세(서),세,14,U+8A93
諝,서,서 : 슬기(서) 거짓(서),서 : 슬기(서) 거짓 (서),16,U+8ADD
逝,서,서 : 갈(서),,11,U+901D
遾,서,서: 미칠(서),,17,U+907E
鉏,서,서 : 호미(서)  어긋날(서),조 : 어긋날(조),13,U+924F
鋤,서,서 : 김맬(서) 호미(서) 없애버릴(서),조,15,U+92E4
黍,서,서 : 기장(서),,12,U+9ECD
鼠,서,서 : 쥐(서) 근심할(서),서 : 쥐(서) 근심할 (서),13,U+9F20
𧩑,서,서,,15,U+27A51
򠆃,서,서,,20,U+A0183
򠈝,서,서,,19,U+A021D
򠋅,서,서 : 상수리(서),"기,저 : 매자기(저)",7,U+A02C5
悆,"서,여","서,여 : 기쁠(여)",,11,U+6086
豫,"서,예","서,예 : 미리(예) 기뻐할(예)",,16,U+8C6B
䄷,석,석,우,10,U+4137
夕,석,석 : 저녁(석) 밤(석),,3,U+5915
奭,석,석 : 클(석),혁,15,U+596D
席,석,석 : 자리(석),도,10,U+5E2D
惜,석,석 : 아낄(석),,11,U+60DC
昔,석,석 : 옛(석),,8,U+6614
晰,석,석 : 밝을(석),,12,U+6670
晳,석,석 : 밝을(석),제,12,U+6673
析,석,석 : 가를(석) 쪼갤(석),"근,기",8,U+6790
檡,석,석 : 개암(석),"역,탁,택",17,U+6AA1
汐,석,석 : 석수(석),,6,U+6C50
淅,석,석 : 일(석) 눈비소리(석),"연,절",11,U+6DC5
潟,석,석 : 개펄(석),,15,U+6F5F
皙,석,석 : 흴(석),,13,U+7699
睗,석,석 : 빨리볼(석),,13,U+7757
石,석,석 : 돌(석) 섬(석),,5,U+77F3
矽,석,석 : 규소(석),,8,U+77FD
碩,석,석 : 클(석),"연,현",14,U+78A9
磶,석,석 : 주춧돌(석),,17,U+78F6
祏,석,석 : 돌감실(석),,10,U+794F
緆,석,석 : 가는베(석),,14,U+7DC6
腊,석,석 : 포(석),,12,U+814A
蓆,석,석 : 자리(석),,16,U+84C6
蜥,석,석 : 도마뱀(석),,14,U+8725
裼,석,석 : 웃통벗을(석),체 : 포대기(체),14,U+88FC
釋,석,석 : 풀(석),,20,U+91CB
鉐,석,석 : 놋쇠(석),,13,U+9250
錫,석,석 : 주석(석),,16,U+932B
鼫,석,석 : 석서(석),,18,U+9F2B
򠆄,석,석,,16,U+A0184
褯,"석,자","석,자: 기저귀(석/자)",,16,U+892F
舃,"석,작","석,작 : 신(석) 클(석) 빛날(석)","석,작 : 신(석) 클 (석) 빛날(석)",12,U+8203
㵛,선,선,,15,U+3D5B
䁢,선,선,,16,U+4062
仙,선,선 : 신선(선),,5,U+4ED9
僊,선,선 : 신선(선),천,13,U+50CA
先,선,선 : 먼저(선) 앞설(선),선 : 먼저(선) 앞설 (선),6,U+5148
善,선,선 : 착할(선),,12,U+5584
墠,선,선 : 제사터(선),단,15,U+58A0
墡,선,선 : 좋은흙(선),,15,U+58A1
嫙,선,선 : 이쁠(선),,14,U+5AD9
嫸,선,선 : 남의말 어기기 좋아할(선),전,15,U+5AF8
嬋,선,선 : 고울(선),단,15,U+5B0B
嬗,선,선 : 바뀔(선),단,16,U+5B17
宣,선,선 : 베풀(선) 밝힐(선),선 : 베풀(선) 밝힐 (선),9,U+5BA3
尟,선,선 : 적을(선),,13,U+5C1F
屳,선,선 : 신선(선),,5,U+5C73
扇,선,선 : 부채(선) 문짝(선),선 : 부채(선) 문짝 (선),10,U+6247
敾,선,선 : 글잘쓸(선),,16,U+657E
旋,선,선 : 돌릴(선) 빠를(선) 조금(선),시,11,U+65CB
暶,선,선 : 밝을(선),,15,U+66B6
歚,선,선 : 고을(선),,16,U+6B5A
渲,선,선 : 바림(선),,12,U+6E32
漩,선,선 : 소용돌이(선),,14,U+6F29
烍,선,선 : 들불(선),,10,U+70CD
煽,선,선 : 일(선) 부채질할(선),선 : 일(선) 부채질 할(선),14,U+717D
珗,선,선 : 옥돌(선),현,10,U+73D7
琁,선,선 : 아름다운옥(선),"수,정",11,U+7401
瑄,선,선 : 도리옥(선),,13,U+7444
璇,선,선 : 옥(선),연,15,U+7487
璿,선,선 : 옥(선),준,18,U+74BF
癬,선,선 : 옴(선),,22,U+766C
禪,선,선 : 참선할(선) 선위할(선),선 : 참선할(선) 선 위할(선),17,U+79AA
秈,선,선 : 메벼(선),,8,U+79C8
筅,선,선 : 솔(선),,12,U+7B45
綫,선,선 : 실(선),,14,U+7DAB
線,선,선 : 줄(선),,15,U+7DDA
縇,선,선 : 선(선),,15,U+7E07
繕,선,선 : 기울(선) 다스릴(선),경,18,U+7E55
羨,선,선 : 부러워할(선) 나머지(선),"리,연,이",13,U+7FA8
腺,선,선 : 샘(선),천,13,U+817A
膳,선,선 : 찬(선),,16,U+81B3
船,선,선 : 배(선),,11,U+8239
蘚,선,선 : 이끼(선),소,23,U+861A
蟬,선,선 : 매미(선),,18,U+87EC
詵,선,선 : 말많을(선) 말전할(선),선 : 말많을(선) 말 전할(선),13,U+8A75
譔,선,선: 기릴(선) 이야기할(선),찬,19,U+8B54
譱,선,선 : 착할(선),,20,U+8B71
跣,선,선 : 맨발(선),,13,U+8DE3
選,선,선 : 선택(선) 잠깐(선),선 : 선택(선) 잠깐 (선),16,U+9078
鄯,선,선 : 나라이름(선),희,15,U+912F
銑,선,선 : 끌(선) 꾸밀(선) 금(선) 무쇠(선),철,14,U+9291
鍹,선,선 : 가래(선),설,17,U+9379
鏇,선,선 : 갈이틀(선) 술데우는그릇(선),,19,U+93C7
鐥,선,선 : 좋은쇠(선),,20,U+9425
饍,선,선 : 찬(선),,21,U+994D
騸,선,선 : 불알깐말(선),,20,U+9A38
鮮,선,선 : 깨끗할(선) 생선(선) 적을(선),선 : 깨끗할(선) 생 선(선) 적을(선),17,U+9BAE
鱓,선,선 : 두렁허리(선)  자라(타),,23,U+9C53
鱻,선,선 : 생선(선),,33,U+9C7B
򠆅,선,선,소,20,U+A0185
󰢮,선,선,기,17,U+F08AE
洒,"선,세","선,세 : 씻을(세) 엄숙할(선)","선,세 : 씻을(세)  엄숙할(선)",9,U+6D12
洗,"선,세","선,세: 씻을(세)",선,9,U+6D17
㻽,"선,수","선,수",,17,U+3EFD
㵪,"선,연","선,연",,16,U+3D6A
羡,"선,이","선,이 : 부러워할(선)(羨의 이체자)","미, 서, 연, 자, 차",12,U+7FA1
僎,"선,준","선,준 : 갖출(선)",,14,U+50CE
愃,"선,훤","선,훤: 쾌할(선) 너그럽고 아름다울(훤)","훤,흔,흴 : 너그럽고아름다울(훤)",12,U+6103
㨹,설,설,혜,14,U+3A39
偰,설,설 : 사람이름(설) 성(설),계,11,U+5070
卨,설,설 : 사람이름(설),,11,U+5368
媟,설,설 : 친압할(설),엽,12,U+5A9F
屑,설,설 : 가루(설),,10,U+5C51
抴,설,설,"세,열,예 : 당길(예)",8,U+62B4
揲,설,설 : 맥짚을(설),"엽,접",12,U+63F2
暬,설,설 : 거만할(설) 모실(설),,15,U+66AC
楔,설,설 : 쐐기(설),,13,U+6954
泄,설,설 : 샐(설),"세,예 : 많을(예)",8,U+6CC4
洩,설,설 : 샐(설),예 : 훨훨날(예),9,U+6D29
渫,설,설 : 칠(설),"섭,엽,접  : 물결출렁출렁할(접)",12,U+6E2B
爇,설,설 : 사를(설),"숙,열,예 : 사를(열)",19,U+7207
碟,설,설 : 접시(설),접 : 접시(접),14,U+789F
禼,설,설 : 은나라조상이름(설),,12,U+79BC
稧,설,설 : 볏짚(설),계 : 볏짚(계),14,U+7A27
紲,설,설 : 고삐(설)  맬(설),세,11,U+7D32
舌,설,설 : 혀(설),,6,U+820C
蔎,설,설 : 향내날(설) 풀이름(설),설 : 향내날 설) 풀 이름(설),17,U+850E
薛,설,설 : 쑥(설) 나라이름(설),설 : 쑥(설) 나라이 름(설),19,U+859B
褻,설,설 : 무람없을(설),,17,U+893B
設,설,설 : 베풀(설) 설령(설),선,11,U+8A2D
雪,설,설 : 눈(설) 흴(설) 씻을(설),,11,U+96EA
齧,설,설 : 깨물(설),,21,U+9F67
򠆆,설,설,,19,U+A0186
򠈞,설,설,,17,U+A021E
說,"설,세,열","설,세,열 : 말씀(설) 달랠(세) 기쁠(열)","설,세,열 : 말씀(설) 달랠(세) 기쁠 (열) 벗을(탈)",14,U+8AAA
枻,"설,예","설,예 : 도지개(설),노(예)",세,9,U+67BB
剡,섬,섬 : 땅이름(섬),염 : 날카로울(염),10,U+5261
孅,섬,섬 : 가늘(섬) 약할(섬),,20,U+5B45
憸,섬,섬 : 간사할(섬),"첨,험 : 간사할(험)",16,U+61B8
摻,섬,섬 : 섬섬할(섬),"삼,참 : 잡을(삼) 칠(참)",14,U+647B
暹,섬,섬 : 햇살오를(섬),"선,심",16,U+66B9
殲,섬,섬 : 섬멸할(섬),성,21,U+6BB2
睒,섬,섬 : 언뜻볼(섬) 깜박거릴(섬),"섭,염",13,U+7752
纖,섬,섬 : 가늘(섬) 자세할(섬) 고운비단(섬),섭,23,U+7E96
蟾,섬,섬 : 두꺼비(섬),"담,선,섭,첨",19,U+87FE
譫,섬,섬 : 중얼거릴(섬)  헛소리할(섬),,20,U+8B6B
贍,섬,섬 : 넉넉할(섬) 진휼할(섬),섬 : 넉넉할(섬) 진 휼할(섬),20,U+8D0D
銛,섬,섬 : 날카로울(섬),섭,14,U+929B
閃,섬,섬 : 엿볼(섬) 언뜻보일(섬) 번득일(섬) 번쩍할(섬),섬 : 엿볼(섬) 언뜻 보일(섬) 번득일(섬) 번쩍할(섬),10,U+9583
陝,섬,섬 : 땅이름(섬),,10,U+965D
韱,섬,섬 : 산부추(섬) 가늘(섬),,17,U+97F1
򠋠,섬,섬,,16,U+A02E0
煔,"섬,첨","섬,첨 : 불빛(첨)",점 : 태울(점),13,U+7154
㒤,섭,섭,,20,U+34A4
㰔,섭,섭,,21,U+3C14
㸎,섭,섭,"녑,섬,성,엽",22,U+3E0E
囁,섭,섭 : 소곤거릴(섭),,21,U+56C1
懾,섭,섭 : 두려워할(섭),,21,U+61FE
攝,섭,섭 : 당길(섭),"석,셉,정",21,U+651D
欇,섭,섭,,22,U+6B07
涉,섭,섭 : 건널(섭),보,10,U+6D89
灄,섭,섭 : 물이름(섭),,21,U+7044
燮,섭,섭 : 화할(섭),,17,U+71EE
聶,섭,섭 : 소곤거릴(섭),,18,U+8076
躞,섭,섭: 걸을(섭),,24,U+8E9E
躡,섭,섭: 밟을(섭),,25,U+8EA1
鍱,섭,섭 : 쇠조각(섭),엽,17,U+9371
鑷,섭,섭 : 못뽑이(섭)  족집게(섭),녑,26,U+9477
顳,섭,섭 : 관자놀이(섭),,27,U+9873
𦁗,섭,섭,,14,U+26057
葉,"섭,엽","섭,엽 : 잎(엽)","염,섭 : 성(섭)",15,U+8449
偗,성,성 : 길(성) 곧을(성),,11,U+5057
垶,성,성,"곤,승,신 : 붉은흙(신)",10,U+57B6
城,성,성 : 재(성),,9,U+57CE
姓,성,성 : 성(성),,8,U+59D3
娍,성,성 : 아름다울(성),"선,아",10,U+5A0D
宬,성,성 : 장서각(성),,10,U+5BAC
性,성,성 : 성품(성) 성질(성),성 : 성품(성) 성질 (성),8,U+6027
惺,성,성 : 깨달을(성) 조용할(성),성 : 깨달을(성) 조 용할(성),12,U+60FA
成,성,성 : 이루어질(성),,7,U+6210
星,성,성 : 별(성),,9,U+661F
晟,성,성 : 밝을(성),,11,U+665F
晠,성,성 : 밝을(성),,11,U+6660
渻,성,성 : 물이름(성) 물이줄어둘(성),사,12,U+6E3B
煋,성,성 : 더울(성) 불활활탈(성),"욱,정",13,U+714B
猩,성,성 : 성성이(성),,12,U+7329
珹,성,성 : 옥이름(성) 아름다운구슬(성),성 : 옥이름(성) 아 름다운구슬(성),11,U+73F9
瑆,성,성 : 옷빛(성) 빛날(성),성 : 옷빛(성) 빛날 (성),13,U+7446
盛,성,성 : 성할(성),,12,U+76DB
睲,성,성 : 눈에광채날(성),혼,14,U+7772
窚,성,성,,12,U+7A9A
筬,성,성 : 바디(성),,13,U+7B6C
聖,성,성 : 성인(성),인,13,U+8056
聲,성,성 : 소리(성),,17,U+8072
腥,성,성 : 날고기(성) 비릴(성),성 : 날고기(성) 비 릴(성),13,U+8165
誠,성,성 : 정성(성) 참(성),,14,U+8AA0
貹,성,성,"상,생,주 : 재물(생)",12,U+8CB9
郕,성,성 : 나라이름(성),,10,U+90D5
醒,성,성 : 깰(성) 깨달을(성),성 : 깰(성) 깨달을 (성),16,U+9192
騂,성,성 : 절따말(성) 붉을(성),,17,U+9A02
𦖤,성,성,진,15,U+265A4
򠈦,성,성,,14,U+A0226
򠈹,성,성,,9,U+A0239
򠉋,성,성,,10,U+A024B
򠉌,성,성,,12,U+A024C
򠉍,성,성,,14,U+A024D
󰤊,성,성 : 밝을(성),,11,U+F090A
胜,"성,정","성,정 : 펩타이드(성)",,9,U+80DC
世,세,세 : 인간(세),,5,U+4E16
勢,세,세 : 세력(세),,13,U+52E2
帨,세,세 : 수건(세),,10,U+5E28
歲,세,세 : 해(세),,13,U+6B72
涗,세,세 : 잿물(세) 미지근할 (세) 맑을(세),"내,설,열,태",10,U+6D97
稅,세,세 : 세금(세) 거둘(세),태 : 축복입을(태),12,U+7A05
笹,세,세 : 조릿대(세)(일본한자),세 : 조릿대(세)(일 본한자),11,U+7B39
細,세,세 : 가늘(세),,11,U+7D30
繐,세,세 : 베(세),"수,혜",18,U+7E50
蛻,세,세 : 허물벗을(세) 허물벗을(태),"예,태",13,U+86FB
貰,세,세 : 세낼(세) 놓아줄(세),세 : 세낼(세) 놓아 줄(세) 죄용서할(사),12,U+8CB0
銴,세,세: 구리 녹날(세),세: 구리녹날(세),15,U+92B4
𡜧,세,세,"수,희",9,U+21727
忕,"세,태","세,태 : 익힐(세) 사치할(태)","대,설",6,U+5FD5
彗,"세,혜","세,혜: 구리 녹날(세) 비(혜)",세,11,U+5F57
䨭,소,소,운,19,U+4A2D
䴛,소,소,,18,U+4D1B
佋,소,소 : 이을(소),,7,U+4F4B
傃,소,소: 향할(소) 떳떳할(소),소: 향할(소) 떳떳 할(소),12,U+5083
劭,소,소 : 권할 (초/소),"교,은,초 : 권할 (초/소)",7,U+52AD
卲,소,소 : 덕높을(소),,7,U+5372
召,소,소 : 부를(소) 땅이름(소),소 : 부를(소) 땅이 름(소),5,U+53EC
咲,소,소 : 웃을(소),엄,9,U+54B2
嗉,소,소 : 모이주머니(소),,13,U+55C9
嘯,소,소 : 휘파람불(소),,15,U+562F
埽,소,소 : 둑(소),,11,U+57FD
塐,소,소 : 허수아비(소),,13,U+5850
塑,소,소 : 토우(소),,13,U+5851
宵,소,소 : 밤(소) 깁(소),소 : 밤 소 깁(소),10,U+5BB5
小,소,소 : 작을(소),,3,U+5C0F
少,소,소 : 적을(소) 젊을(소),소 : 적을(소) 젊을 (소),4,U+5C11
巢,소,소 : 새집(소),,11,U+5DE2
愫,소,소 : 정성(소),,13,U+612B
愬,소,소 : 하소연할(소),색 : 두려워할(색),14,U+612C
所,소,소 : 곳(소),,8,U+6240
捎,소,소 : 털(소) 뿌릴(소),,10,U+634E
掃,소,소 : 쓸(소),,11,U+6383
搔,소,소 : 긁을(소),,13,U+6414
柖,소,소,,9,U+67D6
梳,소,소 : 빗(소) 빗을(소),,11,U+68B3
樔,소,소 : 풀망(소) 너스레(소),,15,U+6A14
櫯,소,소 : 단목(소),,20,U+6AEF
沼,소,소 : 늪(소),"연,조",8,U+6CBC
泝,소,소 : 거슬러올라갈(소),하,8,U+6CDD
消,소,소 : 사라질(소) 쓸(소),초,10,U+6D88
溯,소,소 : 거슬러올라갈(소),삭 : 물이름(삭),13,U+6EAF
漅,소,소 : 호수이름(소),,14,U+6F05
瀟,소,소 : 물이름(소) 맑을(소),소 : 물이름(소) 맑 을(소),19,U+701F
焇,소,소 : 녹일(소) 말릴 (소),조,11,U+7107
燒,소,소 : 태울(소),"요,효",16,U+71D2
玿,소,소 : 아름다운옥(소),,9,U+73BF
琑,소,소,쇄,11,U+7411
璅,소,소: 옥돌(소),쇄,15,U+7485
甦,소,소 : 소생할(소),,12,U+7526
疎,소,소 : 트일(소) 나눌(소),소 : 트일(소) 나눌 (소),12,U+758E
疏,소,소 : 트일(소) 나눌(소),소 : 트일(소) 나눌 (소),12,U+758F
瘙,소,소 : 옴(소),,15,U+7619
穌,소,소 : 소생할(소),호,16,U+7A4C
笑,소,소 : 웃을(소),,10,U+7B11
筱,소,소 : 조릿대(소),,13,U+7B71
箾,소,소 : 피리(소)  퉁소(소),삭,15,U+7BBE
篠,소,소 : 조릿대(소),조 : 조릿대(소/조),16,U+7BE0
簫,소,소 : 퉁소(소),,18,U+7C2B
素,소,소 : 흴(소) 평상(소) 본디(소),,10,U+7D20
紹,소,소 : 소개할(소) 계승할(소),소 : 소개할(소) 계 승할(소),11,U+7D39
縤,소,소 : 흰비단(소),,16,U+7E24
繅,소,소 : 고치실뽑을(소) ,,17,U+7E45
翛,소,소 : 날개칠(소) 빠를(유),,13,U+7FDB
膆,소,소 : 멀떠구니(소),,14,U+8186
艘,소,소 : 척(소),수,16,U+8258
蔬,소,소 : 푸성귀(소) 성길(소),소 : 푸성귀(소) 성 길(소),17,U+852C
蕭,소,소 : 쑥(소) 쓸쓸할(소),숙,18,U+856D
蘇,소,소 : 차조(소) 깨날(소),소 : 차조(소) 깨날 (소),22,U+8607
蛸,소,소 : 갈거미(소)  오징어(소),,13,U+86F8
訴,소,소 : 호소(소),,12,U+8A34
逍,소,소 : 거닐(소),,11,U+900D
遡,소,소 : 거슬러올라갈(소),,14,U+9061
邵,소,소 : 땅이름(소),,8,U+90B5
酥,소,소 : 연유(소),수 : 연유(수),12,U+9165
銷,소,소 : 녹일(소) 사라질(소),조,15,U+92B7
霄,소,소 : 하늘(소) 구름 기(소),,15,U+9704
韶,소,소 : 풍유이름(소),,14,U+97F6
騷,소,소 : 시끄러울(소) 시부(소) 근심(소),소 : 시끄러울(소)  시부(소) 근심(소),20,U+9A37
魈,소,소 : 도깨비(소),,17,U+9B48
鮹,소,소 : 문어(소) 낙지(소),,18,U+9BB9
򠆈,소,소,,22,U+A0188
򠆉,소,소,,18,U+A0189
򠆊,소,소,,20,U+A018A
򠉐,소,소,,18,U+A0250
釗,"소,쇠","소,쇠 : 볼(소) 쇠(쇠) 힘쓸(쇠) 쇠뇌고동(쇠)","교,근,금,세,쇄,조 : 사람이름(교)",10,U+91D7
䘘,"소,어","소,어",,16,U+4618
炤,"소,조","소,조 : 밝을(소) 비출(조)",,9,U+70A4
俗,속,속 : 풍습(속),유,9,U+4FD7
屬,속,속 : 무리(속),촉 : 이을(촉),21,U+5C6C
束,속,속 : 묶을(속),,7,U+675F
洬,속,속 : 비올(속),숙,9,U+6D2C
涑,속,속 : 물이름(속),수 : 물이름(속),10,U+6D91
粟,속,속 : 조(속),,12,U+7C9F
續,속,속 : 이을(속),,21,U+7E8C
謖,속,속 : 일어날(속),숙,17,U+8B16
贖,속,속 : 속죄(속),,22,U+8D16
速,속,속 : 빠를(속),,11,U+901F
遬,속,속 : 공손할(속)  줄어들(속),,15,U+906C
捒,"속,송,수","속,송,수 : 묶을(수) 삼갈(송)",,10,U+6352
孫,손,손 : 손자(손),,10,U+5B6B
巽,손,손 : 부드러울(손),선,12,U+5DFD
愻,손,손 : 겸손할(손) 공손할(손),,14,U+613B
損,손,손 : 덜(손),,13,U+640D
蓀,손,손 : 창포(손),,16,U+84C0
遜,손,손 : 겸손할(손),,14,U+905C
飡,손,손,찬  : 먹을(찬),11,U+98E1
飧,손,손 : 저녁밥(손),,12,U+98E7
򠆋,손,손,,16,U+A018B
䢦,솔,솔,,15,U+48A6
乺,솔,솔 : 솔(솔),,9,U+4E7A
窣,솔,솔 : 바람소리(솔),,13,U+7AA3
蟀,솔,솔 : 귀뚜라미(솔),실,17,U+87C0
𧗿,솔,솔,,17,U+275FF
帥,"솔,수","솔,수 : 장수(수) 거느릴(솔)",사,9,U+5E25
㩳,송,송,,21,U+3A73
宋,송,송 : 송나라(송),,7,U+5B8B
悚,송,송 : 두려워할(송),,10,U+609A
憽,송,송: 똑똑할(송),"숭, 승",16,U+61BD
松,송,송 : 솔(송),솔,8,U+677E
淞,송,송 : 물이름(송),,11,U+6DDE
竦,송,송 : 공경할(송)  두려워할(송),속,12,U+7AE6
訟,송,송 : 송사(송),,11,U+8A1F
誦,송,송 : 읽을(송) 욀(송),"나,용",14,U+8AA6
送,송,송 : 보낼(송),,10,U+9001
頌,송,송 : 기릴(송),용 : 얼굴(용),13,U+980C
鬆,송,송 : 헝클어질(송),,18,U+9B06
򠊿,송,송: 똑똑할(송),송,15,U+A02BF
刷,쇄,쇄 : 닦을(쇄),,8,U+5237
曬,쇄,쇄 : 쬘(쇄),여,23,U+66EC
灑,쇄,쇄 : 뿌릴(쇄),"사,새,세,여",22,U+7051
瑣,쇄,쇄 : 잘(쇄),,14,U+7463
碎,쇄,쇄 : 부술(쇄) 잘(쇄),,13,U+788E
鎖,쇄,쇄 : 자물쇠(쇄) 쇠사슬(쇄) 봉할(쇄),쇄 : 자물쇠(쇄) 쇠 사슬(쇄) 봉할(쇄),18,U+9396
鎻,쇄,쇄 : 鎖(자물쇠(쇄)의 俗字,"소,쇠,연",18,U+93BB
惢,"쇄,예","쇄,예 : 의심할(쇄/예)","나,솨,지",12,U+60E2
衰,쇠,쇠 : 쇠할(쇠),쇠 : 쇠할(쇠) 줄(최),10,U+8870
䛵,수,수,,15,U+46F5
䜔,수,수,,20,U+4714
䳠,수,수,주,19,U+4CE0
修,수,수 : 닦을(수),,10,U+4FEE
倕,수,수 : 무거울(수) 이름(수),,10,U+5015
受,수,수 : 받을(수),,8,U+53D7
叟,수,수 : 늙은이(수),,10,U+53DF
售,수,수 : 팔(수),,11,U+552E
嗽,수,수 : 기침(수),수 : 기침(수) 빨(삭),14,U+55FD
囚,수,수 : 가둘(수),경,5,U+56DA
圳,수,수 : 밭도랑(수),천 : 밭도랑(천),6,U+5733
垂,수,수 : 내릴(수),우,8,U+5782
壽,수,수 : 목숨(수),,14,U+58FD
嫂,수,수 : 형수(수),소,13,U+5AC2
嬃,수,수 : 누나(수),,15,U+5B03
守,수,수 : 지킬(수),,6,U+5B88
寿,수,수 : 목숨(수),도,7,U+5BFF
岫,수,수 : 산굴(수),,8,U+5CAB
峀,수,수 : 산굴(수),"순,주",8,U+5CC0
嶲,수,수 : 고을이름(수),"준,휴",16,U+5DB2
廋,수,수 : 숨길(수),유,13,U+5ECB
愁,수,수 : 근심할(수),연,13,U+6101
戍,수,수 : 지킬(수),,6,U+620D
手,수,수 : 손(수),봉,4,U+624B
授,수,수 : 줄(수),,11,U+6388
搜,수,수 : 찾을(수),,13,U+641C
摗,수,수 : 취할(수),,14,U+6457
擻,수,수 : 털어버릴(수),,18,U+64FB
收,수,수 : 거둘(수),공,6,U+6536
晬,수,수 : 돌(수),"쉬,휘 : 돌(쉬)",12,U+666C
棷,수,수 : 수풀(수),"추,취 : 푸서리(취) 섶(추) ",12,U+68F7
樹,수,수 : 나무(수),,16,U+6A39
殊,수,수 : 벨(수) 뛰어날(수),주,10,U+6B8A
殳,수,수 : 몽둥이(수),,4,U+6BB3
水,수,수 : 물(수),,4,U+6C34
汓,수,수: 발헤엄칠(수),자,6,U+6C53
泅,수,수 : 헤엄칠(수),,8,U+6CC5
洙,수,수 : 물이름(수),주,9,U+6D19
浽,수,수 : 작은비(수) 부슬비(수) 물흐릴(수) 물이름(수),,10,U+6D7D
涭,수,수 : 물모양(수),,11,U+6DAD
溲,수,수 : 오줌(수),,13,U+6EB2
漱,수,수 : 양치질할(수),,14,U+6F31
濉,수,수 : 물이름(수),,16,U+6FC9
燧,수,수 : 부싯돌(수) 봉화(수),수 : 부싯돌(수) 봉 화(수),17,U+71E7
狩,수,수 : 사냥(수),,9,U+72E9
獸,수,수 : 짐승(수),,19,U+7378
琇,수,수 : 옥돌(수),,11,U+7407
璲,수,수 : 서옥(수) 패옥(수),수 : 서옥(수) 패옥 (수),17,U+74B2
瓍,수,수 : 구슬(수),,20,U+74CD
瘦,수,수 : 파리할(수),,15,U+7626
睟,수,수 : 똑바로볼(수),,13,U+775F
睡,수,수 : 잘(수),,13,U+7761
睢,수,수 : 물이름(수),휴 : 부릅떠볼(휴),13,U+7762
瞍,수,수 : 소경(수),,15,U+778D
祟,수,수 : 빌미(수) 빌미내릴(수),,10,U+795F
秀,수,수 : 팰(수) 빼어날(수),수 : 팰(수) 빼어날 (수),7,U+79C0
穂,수,수 : 穗(벼이삭(수))의 略字,혜,15,U+7A42
穗,수,수 : 이삭(수),"혜,호",17,U+7A57
竪,수,수 : 세울(수),견,13,U+7AEA
籔,수,수 : 휘(수) 조리(수),,21,U+7C54
粹,수,수 : 순수할(수) 같을(수),졸,14,U+7CB9
綉,수,수 : 수놓을(수),투,13,U+7D89
綏,수,수 : 편안할(수) 끈(수),유,13,U+7D8F
綬,수,수 : 끈(수),순,14,U+7DAC
繡,수,수 : 수(수),숙,18,U+7E61
繻,수,수 : 명주(수),유,20,U+7E7B
羞,수,수 : 부끄러워할(수),,11,U+7F9E
脩,수,수 : 포(수) 닦을(수),,11,U+8129
脺,수,수 : 얼굴윤택(수),"졸,취 : 연할(졸)",12,U+813A
膄,수,수 : 파리할(수),,14,U+8184
膸,수,수 : 뼈속기름(수),,17,U+81B8
臹,수,수 : 익힐(수) 나아갈(수),성,13,U+81F9
茱,수,수 : 수유나무(수),주,12,U+8331
蒐,수,수 : 꼭두서니(수),,16,U+8490
蓚,수,수 : 수산(수),수 : 수산(수) 소루 쟁이(조),16,U+84DA
藪,수,수 : 늪(수),추,21,U+85EA
袖,수,수 : 소매(수),,11,U+8896
誰,수,수 : 누구(수) 옛(수),기,15,U+8AB0
讎,수,수 : 원수(수) 비교 할(수) 같을(수),,23,U+8B8E
讐,수,수 : 바로잡을(수) 원수(수),수 : 바로잡을(수)  원수(수),23,U+8B90
豎,수,수 : 세울(수),,15,U+8C4E
賥,수,수 : 재물(수),,15,U+8CE5
輸,수,수 : 보낼(수) 다할(수) 질(수),윤,16,U+8F38
遂,수,수 : 이룰(수) 따를(수),수 : 이룰(수) 따를 (수),13,U+9042
邃,수,수 : 깊을(수) 멀(수),,17,U+9083
鄋,수,수 : 나라이름(수),,13,U+910B
酬,수,수 : 갚을(수),주,13,U+916C
銖,수,수 : 중량이름(수) 무딜(수),"주,철",14,U+9296
銹,수,수 : 동녹(수),유,15,U+92B9
鎀,수,수 : 쇳덩이(수),,17,U+9380
陲,수,수 : 변방(수),,11,U+9672
隋,수,수 : 수나라(수),타,12,U+968B
隧,수,수 : 굴(수),,16,U+96A7
隨,수,수 : 따를(수),,16,U+96A8
雖,수,수 : 비록(수),,17,U+96D6
須,수,수 : 반드시(수) 잠깐(수) 턱수염(수) 요긴할(수),수 : 반드시(수) 잠 깐(수) 턱수염(수) 요긴할(수),12,U+9808
颼,수,수 : 바람소리(수)  불(수),,19,U+98BC
饈,수,수,,20,U+9948
首,수,수 : 머리(수),,9,U+9996
髓,수,수 : 골(수),,23,U+9AD3
鬚,수,수 : 수염(수),,22,U+9B1A
򠆌,수,수,,12,U+A018C
򠆍,수,수,,16,U+A018D
򠆎,수,수,,16,U+A018E
򠆏,수,수,,21,U+A018F
宿,"수,숙","수,숙: 묵을(숙) 성수(수)",수: 성수(수),11,U+5BBF
需,"수,유","수,유: 구할(수) 요구(수)","연,유",14,U+9700
詶,"수,주","수,주 : 수작할(수) 대답할(수)",,13,U+8A76
陏,"수,타","수,타 : 오미(타) 쌀(수/타)","나,라욱,유",9,U+964F
俶,숙,숙 : 비로소(숙) ,척 : 기개있을(척),10,U+4FF6
倏,숙,숙 : 빠를(숙),,10,U+500F
儵,숙,숙 : 빠를(숙) 잿빛(숙),,19,U+5135
叔,숙,숙 : 아재비(숙) 셋째동포(숙),서,8,U+53D4
埱,숙,숙 : 땅에서기솟을 (숙) 시작할(숙),축,11,U+57F1
塾,숙,숙 : 문옆방(숙) 글방(숙),숙 : 문옆방(숙) 글 방(숙),14,U+587E
夙,숙,숙 : 일찍(숙),,6,U+5919
婌,숙,숙 : 궁녀벼슬이름 (숙),초,11,U+5A4C
孰,숙,숙 : 누구(숙) 어느(숙),숙 : 누구(숙) 어느 (숙),11,U+5B70
橚,숙,숙 : 길고꼿꼿할(숙),,16,U+6A5A
淑,숙,숙 : 착할(숙) 맑을(숙),숙 : 착할(숙) 맑을 (숙),11,U+6DD1
潚,숙,숙 : 성(숙),"소,축  : 깊고맑을(축)   빠를(축)",15,U+6F5A
熟,숙,숙 : 익을(숙) 무를(숙),열,15,U+719F
琡,숙,숙 : 옥이름(숙) 큰홀(숙),숙 : 옥이름(숙) 큰 홀(숙),12,U+7421
璹,숙,숙 : 옥이름(숙),"도,수,주 : 옥이름(숙/도)",18,U+74B9
稤,숙,숙 : 숙궁(숙),"경,략,수,칭",13,U+7A24
肅,숙,숙 : 엄숙할(숙),,13,U+8085
菽,숙,숙 : 콩(숙),,14,U+83FD
驌,숙,숙 : 말이름(숙),,22,U+9A4C
鷫,숙,숙 : 신조(숙),,23,U+9DEB
򠆐,숙,숙,,14,U+A0190
侚,순,순 : 쫓을(순) 빠를(순),,8,U+4F9A
姰,순,순,균: 같을(균) 적합할(균),9,U+59F0
峋,순,순: 깊숙할(순),구,9,U+5CCB
巡,순,순 : 돌(순),,7,U+5DE1
徇,순,순 : 좇을(순),,9,U+5F87
循,순,순 : 좇을(순),,12,U+5FAA
恂,순,순 : 미쁠(순),"상,준",9,U+6042
揗,순,순 : 만질(순) 쓰다듬을(순),,12,U+63D7
旬,순,순 : 열흘(순),,6,U+65EC
栒,순,순 : 나무이름(순) 악기다는틀(순),순 : 나무이름(순)  악기다는틀(순),10,U+6812
楯,순,순 : 난간(순),,13,U+696F
橓,순,순 : 무궁화나무(순),,16,U+6A53
殉,순,순 : 바칠(순),,10,U+6B89
洵,순,순 : 진실로(순),현,9,U+6D35
淳,순,순 : 순박할 (순) 깨끗할(순),준,11,U+6DF3
漘,순,순 : 물가(순),,14,U+6F18
珣,순,순 : 옥이름(순),,10,U+73E3
畃,순,순: 착할(순),,8,U+7543
盹,순,순 : 선잠(순),,9,U+76F9
盾,순,순 : 방패(순),돈,9,U+76FE
眴,순,순 : 눈깜짝할(순),현 : 눈짓할(현),11,U+7734
瞬,순,순 : 눈깜짝거릴(순),,17,U+77AC
笋,순,순 : 대순(순),"윤,정",10,U+7B0B
筍,순,순 : 대순(순),,12,U+7B4D
紃,순,순,훈,9,U+7D03
肫,순,순 : 정성스러울(순),"돈,준",8,U+80AB
脣,순,순 : 입술(순) 가(순),,11,U+8123
舜,순,순 : 순임금(순),,12,U+821C
荀,순,순 : 풀이름(순),,12,U+8340
蓴,순,순 : 순채(순),"단,전",17,U+84F4
蕣,순,순 : 무궁화나무(순),,18,U+8563
衠,순,순 : 바를(순) 순전할(순),준,16,U+8860
詢,순,순 : 물을(순),,13,U+8A62
諄,순,순 : 도울(순) 지성스러울(순),"준,형",15,U+8AC4
郇,순,순 : 땅이름(순),,9,U+90C7
醇,순,순 : 진할(순),염,15,U+9187
錞,순,순 : 악기이름(순),"대,형 : 창고달(대)",16,U+931E
順,순,순 : 순할(순) 쫓을(순) 차례(순),순 : 순할(순) 쫓을 (순) 차례(순),12,U+9806
馴,순,순 : 길들(순) 좋을(순) 순할(순),훈,13,U+99B4
駨,순,순 : 말이달려갈(순),현 : 청총이말(현),16,U+99E8
鬊,순,순 : 머리풀어헤칠(순),,19,U+9B0A
鶉,순,순 : 메추라기(순),,19,U+9D89
򠆑,순,순,,11,U+A0191
򠆒,순,순,,17,U+A0192
򠆓,순,순,,19,U+A0193
純,"순,준","순,준 : 순수할(순) 실(순) 오로지(순) 부드러울(순)",돈,10,U+7D14
戌,술,술 : 열한째지지(술),,6,U+620C
沭,술,술 : 물이름(술),,8,U+6CAD
珬,술,술 : 옥이름(술),,10,U+73EC
絉,술,술 : 끈(술) 줄(술),,11,U+7D49
荗,술,술,무,12,U+8357
術,술,술 : 꾀(술),,11,U+8853
述,술,술 : 말할(술),,9,U+8FF0
鉥,술,술 : 바늘(술),,13,U+9265
𡊍,술,술,,8,U+2128D
崇,숭,숭 : 높을(숭),"수,종",11,U+5D07
崧,숭,숭 : 높은산(숭),송,11,U+5D27
嵩,숭,숭 : 높을(숭),"설,승,호",13,U+5D69
菘,숭,숭 : 숭채(숭),송,14,U+83D8
倅,쉬,쉬 : 버금(쉬),졸 : 버금(졸),10,U+5005
淬,쉬,쉬 : 담글(쉬) 물들(쉬),"수,줄,채,최",11,U+6DEC
焠,쉬,쉬 : 태울(쉬)  담글(쉬),수,12,U+7120
㻭,슬,슬,,15,U+3EED
瑟,슬,슬 : 큰거문고(슬),"설,실,필",13,U+745F
璱,슬,슬 : 옥무늬(슬),설,17,U+74B1
膝,슬,슬 : 무릎(슬),칠,15,U+819D
虱,슬,슬 : 이(슬),,8,U+8671
蝨,슬,슬 : 이(슬),,15,U+8768
𩇣,슬,슬,,21,U+291E3
慴,습,습 : 겁낼(습) 굴복할(습),"섭,접",14,U+6174
槢,습,습 : 단단한나무(습) 틀(습),섭,15,U+69E2
濕,습,습 : 축축할(습),섭,17,U+6FD5
熠,습,습 : 빛날(습),섭,15,U+71A0
習,습,습 : 익힐(습),,11,U+7FD2
褶,습,습 : 사마치(습),첩  : 겹옷(첩),17,U+8936
襲,습,습 : 엄습할(습) 물려받을(습),습 : 엄습할(습) 물 려받을(습),22,U+8972
隰,습,습 : 진펄(습),,17,U+96B0
拾,"습,십","습,십 : 주울(습) 열(십)",섭 : 오를(섭) 건널(섭),9,U+62FE
㞼,승,승,,8,U+37BC
㴍,승,승,,11,U+3D0D
丞,승,승 : 도울(승),,6,U+4E1E
乘,승,승 : 탈(승),,10,U+4E58
僧,승,승 : 중(승),,14,U+50E7
勝,승,승 : 이길(승),,12,U+52DD
升,승,승 : 되(승) 오를(승),,4,U+5347
呏,승,승 : 가론(승),,7,U+544F
塍,승,승 : 밭두둑(승),증,13,U+584D
嵊,승,승 : 땅이름(승),,13,U+5D4A
承,승,승 : 이을(승),,8,U+627F
昇,승,승 : 오를(승),,8,U+6607
枡,승,승 : 되(승)(일본한자),,8,U+67A1
榺,승,승 : 바디(승) 도토마리(승),승 : 바디(승) 도토 마리(승),14,U+69BA
氶,승,승 : 도울(승) 현이름(승),증,5,U+6C36
洆,승,승 : 빠질(승),,9,U+6D06
繩,승,승 : 줄(승),,19,U+7E69
蠅,승,승 : 파리(승),,19,U+8805
阩,승,승 : 陞(오를(승))과  同字,승 : 陞(오를(승)과  同字,7,U+9629
陞,승,승 : 오를(승),,10,U+965E
陹,승,승: 해돋을(승),"경, 순, 예",11,U+9679
鬙,승,승 : 헝클어질(승),,22,U+9B19
鵿,승,승 : 오를(승),,19,U+9D7F
䛈,시,시,지,12,U+46C8
侍,시,시 : 모실(시),지,8,U+4F8D
偲,시,시 : 책선할(시),"사,쉬,식 : 아름다울(채)",11,U+5072
兕,시,시 : 외뿔소(시),,8,U+5155
匙,시,시 : 숟가락(시) 열쇠(시),시 : 숟가락(시) 열 쇠(시),11,U+5319
厮,시,시 : 종(시),,14,U+53AE
啻,시,시 : 뿐(시),,12,U+557B
嘶,시,시 : 울(시),,15,U+5636
塒,시,시 : 홰(시),지,13,U+5852
始,시,시 : 처음(시) 비로소(시),여,8,U+59CB
媤,시,시 : 시집(시)(한국한자),시 : 시집(시)(한 국한자),12,U+5AA4
尸,시,시 : 주검(시) 시동(시),시 : 주검(시) 시동 (시),3,U+5C38
屍,시,시 : 주검(시),,9,U+5C4D
崼,시,시 : 가까운산(시),질,12,U+5D3C
市,시,시 : 저자(시),,5,U+5E02
廝,시,시 : 종(시),,15,U+5EDD
弒,시,시 : 죽일(시),,13,U+5F12
徥,시,시 : 슬슬걸을(시),식,12,U+5FA5
恃,시,시 : 믿을(시),,9,U+6043
施,시,시 : 베풀(시),"선,이,재",9,U+65BD
旹,시,시,,8,U+65F9
是,시,시 : 옳을(시),,9,U+662F
時,시,시 : 때(시),,10,U+6642
枲,시,시 : 모시풀(시),,9,U+67B2
枾,시,시 : 감(시),,9,U+67BE
柴,시,시 : 섶(시),"새,영,자,재,채,칠",9,U+67F4
柹,시,시 : 감(시),시 : 감(시)(枾의  본자),9,U+67F9
柿,시,시 : 감나무(시),,9,U+67FF
榯,시,시 : 나무곧게설(시)  문설주(시),,14,U+69AF
毸,시,시 : 날개짓할(시),시 : 날개짓할(새/시),13,U+6BF8
沶,시,시: 고을이름(시),지: 물가(지),8,U+6CB6
湤,시,시 : 물이름(시),선,12,U+6E64
溡,시,시 : 빗물(시),,13,U+6EA1
漦,시,시: 거품(시),,14,U+6F26
澌,시,시 : 다할(시),,15,U+6F8C
猜,시,시 : 의심낼(시),,11,U+731C
眂,시,시: 볼(시) 視과 同字,"시,지: 視(볼(시))와 同字",9,U+7702
眎,시,시,,10,U+770E
矢,시,시 : 살(시) 맹세할(시),지,5,U+77E2
示,시,시 : 보일(시) 땅귀신(시),시 : 보일(시) 땅귀 신(시),5,U+793A
絁,시,시: 깁(시),,11,U+7D41
緦,시,시 : 시마(시),,15,U+7DE6
翅,시,시 : 날개(시),"나,희",10,U+7FC5
翤,시,시 : 날개(시) 깃(시),,14,U+7FE4
蒔,시,시 : 모종할(시),,16,U+8494
蓍,시,시 : 시초(시),"기,희",16,U+84CD
視,시,시 : 볼(시) 견줄(시) 본받을(시),,11,U+8996
試,시,시 : 시험(시) 쓸(시) 비교할(시),식,13,U+8A66
詩,시,시 : 시(시) 받을(시),,13,U+8A69
諡,시,시 : 시호(시),,16,U+8AE1
諰,시,시: 두려워할(시),,16,U+8AF0
豉,시,시 : 메주(시) 된장(시),,11,U+8C49
豕,시,시 : 돼지(시),,7,U+8C55
豺,시,시 : 승냥이(시),,10,U+8C7A
邿,시,시 : 나라이름(시),,9,U+90BF
釃,시,시 : 거를(시),,26,U+91C3
鍉,시,시 : 숟갈(시) 얼쇠(시),"강,제",17,U+9349
顋,시,시 : 뺨(시),새 : 뺨(새),18,U+984B
򠆔,시,시,,16,U+A0194
򠆕,시,시,,16,U+A0195
󰪎,시,시,,12,U+F0A8E
媞,"시,제","시,제 : 아름다울(제)",,12,U+5A9E
禔,"시,제,지","시,제,지: 복(시/제/지)",지: 복(지),14,U+7994
󰪐,"시,제,지","시,제,지 : 복(시/제/지)",재,14,U+F0A90
諟,"시,체","시,체 : 바를(시)",,16,U+8ADF
屎,"시,히","시,히 : 똥(시)","분,희",9,U+5C4E
埴,식,식 : 찰흙(식),"직,치 : 찰흙(치/식)",11,U+57F4
媳,식,식 : 며느리(식),,13,U+5AB3
寔,식,식 : 진실로(식) 이(식),시,12,U+5BD4
式,식,식 : 법(식),이,6,U+5F0F
息,식,식 : 숨(식) 쉴(식) 자랄(식),,10,U+606F
拭,식,식 : 닦을(식),,9,U+62ED
栻,식,식 : 점판(식),이,10,U+683B
植,식,식 : 심을(식) 세울(식),식 : 심을(식) 세울 (식),12,U+690D
殖,식,식 : 자랄(식) 번성할(식) 불을(식),직,12,U+6B96
湜,식,식 : 맑을(식),"시,제,호",12,U+6E5C
熄,식,식 : 꺼질(식),,14,U+7184
篒,식,식 : 대밥통(식),,15,U+7BD2
蝕,식,식 : 먹을(식),,14,U+8755
軾,식,식 : 수레앞턱가루나무(식),식 : 수레앞턱가루나무 (식),13,U+8EFE
鄎,식,식 : 땅이름(식),,13,U+910E
鉽,식,식 : 솥(식),,14,U+927D
食,식,식 : 먹을(식),"사,이 : 밥(사)   사람이름(이)",9,U+98DF
飾,식,식 : 꾸밀(식),,14,U+98FE
識,"식,지","식,지 : 알(식) 식견(식) 적을(지)","식,지 : 알(식) 식 견(식) 적을(지)  깃발(치)",19,U+8B58
伸,신,신 : 펼(신) 기지개켤(신),신 : 펼(신) 기지개 켤(신),7,U+4F38
侁,신,신 : 떼지어갈(신),선,8,U+4F81
信,신,신 : 미쁠(신) 믿을(신),신 : 미쁠(신) 믿을 (신),9,U+4FE1
兟,신,신 : 나아갈(신) 총총들어설(신),선,12,U+515F
呻,신,신 : 끙끙거릴(신) 읊조릴(신),곤,8,U+547B
哂,신,신 : 웃을(신),,9,U+54C2
囟,신,신 : 정수리(신),,6,U+56DF
姺,신,신 : 옛나 라이름(신),"산,선,승 : 옛나 라이름(선)",9,U+59FA
娠,신,신 : 애밸(신),"아,진",10,U+5A20
宸,신,신 : 집(신) 대궐(신) 하늘(신),"량,진",10,U+5BB8
弞,신,신 : 생긋웃을(신) 나무이름(신),,7,U+5F1E
新,신,신 : 새(신),,13,U+65B0
晨,신,신 : 새벽(신),"성,진",11,U+6668
汛,신,신 : 조수(신),,6,U+6C5B
燊,신,신: 불탈(신),화,16,U+71CA
燼,신,신 : 탄나머지(신),,18,U+71FC
璶,신,신 : 옥같은돌(신),,18,U+74B6
甡,신,신 : 우글우글할(신),선,10,U+7521
申,신,신 : 아홉째지지(신) 이야기할(신),신 : 아홉째지지(신)  이야기할(신),5,U+7533
矧,신,신 : 하물며(신),,9,U+77E7
神,신,신 : 귀신(신) 정기(신),신 : 귀신(신) 정기 (신),10,U+795E
紳,신,신 : 큰 띠(신) 벼슬아치(신),진,11,U+7D33
脤,신,신 : 제육(신),진,11,U+8124
腎,신,신 : 콩팥(신),,12,U+814E
臣,신,신 : 신하(신),,6,U+81E3
莘,신,신 : 많을(신) 땅이름(신) 족두리풀(신),신 : 많을(신) 땅이 름(신) 족두리풀(신),13,U+8398
薪,신,신 : 땔나무(신),섭,19,U+85AA
藎,신,신 : 여초(신) 나아갈(신),신 : 여초(신) 나아 갈(신),20,U+85CE
蜃,신,신 : 대합조개(신),,13,U+8703
訊,신,신 : 물을(신),,10,U+8A0A
訫,신,신 : 信(믿을(신)과 同字,심,11,U+8A2B
贐,신,신 : 전별할(신),진,21,U+8D10
身,신,신 : 몸(신),신 : 몸(신) 나라이 름(견),7,U+8EAB
辛,신,신 : 매울(신),,7,U+8F9B
迅,신,신 : 빠를(신),,7,U+8FC5
鋠,신,신 : 둥근무쇠(신),진,15,U+92E0
頣,신,신 : 눈치켜뜨고볼(신),"미,이,현,희",15,U+9823
駪,신,신 : 많을(신),선,16,U+99EA
򠆖,신,신,,13,U+A0196
򠆗,신,신,,19,U+A0197
򠆘,신,신,,20,U+A0198
󰪦,신,신,,10,U+F0AA6
愼,"신,진","신,진 : 삼갈(신)",,13,U+613C
滇,"신,진","신,진",전,13,U+6EC7
濜,"신,진","신,진 : 물이름(진)",,17,U+6FDC
辰,"신,진","신,진 : 별이름(신) 다섯째지지(진)","신,진 : 별이름(신)  다섯째지지(진)",7,U+8FB0
失,실,실 : 잃을(실),,5,U+5931
実,실,실 : 實(열매(실))의 略字,실 : 實(열매(실)) 의 略字,8,U+5B9F
室,실,실 : 집(실),,9,U+5BA4
悉,실,실 : 다알(실),,11,U+6089
蟋,실,실 : 귀뚜라미(실),,17,U+87CB
實,"실,지","실,지 : 열매(실)",슬,14,U+5BE6
伈,심,심 : 두려워할(심),,6,U+4F08
審,심,심 : 살필(심),,15,U+5BE9
尋,심,심 : 찾을(심),,12,U+5C0B
心,심,심 : 마음(심),,4,U+5FC3
愖,심,심 : 믿을(심) 정성(심),침,12,U+6116
沁,심,심 : 밸(심) 물이름(심),심 : 밸(심) 물이름 (심),7,U+6C81
深,심,심 : 깊을(심) 깊이(심),심 : 깊을(심) 깊이 (심),11,U+6DF1
潯,심,심 : 물가(심),,15,U+6F6F
瀋,심,심 : 즙(심) 물이름(심),심 : 즙(심) 물이름 (심),18,U+700B
燖,심,심 : 삶을(심),,16,U+71D6
甚,심,심 : 심할(심) 무엇(심),기,9,U+751A
芯,심,심 : 골풀(심),애,10,U+82AF
葚,심,심 : 오디(심),,15,U+845A
諗,심,심 : 고할(심) 꾀할(심) 서로생각할(심),염,15,U+8AD7
諶,심,심 : 믿을(심),침,16,U+8AF6
讅,심,심 : 깨달을(심),,22,U+8B85
鄩,심,심 : 고을이름(심),,15,U+9129
鐔,심,심 : 날밀(심)  칼자루끝(심) 칼(심),담,20,U+9414
鱏,심,심 : 철갑상어(심),,23,U+9C4F
򠆙,심,심,,10,U+A0199
灊,"심,첨","심,첨 : 물이름(심) 땅이름(첨)",,21,U+704A
沈,"심,침","심,침 : 성(심) 즙낼(심) 잠길(침) 장마물(침)","심,침 : 성(심) 즙 낼(심) 잠길(침)  장마물(침)",7,U+6C88
十,십,십 : 열(십),시,2,U+5341
什,"십,집","십,집 : 열(십) 세간(집)","섭,습",4,U+4EC0
双,쌍,쌍 : 雙(쌍(쌍))의 俗字,우,4,U+53CC
雙,쌍,쌍 : 쌍(쌍),준,18,U+96D9
氏,씨,씨 : 씨(씨),"시,지  : 나라이름(지)",4,U+6C0F
䄉,아,아,,12,U+4109
䋍,아,아,하,11,U+42CD
丫,아,아 : 가장귀(아),,3,U+4E2B
亜,아,아 : 亞(버금(아))의 俗字,아 : 亞(버금(아)) 의 俗字,7,U+4E9C
亞,아,아 : 버금(아),,8,U+4E9E
俄,아,아 : 갑자기(아),,9,U+4FC4
児,아,아 : 兒(아기(아)),정,7,U+5150
哦,아,아 : 읊조릴(아) 노래(아),아 : 읊조릴(아) 노 래(아),10,U+54E6
啊,아,아: 어조사(아),가,11,U+554A
啞,아,아 : 벙어리(아),아 : 벙어리(아) 웃 을(액),11,U+555E
妸,아,아 : 고을(아),"가,하",8,U+59B8
妿,아,아: 여스승(아),"가,나",8,U+59BF
娥,아,아 : 예쁠(아),"빈,연",10,U+5A25
娿,아,아 : 아리따울(아),,11,U+5A3F
婀,아,아 : 아리따울(아),,11,U+5A40
婭,아,아 : 동서(아),,11,U+5A6D
孲,아,아 : 갓난아기(아),,11,U+5B72
峨,아,아 : 높을(아),나,10,U+5CE8
峩,아,아 : 높을(아),,10,U+5CE9
庌,아,아 : 집(아) 대청(아) 덮을(아),,7,U+5E8C
我,아,아 : 나(아),,7,U+6211
枒,아,아: 바퀴테(아) 가장귀(아) 가새목자를(아),야: 종려나무(야),8,U+6792
椏,아,아: 가장귀(아),,12,U+690F
牙,아,아 : 어금니(아),,4,U+7259
玡,아,아 : 땅이름(아),,8,U+73A1
珴,아,아 : 홀(아),,11,U+73F4
疴,아,아 : 병(아),하,10,U+75B4
皒,아,아 : 흰색(아),,12,U+7692
睋,아,아 : 볼(아) 갑자기(아),,12,U+774B
砑,아,아 : 갈(아),,9,U+7811
硪,아,아 : 달구(와/아),,12,U+786A
笌,아,아 : 대순(아) 죽순(아),,10,U+7B0C
芽,아,아 : 싹(아),묘,10,U+82BD
莪,아,아 : 미나리(아),,13,U+83AA
蛾,아,아 : 나방(아),아 : 나방(아) 개미 (의),13,U+86FE
衙,아,아 : 마을(아) 대궐(아),오,13,U+8859
襾,아,아 : 덮을(아) 가리어숨길(아),,6,U+897E
訝,아,아 : 맞을(아) 의아할(아),아 : 맞을(아) 의아 할(아),11,U+8A1D
誐,아,아 : 간사할(아),,14,U+8A90
迓,아,아 : 마중할(아),,8,U+8FD3
鈳,아,아 : 작은가마(아) 작은도끼(아),하,13,U+9233
錏,아,아 : 목가림투구(아)  강철부드럽게할(아),,16,U+930F
阿,아,아 : 언덕(아) 아첨할(아),아 : 언덕(아) 아첨 할(아),8,U+963F
雅,아,아 : 바를(아) 우아할(아),"나,치",12,U+96C5
餓,아,아 : 굶주릴(아),,16,U+9913
鴉,아,아 : 검을(아),,15,U+9D09
鵝,아,아 : 거위(아),,18,U+9D5D
鵞,아,아 : 거위(아),추,18,U+9D5E
򠆚,아,아,,11,U+A019A
򠆛,아,아,,13,U+A019B
兒,"아,예","아,예: 아이(아) 어조사(아) 성(예)",예: 성(예),8,U+5152
猗,"아,의","아,의: 어조사(의)",,11,U+7317
疋,"아,필","아,필",소 : 발(소),5,U+758B
偓,악,악 : 악착할(악),,11,U+5053
咢,악,악 : 깜짝놀랄(악),,9,U+54A2
喔,악,악 : 울(악),,12,U+5594
噩,악,악 : 놀랄(악) 엄숙할(악),,16,U+5669
堊,악,악 : 백토(악),아,11,U+580A
岳,악,악 : 큰산(악),,8,U+5CB3
嶽,악,악 : 큰산(악),,17,U+5DBD
幄,악,악 : 장막(악),,12,U+5E44
愕,악,악 : 놀랄(악),,12,U+6115
握,악,악 : 쥘(악),옥,12,U+63E1
渥,악,악 : 두터울(악) 젖을(악),악 : 두터울(악) 젖 을(악),12,U+6E25
腭,악,악 : 입천장(악),,13,U+816D
萼,악,악 : 꽃받침(악),,15,U+843C
覨,악,악 : 오래볼(악),,16,U+89A8
諤,악,악 : 곧은말할(악),,16,U+8AE4
鄂,악,악 : 한계(악) 나타날(악),악 : 한계(악) 나타 날(악),12,U+9102
鍔,악,악 : 칼날(악),,17,U+9354
顎,악,악 : 턱(악),,18,U+984E
鰐,악,악 : 악어(악),,20,U+9C10
鶚,악,악 : 물수리(악),,20,U+9D9A
齶,악,악 : 입천장(악),,24,U+9F76
齷,악,악 : 작을(악),,24,U+9F77
惡,"악,오","악,오 : 나쁠(악) 미워할(오) 어찌(오)",아,12,U+60E1
侒,안,안: 편안할(안) 늦을(안),영,8,U+4F92
妟,안,안 : 편안할(안),"민,연,추",7,U+599F
姲,안,안 : 종용할(안),,9,U+59F2
婩,안,안 : 고을(안),학 : 어리 석을(학),11,U+5A69
安,안,안 : 편안할(안),,6,U+5B89
岸,안,안 : 언덕(안),,8,U+5CB8
按,안,안 : 누를(안),,9,U+6309
晏,안,안 : 늦을(안),,10,U+664F
案,안,안 : 안석(안),,10,U+6848
桉,안,안 : 푸른옥바리(안)  안석(안),,10,U+6849
洝,안,안 : 끓인물(안),,9,U+6D1D
犴,안,안 : 들개(안) 옥(안),한,6,U+72B4
眼,안,안 : 눈(안),,11,U+773C
錌,안,안 : 시우쇠(안),,16,U+930C
雁,안,안 : 기러기(안),"연,응",12,U+96C1
鞍,안,안 : 안장(안),,15,U+978D
顔,안,안 : 얼굴(안),언,18,U+9854
鮟,안,안 : 아귀(안),,17,U+9B9F
鴈,안,안 : 기러기(안),,15,U+9D08
𤎝,안,안,응,16,U+2439D
䭓,"안,온","안,온",은,19,U+4B53
㩵,알,알,찰,23,U+3A75
嘎,알,알 : 두루미소리(알),,14,U+560E
揠,알,알 : 뽑을(알),,12,U+63E0
斡,알,알 : 돌(알),간 : 주장할(간),14,U+65A1
穵,알,알 : 더듬을(알),,6,U+7A75
訐,알,알 : 발각할(알),,10,U+8A10
謁,알,알 : 명함(알) 뵐(알) 아뢸(알),,16,U+8B01
軋,알,알 : 삐걱거릴(알),,8,U+8ECB
遏,알,알 : 막을(알) 머무 를(알),,13,U+904F
閼,알,알 : 막을(알),연 : 흉노왕비(연),16,U+95BC
頞,알,알 : 콧대(알),,15,U+981E
鴶,알,알 : 뻐꾹새(알),길,17,U+9D36
唵,암,암 : 움켜잡을(암) 입에머금을(암),암 : 움켜잡을(암)  입에머금을(암),11,U+5535
啽,암,암 : 말아니할(암)  잠꼬대할(암),,12,U+557D
媕,암,암 : 머뭇거릴(암),,12,U+5A95
岩,암,암 : 바위(암),,8,U+5CA9
嵒,암,암 : 바위(암)(岩의 이체자) 산우뚝할(암),,12,U+5D52
嵓,암,암 : 바위(암),"늠,듬,등",12,U+5D53
巖,암,암 : 바위(암),엄,23,U+5DD6
庵,암,암 : 암자(암),호,11,U+5EB5
晻,암,암 : 어두울(암),엄 : 햇빛침침할(엄),12,U+667B
暗,암,암 : 어두울(암),"오,음",13,U+6697
癌,암,암 : 암(암),,17,U+764C
腤,암,암 : 삶을(암),,13,U+8164
菴,암,암 : 진주뽕(암) 가리울(암),암 : 진주뽕(암) 가 리울(암),14,U+83F4
葊,암,암 : 암자(암),,15,U+844A
蓭,암,암 : 암자(암),,17,U+84ED
諳,암,암 : 알(암) 기억할(암) 깨달을(암) 익혀들을(암)  다(암),미,16,U+8AF3
闇,암,암 : 어두울(암),음,17,U+95C7
頷,암,암 : 끄덕일(암),함 : 턱(함),16,U+9837
馣,암,암 : 향내(암),"엄,음",17,U+99A3
黯,암,암 : 검을(암),,21,U+9EEF
򠆜,암,암,,14,U+A019C
壓,압,압 : 누를(압),,17,U+58D3
押,압,압 : 수결(압),갑  : 단속할(갑),8,U+62BC
狎,압,압 : 친압할(압) 희롱할(압),압 : 친압할(압) 희 롱할(압),8,U+72CE
鴨,압,압 : 오리(압),,16,U+9D28
仰,앙,앙 : 우러러볼(앙),,6,U+4EF0
卬,앙,앙 : 나(앙) 오를(앙),,4,U+536C
坱,앙,앙 : 티끌(앙)  먼지(앙) 펀할(앙),영,8,U+5771
央,앙,앙 : 가운데(앙),영,5,U+592E
怏,앙,앙 : 원망할(앙),영,8,U+600F
昂,앙,앙 : 들(앙) 오를(앙),,8,U+6602
昻,앙,앙 : 밝을(앙) 높을(앙),앙 : 밝을(앙) 높을 (앙),9,U+663B
枊,앙,앙 : 말뚝(앙),유,8,U+678A
殃,앙,앙 : 재앙(앙),영,9,U+6B83
泱,앙,앙 : 깊을(앙),"영,왕",8,U+6CF1
炴,앙,앙 : 불빛(앙),영,9,U+70B4
盎,앙,앙 : 동이(앙),,10,U+76CE
秧,앙,앙 : 모(앙),영,10,U+79E7
詇,앙,앙 : 슬기로울(앙) 미리알(앙),영,12,U+8A47
鞅,앙,앙 : 가슴걸이(앙),,14,U+9785
鴦,앙,앙 : 원앙(앙),,16,U+9D26
柍,"앙,영","앙,영 : 추녀끝(앙)",,9,U+67CD
㶼,애,애,"소,예,위,준,해,희",11,U+3DBC
䝽,애,애,,15,U+477D
僾,애,애 : 방물케할(애)  돋보기(애) 흑흑느낄(애),,15,U+50FE
厓,애,애 : 언덕(애),,8,U+5393
哀,애,애 : 슬플(애),,9,U+54C0
唉,애,애 : 한탄할(애) 물 을(애),,10,U+5509
啀,애,애 : 개가물려고할(애),,11,U+5540
噯,애,애 : 숨(애),,16,U+566F
埃,애,애 : 티끌(애),,10,U+57C3
娭,애,애 : 희롱할(애)  계집종(애),희,10,U+5A2D
娾,애,애 : 즐거울(애) 계집이추름(애),희,11,U+5A3E
崕,애,애 : 낭떠러지(애)(崖의 이체자),의 : 낭떠러지(애)(崖의 이체자),11,U+5D15
崖,애,애 : 낭떠러지(애),의,11,U+5D16
愛,애,애 : 사랑(애),수,13,U+611B
挨,애,애 : 등칠(애) 밀칠(애) 맞댈(애),,10,U+6328
捱,애,애 : 막을(애),,11,U+6371
敱,애,애 : 다스림이있를(애),,14,U+6571
曖,애,애 : 희미할(애),난,17,U+66D6
欸,애,애 : 한숨쉴(애),,11,U+6B38
涯,애,애 : 물가(애),아,11,U+6DAF
漄,애,",애 : 물가(애)",아 : 물가(아) 다할(아),14,U+6F04
獃,애,애 : 못생길(애) 우두커니서있을(애),,13,U+7343
璦,애,애 : 옥이름(애),"경,란,수,원",17,U+74A6
皚,애,애 : 눈서리흴(애),,15,U+769A
睚,애,애 : 눈초리(애),,13,U+775A
瞹,애,애 : 눈흐릿할(애),,18,U+77B9
碍,애,애 : 막힐(애) 거리낄(애),득,13,U+788D
磑,애,애 : 맷돌(애) 단단할(애),,15,U+78D1
礙,애,애 : 막을(애) 거릴 낄(애),,19,U+7919
薆,애,애 : 초목우거질(애),,19,U+8586
藹,애,애 : 덮을(애),갈,22,U+85F9
譪,애,애 : 힘다할(애) 많을(애),,20,U+8B6A
隘,애,애 : 좁을(애) 더러울(애),일,13,U+9698
靄,애,애 : 구름피어오를(애),,24,U+9744
靉,애,애 : 구름낄(애),,25,U+9749
騃,애,애 : 어리석을(애),사,17,U+9A03
艾,"애,예","애,예: 쑥(애) 다스릴(예)","부,혜",8,U+827E
򠆝,"애,예","애,예",,8,U+A019D
򠈶,"애,예","애,예",애,8,U+A0236
򠉨,"애,예","애,예",,10,U+A0268
厄,액,액 : 재앙(액),,4,U+5384
呝,액,액 : 딸꾹질할(액)  어조사(액),,8,U+545D
戹,액,액 : 재앙(액),,5,U+6239
扼,액,액 : 누를(액),,7,U+627C
掖,액,액 : 낄(액) 곁부축할(액),액 : 낄(액) 곁부축 할(액),11,U+6396
搤,액,액 : 누를(액),"열,익,일",13,U+6424
液,액,액 : 즙(액),,11,U+6DB2
縊,액,액,"의,익 : 목맬(의)",16,U+7E0A
腋,액,액 : 겨드랑이(액),,12,U+814B
阨,액,액 : 재앙(액),애,7,U+9628
額,액,액 : 이마(액) 수량(액) 현판(액) 동아리(액),액 : 이마(액) 수량 (액) 현판(액)  동아리(액),18,U+984D
嚶,앵,앵 : 울(앵),,20,U+56B6
嫈,앵,앵 : 예쁠(앵)  어린지어미(앵),영,13,U+5AC8
櫻,앵,앵 : 앵두나무(앵),"영,옥",21,U+6AFB
罃,앵,앵 : 병(앵),,16,U+7F43
罌,앵,앵 : 항아리(앵),,20,U+7F4C
鶯,앵,앵 : 꾀꼬리(앵),"맹,영",21,U+9DAF
鸎,앵,앵 : 꾀꼬리(앵),영,25,U+9E0E
鸚,앵,앵 : 앵무(앵),,28,U+9E1A
也,야,야 : 어조사(야),,3,U+4E5F
倻,야,야 : 가야(야),"가,라",10,U+503B
冶,야,야 : 불릴(야),치,7,U+51B6
埜,야,야 : 들판(야),,11,U+57DC
夜,야,야 : 밤(야),,8,U+591C
惹,야,야 : 이끌(야),성,13,U+60F9
捓,야,야 : 희롱할(야),,10,U+6353
揶,야,야 : 빈정거릴(야),노,12,U+63F6
椰,야,야 : 야자나무(야),,13,U+6930
爺,야,야 : 아비(야),,13,U+723A
琊,야,야 : 고을이름(야),,11,U+740A
耶,야,야 : 그런가(야),"나,랑,방,아,예",9,U+8036
野,야,야 : 들(야),,11,U+91CE
򠆞,야,야,,15,U+A019E
若,"야,약","야,약 : 만일(약) 같을(약) 너(약) 반야(야)","야,약 : 만일(약)  같을(약) 너(약)  반야(야)",11,U+82E5
򠆟,"야,약","야,약",,11,U+A019F
䠯,약,약,,24,U+482F
弱,약,약 : 약할(약),,10,U+5F31
爚,약,약 : 빛(약),,21,U+721A
禴,약,약 : 옛종묘사시제사중 하나인(약),,22,U+79B4
篛,약,약 : 죽순껍질(약),,16,U+7BDB
籥,약,약 : 피리(약),,23,U+7C65
葯,약,약 : 구리때잎(약),,15,U+846F
蒻,약,약 : 구약나물(약),,16,U+84BB
藥,약,약 : 약(약),"낙,락,양",21,U+85E5
躍,약,약 : 뛸(약),요,21,U+8E8D
鑰,약,약 : 자물쇠(약),,25,U+9470
鶸,약,약 : 곤계(약),,21,U+9DB8
龠,약,약 : 피리(약),윤 : 피리(약),17,U+9FA0
򠆠,약,약,,21,U+A01A0
򠆡,약,약,,15,U+A01A1
򠆢,약,약,,16,U+A01A2
約,"약,요","약,요 : 대략(약) 맹세할(약) 간략할(약) 검소할(약) 구속할(약) 맺을(약)",,9,U+7D04
佯,양,양 : 속일(양),,8,U+4F6F
壤,양,양 : 고은흙(양) 땅(양),양 : 고은흙(양) 땅 (양),20,U+58E4
孃,양,양 : 어미(양) 계집(양),"냥,연",20,U+5B43
徉,양,양 : 노닐(양),상,9,U+5F89
恙,양,양 : 병(양),유,10,U+6059
懩,양,양 : 맘가려울(양)  바랄(양),,18,U+61E9
揚,양,양 : 오를(양),,12,U+63DA
攘,양,양 : 물리칠(양) 걷을(양),양 : 물리칠(양) 걷 을(양),20,U+6518
敭,양,양 : 밝을(양) 밝힐(양),양 : 밝을(양) 밝힐 (양),12,U+656D
昜,양,양 : 양기(양),,9,U+661C
暘,양,양 : 해돋을(양),"석,창,역",13,U+6698
椋,양,양: 푸조나무(양),"경,량,숙 : 푸조 나무(량)",12,U+690B
楊,양,양 : 버들(양),석,13,U+694A
洋,양,양 : 큰바다(양),상,9,U+6D0B
漾,양,양 : 출렁거릴(양),,14,U+6F3E
瀁,양,양 : 넓을(양),,18,U+7001
瀼,양,양 : 이슬흠치르르할(양),"낭,랑 : 흐를(낭)",20,U+703C
烊,양,양 : 녹일(양),,10,U+70CA
煬,양,양 : 땔(양) 녹일(양),석,13,U+716C
痒,양,양 : 가려울(양),상,11,U+75D2
瘍,양,양 : 두창(양),,14,U+760D
癢,양,양 : 가려울(양),,20,U+7662
眻,양,양 : 눈썹사이(양)  눈이아름다울(양),,11,U+773B
禳,양,양 : 물리칠(양),,22,U+79B3
穰,양,양 : 짚(양) 넉넉할(양),양 : 짚(양) 넉넉할 (양),22,U+7A70
羊,양,양 : 양(양),,6,U+7F8A
羏,양,양 : 착할(양) 아름다울(양),분,9,U+7F8F
羕,양,양 : 물이길(양) 길(양),,11,U+7F95
蘘,양,양 : 양하(양),,23,U+8618
襄,양,양 : 도울(양),랑,17,U+8944
諹,양,양 : 칭찬할(양),,16,U+8AF9
讓,양,양 : 사양(양) 꾸짖을(양) 줄(양),양 : 사양(양) 꾸짖 을(양) 줄(양),24,U+8B93
輰,양,양 : 치장한수레(양) 임금수레(양),창,16,U+8F30
釀,양,양 : 빚을(양),,24,U+91C0
鍚,양,양 : 당로(양),석,17,U+935A
鑲,양,양,,25,U+9472
陽,양,양 : 양기(양),"량,탕 : 양기(량)",12,U+967D
颺,양,양 : 날(양),,18,U+98BA
養,양,양 : 기를(양),,15,U+990A
驤,양,양 : 들(양),,27,U+9A64
򠄌,양,양,,22,U+A010C
唹,어,어 : 고요히웃을(어),,11,U+5539
圄,어,어 : 옥(어),오,10,U+5704
圉,어,어 : 마굿간(어),,11,U+5709
御,어,어 : 부릴(어),,11,U+5FA1
敔,어,어 : 악기이름(어),,11,U+6554
於,어,어 : 어조사(어),여,8,U+65BC
淤,어,어 : 진흙(어),,11,U+6DE4
漁,어,어 : 고기잡을(어),,14,U+6F01
瘀,어,어 : 어혈(어),,13,U+7600
禦,어,어 : 막을(어),,16,U+79A6
語,어,어 : 말씀(어),,14,U+8A9E
飫,어,어 : 실컷먹을(어)  잔치(어),,13,U+98EB
馭,어,어 : 부릴(어),,12,U+99AD
魚,어,어 : 물고기(어) 성(어),어 : 물고기(어) 성 (어),11,U+9B5A
齬,어,어 : 이맞지않을(어),,22,U+9F6C
億,억,억 : 억(억) 헤아릴(억),억 : 억(억) 헤아릴 (억),15,U+5104
憶,억,억 : 기억할(억),,16,U+61B6
抑,억,억 : 누를(억),,7,U+6291
檍,억,억 : 참죽나무(억) 박달나무(억) 싸리나무(억),억 : 참죽나무(억)  박달나무(억) 싸리 나무(억),17,U+6A8D
繶,억,억 : 건은노(억) 흔솔실(억),,19,U+7E76
臆,억,억 : 가슴(억),,17,U+81C6
偃,언,언 : 쓰러질(언),,11,U+5043
傿,언,언 : 에누리할(엄)  고을이름(언),,13,U+50BF
匽,언,언 : 숨길(언)  길결(언),은,9,U+533D
嘕,언,언 : 기꺼워할(언)  즐거워할(언) 빙그레할(언),,14,U+5615
堰,언,언 : 방죽(언),"원,은",12,U+5830
嫣,언,언 : 아름다울(언) 연할(언),현 : 긴모양(현),14,U+5AE3
嵃,언,언 : 산가파를(언),,12,U+5D43
彥,언,언 : 선비(언),,9,U+5F65
彦,언,언 : 선비(언),,9,U+5F66
漹,언,언 : 물이름(언),,14,U+6F39
焉,언,언 : 어찌(언)어조사(언),언 : 어찌(언)어조사 (언),11,U+7109
言,언,언 : 말씀(언) 어조사(언),은 : 화기애애할(은),7,U+8A00
諺,언,언 : 상말(언),안 : 사나울(안),16,U+8AFA
讞,언,언 : 평의할(언),얼 : 평의할(얼),27,U+8B9E
郾,언,언 : 나라이름(언),,12,U+90FE
鄢,언,언 : 땅이름(언),,14,U+9122
鶠,언,언 : 봄새(언),,20,U+9DA0
鼴,언,언 : 두더지(언),,22,U+9F34
鼹,언,언 : 두더지(언),,23,U+9F39
㥼,"언,은","언,은",,14,U+397C
孼,얼,얼 : 첩자식(얼) 치장할(얼),얼 : 첩자식(얼) 치 장할(얼),19,U+5B7C
糱,얼,얼 : 누룩(얼),,22,U+7CF1
糵,얼,얼 : 누룩(얼) 빚을 (얼),,23,U+7CF5
臬,얼,얼 : 과녁(얼)  해시계(얼),열,10,U+81EC
蘖,얼,얼 : 움(얼) 요리(얼),,23,U+8616
򠆣,얼,얼,,23,U+A01A3
򠉜,얼,얼,,40,U+A025C
俺,엄,엄 : 나(엄),암 : 나(암),10,U+4FFA
儼,엄,엄 : 근엄할(엄),,22,U+513C
厳,엄,엄 : 嚴(엄할(엄)의  略字,,17,U+53B3
嚴,엄,엄 : 엄할(엄) 굳셀(엄),엄 : 엄할(엄) 굳셀 (엄),20,U+56B4
奄,엄,엄 : 가릴(엄) 문득(엄),음,8,U+5944
崦,엄,엄 : 산이름(엄),,11,U+5D26
广,엄,엄 : 집(엄) 마룻대(엄),,3,U+5E7F
掩,엄,엄 : 가릴(엄),음,11,U+63A9
曮,엄,엄 : 해다니는길(엄)  엄전할(엄),,24,U+66EE
淹,엄,엄 : 담글 (엄) 머무를(엄),음,11,U+6DF9
罨,엄,엄 : 그물(엄),압,13,U+7F68
醃,엄,엄 : 절일(엄),,15,U+9183
閹,엄,엄 : 고자(엄) 숨길(엄),,16,U+95B9
龑,엄,엄 : 높고밝을(엄),,20,U+9F91
嶪,업,업 : 산높고웅장할(업),업 : 산높고웅장할(엄 /업),16,U+5DAA
嶫,업,업 : 산이높고웅장할(엄),,16,U+5DAB
業,업,업 : 업(업) 이미(업),,13,U+696D
鄴,업,업 : 땅이름(업),,16,U+9134
恚,에,에 : 성낼 (에),"규,예,혜",10,U+605A
曀,에,에 : 음산할(에),"예,일 : 음산할(예)",16,U+66C0
円,엔,엔 : (圓의 일본 한자) 일본돈(엔),원 : 둥글(원)(圓의   일본   한자)   일본돈(엔),4,U+5186
予,여,여 : 나(여) 줄(여),예,4,U+4E88
伃,여,여 : 궁녀의벼슬이름(여),예,6,U+4F03
余,여,여 : 나(여),,7,U+4F59
侞,여,여 : 온순할(여),,8,U+4F9E
如,여,여 : 같을(여) 좇을(여),시,6,U+5982
妤,여,여 : 궁녀(여),"려,유",7,U+59A4
忬,여,여 : 미리(여),서 : 늘리(서),7,U+5FEC
悇,여,여 : 근심할(여),"도,서 : 속끓일(도) 의심스러울(서) 즐거울(서)",10,U+6087
歟,여,여 : 그런가(여),,18,U+6B5F
汝,여,여 : 너(여) 물이름(여),"녀,옥",6,U+6C5D
洳,여,여 : 습한땅(여),,9,U+6D33
璵,여,여 : 옥(여),,18,U+74B5
礖,여,여 : 돌이름(여),,18,U+7916
舁,여,여 : 마주들(여),,10,U+8201
與,여,여 : 더불(여) 줄(여),흥,14,U+8207
艅,여,여 : 배이름(여),,13,U+8245
茹,여,여 : 먹을(여),,12,U+8339
輿,여,여 : 수레(여) 많을(여),여 : 수레(여) 많을 (여),17,U+8F3F
轝,여,여 : 수레바탕(여) 천지(여) 남을(여),여 : 수레바탕(여)  천지(여) 남을(여),21,U+8F5D
餘,여,여 : 남을(여) 다른(여),여 : 남을(여) 다른 (여),16,U+9918
򠆤,여,여,,12,U+A01A4
亦,역,역 : 또한(역),"연,혁",6,U+4EA6
域,역,역 : 지경(역),,11,U+57DF
嶧,역,역 : 산이름(역),택,16,U+5DA7
役,역,역 : 일(역) 부릴(역) 일군(역),,7,U+5F79
懌,역,역 : 기뻐할(역),"염,택",16,U+61CC
晹,역,역 : 해반짝날(역),,12,U+6679
曎,역,역 : 날빛(역),"염,탁",17,U+66CE
淢,역,역 : 빨리흐를(역),혁 : 서러울(혁),11,U+6DE2
疫,역,역 : 돌림병(역),,9,U+75AB
繹,역,역 : 당길(역) 연달(역) 풀릴(역) 의제사이름(역),택,19,U+7E79
譯,역,역 : 통변할(역) 번역(역),"탁,택",20,U+8B6F
逆,역,역 : 거스를(역) 미리(역),역 : 거스를(역) 미 리(역),10,U+9006
閾,역,역 : 문지방(역),,16,U+95BE
驛,역,역 : 역말(역) 정거장(역),역 : 역말(역) 정거 장(역),23,U+9A5B
易,"역,이","역,이 : 바꿀(역) 쉬울(이)",석,8,U+6613
㜣,연,연,,15,U+3723
㳄,연,연,차,7,U+3CC4
䂩,연,연,,11,U+40A9
䄗,연,연,,13,U+4117
兖,연,연 : 땅이름(연),,8,U+5156
兗,연,연 : 연주(연),,9,U+5157
嚥,연,연 : 삼킬(연),,19,U+56A5
囦,연,연 : 못연,,7,U+56E6
埏,연,연 : 땅가장자리(연) ,선 : 이길(선),10,U+57CF
堧,연,연 : 강가땅(연) 빈터(연),연 : 강가땅(연) 빈 터(연),12,U+5827
壖,연,연 : 빈땅(연) 성밑밭(연) 언덕가(연),인,17,U+58D6
妍,연,연 : 예쁠 (연) 총명할(연),"간,년,묘",7,U+598D
姢,연,연,"운,위",9,U+59E2
姸,연,연 : 고울(연) 갈(연),"새,의,정",9,U+59F8
娟,연,연 : 예쁠(연),지,10,U+5A1F
娫,연,연 : 빛날(연) 환할(연),"련,정",10,U+5A2B
嬿,연,연 : 아름다울(연) 수더분할(연),연 : 아름다울(연)  수더분할(연),19,U+5B3F
宴,연,연 : 잔치(연),,10,U+5BB4
延,연,연 : 끌(연) 미칠(연),정,7,U+5EF6
悁,연,연 : 근심할(연),,10,U+6081
抁,연,연 : 움직일(연),윤,7,U+6281
挻,연,연 : 당길(연) 달아날(연),연 : 당길(연) 달아 날(연),10,U+633B
捐,연,연 : 기부할(연),,10,U+6350
掾,연,연 : 아전(연),,12,U+63BE
曣,연,연 : 더울(연) 청명할(연),연 : 더울(연) 청명 할(연),20,U+66E3
棩,연,연 : 나무굽을(연),,12,U+68E9
椽,연,연 : 서까래(연),록,13,U+693D
橪,연,연 : 산대추(연) 향내나는풀(연),,16,U+6A6A
櫞,연,연 : 구연(연),,19,U+6ADE
沿,연,연 : 좇을(연),,8,U+6CBF
涎,연,연 : 침(연),,10,U+6D8E
涓,연,연 : 물방울(연) 졸졸흐르는물(연),"견,소,위",10,U+6D93
淵,연,연 : 연못(연),,11,U+6DF5
渊,연,연 : 못(연),,11,U+6E0A
渷,연,연 : 물이름(연),면,12,U+6E37
演,연,연 : 펼(연) 흐를(연),인,14,U+6F14
灁,연,연 : 깊을(연),현,20,U+7041
烟,연,연 : 연기(연) 김(인) 기운(인),"인,전,형  : 김(인)   기운(인)",10,U+70DF
然,연,연 : 그럴(연),년,12,U+7136
煙,연,연 : 연기(연) 담배(연),인,13,U+7159
燃,연,연 : 탈(연) 사를(연),,16,U+71C3
燕,연,연 : 제비(연),,16,U+71D5
珚,연,연 : 옥이름(연),"옥,인",10,U+73DA
瑌,연,연 : 옥돌(연),련,13,U+744C
瓀,연,연 : 옥돌(연),,18,U+74C0
硏,연,연 : 갈(연) 궁구할(연) 벼루(연),연 : 갈(연) 궁구할 (연) 벼루(연),11,U+784F
硯,연,연 : 벼루(연),현,12,U+786F
碝,연,연 : 아름다운옥돌(연),현,14,U+789D
筵,연,연 : 자리(연),,13,U+7B75
緣,연,연 : 연분(연) 인할(연) 가선(연) 두를(연) 좇을(연),휘,15,U+7DE3
縯,연,연 : 길(연),인 : 당길(인),17,U+7E2F
耎,연,연 : 부드러울(연),,9,U+800E
肙,연,연 : 작은벌레(연) 요동할(연),,7,U+8099
胭,연,연 : 연지(연),인,10,U+80ED
臙,연,연 : 연지(연),열,20,U+81D9
莚,연,연 : 만연할(연) 풀이름(연),연 : 만연할(연) 풀 이름(연),13,U+839A
蜵,연,연 : 우렁찰(연) 벌레이름(연),,14,U+8735
蠕,연,연 : 꿈틀거릴(연),"유,윤 : 꿈틀거릴(유)",20,U+8815
衍,연,연 : 퍼질(연),"창,현,형",9,U+884D
讌,연,연 : 잔치(연),,23,U+8B8C
軟,연,연 : 부드러울(연) 약할(연),차,11,U+8EDF
輭,연,연 : 덧바퀴(연) 연 할(연),,16,U+8F2D
郔,연,연 : 땅이름(연),,10,U+90D4
酀,연,연 : 고을이름(연),,19,U+9140
醼,연,연 : 잔치(연),,23,U+91BC
鉛,연,연 : 납(연) 분(연),,13,U+925B
鋋,연,연 : 창(연),탄,15,U+92CB
鳶,연,연 : 솔개(연) 연(연),오,14,U+9CF6
򠉈,연,연 : 만연할(연) 풀이름(연),연 : 만연할(연) 풀 이름(연),12,U+A0248
沇,"연,윤","연,윤: 물이름(연)","유,윤",7,U+6C87
戭,"연,인","연,인: 긴창(인) 사람이름(연)",,15,U+622D
䲻,"연,현","연,현","원,홍",16,U+4CBB
噎,열,열 : 목멜(열),일 : 목멜(일),15,U+564E
悅,열,열 : 기쁠(열),이,10,U+6085
潱,열,열 : 흐를(열),일,15,U+6F71
熱,열,열 : 열(열) 더울(열),,15,U+71B1
閱,열,열 : 점고할(열) 가릴(열) 읽을(열) 지낼(열) (체)(열),열 : 점고할(열) 가 릴(열) 읽을(열)  지낼(열) (체) (열),15,U+95B1
咽,"열,인","열,인 : 목구멍(인) 막힐(열)",연 : 삼킬(연),9,U+54BD
冉,염,염 : 늘어질(염) 갈(염),,5,U+5189
厭,염,염 : 싫어할(염),"섭,엽",14,U+53AD
嬮,염,염 : 고요할(염),,17,U+5B2E
懕,염,염 : 앓을(염),,18,U+61D5
扊,염,염 : 빗장(염),,12,U+624A
染,염,염 : 물들일(염) 옮을(염),염 : 물들일(염) 옮 을(염),9,U+67D3
檿,염,염 : 산뽕나무(염),,18,U+6ABF
灩,염,염 : 출렁거릴(염),,31,U+7069
焰,염,염 : 불꽃(염),,12,U+7130
猒,염,염 : 배부를(염) 넉넉할(염) 편안할(염),,12,U+7312
琰,염,염 : 옥(염),"담,당,영",12,U+7430
艶,염,염 : 고울(염)의 俗字,"례,명,얌,여,연,영,예,정",19,U+8276
艷,염,염 : 고울(염),,24,U+8277
苒,염,염 : 성할(염) 천연할(염),염 : 성할(염) 천연 할(염),11,U+82D2
閻,염,염 : 이문(염) 마을(염) 아리따울(염),염 : 이문(염) 마을 (염) 아리따울(염),16,U+95BB
饜,염,염 : 포식할(염),,23,U+995C
髥,염,염 : 구레나룻(염),,14,U+9AE5
魘,염,염 : 잠꼬대할(염),엽,24,U+9B58
鹽,염,염 : 소금(염),,24,U+9E7D
黶,염,염 : 검은사마귀(염),,26,U+9EF6
򠆥,염,염,,11,U+A01A5
偞,엽,엽 : 가벼울(엽) 낮을(엽) 얼굴예쁠(엽),,11,U+505E
曄,엽,엽 : 빛날(엽),화,16,U+66C4
曅,엽,엽 : 빛날(엽),화,16,U+66C5
枼,엽,엽 : 모진나무(엽) 엷을(엽),세,9,U+67BC
燁,엽,엽 : 빛날(엽),화,15,U+71C1
爗,엽,엽 : 빛날(엽),,20,U+7217
瞱,엽,엽 : 빛날(엽),화,17,U+77B1
靨,엽,엽 : 보조개(엽),염,23,U+9768
򠆦,엽,엽,,16,U+A01A6
򠆧,엽,엽,,15,U+A01A7
򠆇,"엽,섭","엽,섭",,15,U+A0187
熀,"엽,황","엽,황 : 빛날(엽) 밝힐(엽)","광,넙,녑,연,염,호",14,U+7180
䀴,영,영,"경,나",12,U+4034
䁐,영,영,,14,U+4050
䕦,영,영,,22,U+4566
䨍,영,영,병,12,U+4A0D
䪯,영,영,훈,19,U+4AAF
偀,영,영 : 빼어날(영),,11,U+5040
咏,영,영 : 읊을(영),,8,U+548F
塋,영,영 : 무덤(영),,13,U+584B
嬰,영,영 : 갓난아기(영),"앵,연",17,U+5B30
嬴,영,영 : 가득할(영),,16,U+5B34
孾,영,영 : 어린아이(영),,20,U+5B7E
嶸,영,영 : 가파를(영),,17,U+5DB8
廮,영,영 : 편안히그칠(영) 골이름(영),,20,U+5EEE
影,영,영 : 그림자(영) 모습(영),경,15,U+5F71
攖,영,영 : 가까이할(영) 어지러울(영),,20,U+6516
映,영,영 : 비칠(영),,9,U+6620
暎,영,영 : 비칠(영) 빛날(영),영 : 비칠(영) 빛날 (영),13,U+668E
朠,영,영 : 달빛(영),,13,U+6720
栄,영,영 : 榮(영화(영))의 略字,창,9,U+6804
栐,영,영,,9,U+6810
楹,영,영 : 기둥(영),,13,U+6979
榮,영,영 : 영화(영),,14,U+69AE
永,영,영 : 길(영),옥,5,U+6C38
泳,영,영 : 헤엄(영),,8,U+6CF3
浧,영,영: 잠길(영) 임금(영),영: 잠길(영) 임금 (영),10,U+6D67
渶,영,영 : 물이름(영),,12,U+6E36
潁,영,영 : 물이름(영),"경,전",15,U+6F41
濚,영,영 : 물돌아나갈(영),,17,U+6FDA
濴,영,영 : 물흐를(영),형,17,U+6FF4
瀛,영,영 : 바다(영),명,19,U+701B
瀯,영,영 : 물소리(영) 물빙돌아나갈(영),형,20,U+702F
瀴,영,영 : 큰물(영),,20,U+7034
煐,영,영 : 빛날(영) 사람이름(영),영 : 빛날(영) 사람 이름(영),13,U+7150
營,영,영 : 진영(영),,17,U+71DF
瑛,영,영 : 옥빛(영),,13,U+745B
瓔,영,영 : 옥돌(영),앵,21,U+74D4
癭,영,영 : 흑(영),,22,U+766D
盈,영,영 : 찰(영) 남을(영),,9,U+76C8
碤,영,영 : 화반석(영),,14,U+78A4
禜,영,영 : 기우제(영) 재앙제하는(영),,15,U+799C
穎,영,영 : 이삭(영),"경,연,원,의",16,U+7A4E
縈,영,영 : 얽힐(영) 두를(영) 굽을(영),,16,U+7E08
纓,영,영 : 갓끈(영),,23,U+7E93
英,영,영 : 꽃(영) 빼어날(영),영 : 꽃(영) 빼어날 (영),11,U+82F1
荣,영,영 : 성할(영) 영화 (영),,12,U+8363
蠑,영,영 : 영원(영),령,20,U+8811
詠,영,영 : 읊을(영),,12,U+8A60
謍,영,영 : 속살거릴(영),,17,U+8B0D
賏,영,영 : 자개를이어꿴목치 장(영),,14,U+8CCF
贏,영,영 : 남을(영) 펴질(영) 승리(영),,20,U+8D0F
迎,영,영 : 맞이할(영),,8,U+8FCE
郢,영,영 : 초나라서울(영),정,10,U+90E2
鍈,영,영 : 방울소리(영),,16,U+9348
鐛,영,영 : 물릴(영),경,20,U+941B
霙,영,영 : 진눈깨비(영),,17,U+9719
韺,영,영 : 꽃부리(영),,18,U+97FA
𢥏,영,영,,21,U+2294F
򠆨,영,영,,11,U+A01A8
򠆩,영,영,,13,U+A01A9
򠆪,영,영,,13,U+A01AA
򠆫,영,영,,14,U+A01AB
򠆬,영,영,,13,U+A01AC
򠆭,영,영,,17,U+A01AD
򠉝,영,영,,22,U+A025D
򠉞,영,영,,18,U+A025E
򠊕,영,영 : 꽃부리(영),,18,U+A0295
瑩,"영,형","영,형 : 옥돌(영) 맑을(형)",연,15,U+7469
㙯,예,예,,15,U+366F
䢃,예,예,,15,U+4883
乂,예,예 : 다스릴(예),례,2,U+4E42
倪,예,예 : 끝(예),아,10,U+502A
刈,예,예 : 벨(예),,4,U+5208
勩,예,예 : 수고로울(예),이 : 수고로울(이),14,U+52E9
叡,예,예 : 밝을(예) 슬기로울(예),예 : 밝을(예) 슬기 로울(예),16,U+53E1
呭,예,예 : 말수다할(예),세,8,U+546D
囈,예,예 : 잠꼬대(예),,22,U+56C8
埶,예,예 : 심을(예),,11,U+57F6
堄,예,예 : 성가퀴(예),아,11,U+5804
壡,예,예 : 밝을(예)의 古 字,,19,U+58E1
婗,예,예 : 젖먹이(예),아,11,U+5A57
嫕,예,예 : 유순할(예),,14,U+5AD5
嫛,예,예 : 갓난아이(예),이,14,U+5ADB
帠,예,예: 법(예),,9,U+5E20
拽,예,예 : 끌(예),열 : 끌(열),9,U+62FD
掜,예,예 : 성(예)  분뜰(예),"례,아",11,U+639C
曳,예,예 : 끌(예),,6,U+66F3
枍,예,예 : 궁이름(예),,8,U+678D
枘,예,예 : 장부(예),,8,U+6798
橤,예,예 : 드리울(예),,16,U+6A64
汭,예,예 : 물구비(예),"내,래,례",7,U+6C6D
淣,예,예: 물가(예),"아, 애",11,U+6DE3
濊,예,예 : 흐릴(예),"세,회  : 물출렁거릴(회)",16,U+6FCA
猊,예,예 : 사자(예),,11,U+730A
獩,예,예 : 동녘오랑캐(예),,16,U+7369
玴,예,예 : 옥돌(예),"계,세",9,U+73B4
瘱,예,예 : 고요할(예) 편 안할(예) 공손할(예) 빽빽할(예),,16,U+7631
睨,예,예 : 노려볼(예),혼,13,U+7768
睿,예,예 : 밝을(예) 슬기로울(예),준,14,U+777F
瞖,예,예 : 흐릴(예),,16,U+7796
穢,예,예 : 더러울(예),,18,U+7A62
繄,예,예 : 이(예) 아(예),,17,U+7E44
繠,예,예 : 드리울(예) 기울(예) 모여들(예),,18,U+7E60
羿,예,예 : 사람이름(예),,9,U+7FBF
翳,예,예 : 깃일산(예),,17,U+7FF3
芮,예,예 : 물가(예) 방패끈(예),예 : 물가(예) 방패 끈(예),10,U+82AE
蓺,예,예 : 심을(예),,17,U+84FA
蕊,예,예 : 꽃술(예),,18,U+854A
薉,예,예 : 잡초(예) 예맥족(예),,19,U+8589
藝,예,예 : 재주(예) 심을(예),예 : 재주(예) 심을 (예),21,U+85DD
蘂,예,예 : 꽃술(예),"심,애,여,혜",22,U+8602
蚋,예,예 : 모기(예),,10,U+868B
蜺,예,예 : 애매미(예) 무지개(예),,14,U+873A
裔,예,예 : 후예(예) 변경(예),예 : 후예(예) 변경 (예),13,U+88D4
詍,예,예 : 잔말할(예) 말꾸며서말할(예),,12,U+8A4D
詣,예,예 : 이를(예),"여,지",13,U+8A63
譽,예,예 : 명예(예),여,21,U+8B7D
跇,예,예 : 뛰어넘을(예) 건널(예),,12,U+8DC7
郳,예,예: 나라이름(예),아,11,U+90F3
銳,예,예 : 날카로울(예) 날랠(예),열,15,U+92B3
霓,예,예 : 무지개(예),"래,아,역",16,U+9713
預,예,예 : 미리(예) 참여할(예) 맡길(예),"여,후",13,U+9810
鯢,예,예 : 암고래(예),,19,U+9BE2
鷖,예,예 : 갈매기(예) 감색(예),,22,U+9DD6
麑,예,예 : 사슴새끼(예)  사자(예),,19,U+9E91
𣫙,예,예,"영,예",19,U+23AD9
򠆮,예,예,,21,U+A01AE
򠆯,예,예,,10,U+A01AF
򠆰,예,예,,22,U+A01B0
򠉅,예,예 : 심을(예),,17,U+A0245
򠉆,예,예 : 꽃술(예),,18,U+A0246
򠉡,예,예,,14,U+A0261
医,"예,의","예,의 : 醫(의원(의))의 略字",,7,U+533B
䜭,"예,준","예,준",,12,U+472D
㬳,오,오,,8,U+3B33
㻍,오,오,"우,호",11,U+3ECD
䎸,오,오,,13,U+43B8
䫨,오,오,,20,U+4AE8
五,오,오 : 다섯(오),거 : 다섯(오),4,U+4E94
仵,오,오 : 짝(오),,6,U+4EF5
伍,오,오 : 항오(오) 다섯(오),,6,U+4F0D
俉,오,오 : 맞이할(오),,9,U+4FC9
俣,오,오 : 갈래질(오),우,9,U+4FE3
傲,오,오 : 업신여길(오),,13,U+50B2
午,오,오 : 일곱째지지(오) 낮(오),오 : 일곱째지지(오)  낮(오),4,U+5348
吳,오,오 : 성(오),,7,U+5433
吾,오,오 : 나(오),,7,U+543E
唔,오,오 : 글읽는소리(오),,10,U+5514
啎,오,오 : 거스를(오),,11,U+554E
嗚,오,오 : 탄식할(오),,13,U+55DA
嗷,오,오 : 여럿이걱정할(오),,14,U+55F7
噁,오,오 : 성낼(오) 옥사(오),,15,U+5641
圬,오,오 : 흙손(오),,6,U+572C
塢,오,오 : 마을(오) 보루(오),오 : 마을(오) 보루 (오),13,U+5862
墺,오,오 : 물가(오),욱,16,U+58BA
奧,오,오 : 아랫목(오),욱,13,U+5967
娛,오,오 : 오락(오),우,10,U+5A1B
嫯,오,오 : 업신여겨볼(오),,14,U+5AEF
寤,오,오 : 잠깰(오) 깨달을(오),오 : 잠깰(오) 깨달 을(오),14,U+5BE4
弙,오,오 : 활꽉당겨겨눌(오) 당길(오),우,6,U+5F19
忤,오,오 : 거스를(오),,7,U+5FE4
悟,오,오 : 깨달을(오),,10,U+609F
慠,오,오 : 오만할(오),,14,U+6160
懊,오,오 : 원망할(오),,16,U+61CA
扷,오,오 : 헤아릴(오)  잴(오),"부,옥",7,U+6277
捂,오,오 : 가릴(오) 가둘(오),,10,U+6342
敖,오,오 : 거만할(오),,11,U+6556
旿,오,오 : 낮밝을(오) 한낮(오),호,8,U+65FF
晤,오,오 : 만날(오),,11,U+6664
梧,오,오 : 벽오동나무(오),,11,U+68A7
汙,오,오 : 더러울(오),"간,우,환 : 팔(와)",6,U+6C59
汚,오,오 : 오염(오),,6,U+6C5A
汻,오,오 : 물이름(오),"허,호",7,U+6C7B
浯,오,오 : 물이름(오),,10,U+6D6F
澳,오,오 : 깊을(오),"욱,포",16,U+6FB3
烏,오,오 : 까마귀(오),,10,U+70CF
熬,오,오 : 볶을(오),,15,U+71AC
牾,오,오 : 거스를(오),,11,U+727E
獒,오,오 : 개이름(오),,14,U+7352
珸,오,오 : 옥돌(오),,11,U+73F8
窹,오,오 : 깰(오) 깨달을(오),,16,U+7AB9
筽,오,오 : 대이름(오),,13,U+7B7D
聱,오,오 : 듣지아니할(오),,17,U+8071
茣,오,오 : 풀이름(오),어,13,U+8323
蜈,오,오 : 지네(오),,13,U+8708
襖,오,오 : 저고리(오),,19,U+8956
誤,오,오 : 그릇할(오) 잘못(오),오 : 그릇할(오) 잘 못(오),14,U+8AA4
謷,오,오 : 헐뜯을(오),,17,U+8B37
迃,오,오 : 굽을(오),우,7,U+8FC3
迕,오,오 : 만날(오)  거스를(오),종,8,U+8FD5
逜,오,오 : 깨우칠(오) 상관할(오),,11,U+901C
遨,오,오 : 노닐(오),,15,U+9068
郚,오,오 : 고을이름(오),,10,U+90DA
鄔,오,오 : 땅이름(오),,13,U+9114
鏊,오,오 : 번철(오),,19,U+93CA
鏖,오,오 : 무찌를(오),,19,U+93D6
隩,오,오 : 숨길(오),욱,16,U+96A9
驁,오,오 : 준마(오) 거만할(오),,21,U+9A41
鰲,오,오 : 큰자라(오),,22,U+9C32
鼇,오,오 : 큰자라(오),,23,U+9F07
鼯,오,오 : 날다람쥐(오),,20,U+9F2F
燠,"오,우,욱","오,우,욱 : 따뜻할(욱) 위로할(오)",,17,U+71E0
屋,옥,옥 : 집(옥),,9,U+5C4B
沃,옥,옥 : 물댈(옥) 기름질(옥),옥 : 물댈(옥) 기름 질(옥),7,U+6C83
獄,옥,옥 : 감옥(옥),,13,U+7344
玉,옥,옥 : 옥(옥),,5,U+7389
鈺,옥,옥 : 보배(옥),각,13,U+923A
鋈,옥,옥 : 도금(옥),,15,U+92C8
㬈,온,온,,13,U+3B08
媪,온,온 : 할미(온),오 : 할미(오),12,U+5AAA
媼,온,온 : 할미(온),오,13,U+5ABC
慍,온,온 : 성낼(온),,13,U+614D
昷,온,온 : 어질(온),,9,U+6637
榲,온,온: 무성할(온),올: 올발(올),14,U+69B2
氳,온,온 : 기운어릴(온),,14,U+6C33
溫,온,온 : 따뜻할(온),,13,U+6EAB
熅,온,온 : 숯불(온)  따뜻할(온),,14,U+7185
瑥,온,온 : 사람이름(온),,14,U+7465
瘟,온,온 : 염병(온),,15,U+761F
稳,온,온,,14,U+7A33
穩,온,온 : 안온할(온),,19,U+7A69
縕,온,온 : 솜옷(온),,16,U+7E15
薀,온,온 : 붕어마름(온) 쌓을(온),은,19,U+8580
蘊,온,온 : 쌓을(온),운,22,U+860A
轀,온,온 : 수레(온),,17,U+8F40
醞,온,온 : 빚을(온) 술(온),,17,U+919E
韞,온,온 : 붉은빛(온) 적황색(온),,19,U+97DE
馧,온,온: 향기(온),,19,U+99A7
𥁕,온,온,,10,U+25055
𥠺,온,온,,15,U+2583A
򠆱,온,온,,21,U+A01B1
򠋔,온,온 : 穩(편안할(온))의 略字,은 : 穩의 略字,16,U+A02D4
㒚,"온,은","온,은",,16,U+349A
兀,올,올 : 우뚝할(올) 민둥민둥할(올),"왕,우,을",3,U+5140
嗢,올,올 : 웃을(올),,13,U+55E2
杌,올,올: 등걸(올) 위태할(올),올: 등걸(올) 위태 할(올),7,U+674C
膃,올,올 : 살질(올) 물개(올),,14,U+8183
㨣,옹,옹,,13,U+3A23
㷏,옹,옹,"용,웅,응",13,U+3DCF
喁,옹,옹 : 입벌름거릴(옹),우 : 화답할(우),12,U+5581
壅,옹,옹 : 막을(옹),홍,16,U+58C5
廱,옹,옹 : 벽옹(옹),용,21,U+5EF1
擁,옹,옹 : 안을(옹),,16,U+64C1
滃,옹,옹 : 용음할(옹) 구름일(옹),,13,U+6EC3
瓮,옹,옹 : 독(옹),,9,U+74EE
甕,옹,옹 : 항아리(옹),,18,U+7515
癕,옹,옹 : 등창(옹),,18,U+7655
癰,옹,옹 : 악창(옹),,23,U+7670
禺,옹,옹 : 긴꼬리원숭이(옹),우 : 긴꼬리원숭이(우),9,U+79BA
罋,옹,옹 : 항아리(옹),,19,U+7F4B
翁,옹,옹 : 늙은이(옹),,10,U+7FC1
蓊,옹,옹 : 우거질(옹) 장다리(옹),,16,U+84CA
邕,옹,옹 : 화락할(옹),,10,U+9095
雍,옹,옹 : 화목할(옹) 막을(옹),"옥,웅,응",13,U+96CD
雝,옹,옹 : 화목할(옹) 막을(옹),,18,U+96DD
顒,옹,옹 : 엄숙할(옹),응,18,U+9852
饔,옹,옹 : 익은음식(옹),,22,U+9954
吪,와,와 : 움직일(와) 잘못(와),화,7,U+542A
哇,와,와 : 아이소리(와),"규,왜 : 게울(왜)",9,U+54C7
囮,와,와 : 어리새(와),화,7,U+56EE
婐,와,와 : 시녀(와) 연약할(와),,11,U+5A50
枙,와,와 : 나무마디(와),액,8,U+6799
洼,와,와 : 풀이름(와) 굽을(와),"규,애,왜 : 성(규)",9,U+6D3C
渦,와,와 : 소용돌이(와),와 : 소용돌이(와)  땅이름(과),12,U+6E26
猧,와,와 : 개이름(와),,12,U+7327
瓦,와,와 : 기와(와),잉,5,U+74E6
窊,와,와 : 우묵할(와),,10,U+7A8A
窩,와,와 : 집(와),준,14,U+7AA9
窪,와,와 : 구덩이(와),유,14,U+7AAA
臥,와,와 : 누울(와),,8,U+81E5
萵,와,와 : 상추(와),,15,U+8435
蛙,와,와 : 개구리(와),,12,U+86D9
蝸,와,와 : 달팽이(와),과,15,U+8778
訛,와,와 : 잘못될(와) 거짓(와),화,11,U+8A1B
譌,와,와 : 잘못(와) 속일(와),,19,U+8B4C
娃,"와,왜","와,왜 : 미인(왜)","가,계,구,귀,규,기,애,예,외,요,주,지",9,U+5A03
䛃,완,완,원,11,U+46C3
刓,완,완 : 깎을(완) 닳을(완),,6,U+5213
唍,완,완 : 방긋웃을(완),,10,U+550D
垸,완,완 : 바를(완),환,10,U+57B8
妧,완,완 : 예쁠(완),원,7,U+59A7
婠,완,완 : 몸맵시예쁠(완),관,11,U+5A60
完,완,완 : 완전할(완) 끝날(완),환,7,U+5B8C
岏,완,완 : 산뾰족할(완),원,7,U+5C8F
忨,완,완 : 탐할(완),원,7,U+5FE8
惋,완,완 : 한탄할(완),,11,U+60CB
抏,완,완: 무지러질(완),원,7,U+628F
捖,완,완 : 회섞어버를(완),괄,10,U+6356
椀,완,완 : 주발(완) 사발(완),완 : 주발(완) 사발 (완),12,U+6900
浣,완,완 : 씻을(완),"원,환",10,U+6D63
涴,완,완 : 물구비쳐흐를(완),"와,원 : 더럽힐(와)",11,U+6DB4
玩,완,완 : 장난할(완) 익힐(완),"연,원,윤",8,U+73A9
琓,완,완 : 옥이름(완),"관,원,환",11,U+7413
琬,완,완 : 홀(완) 옥(완),원,12,U+742C
盌,완,완 : 밥그릇(완),,10,U+76CC
碗,완,완 : 주발(완),,13,U+7897
緩,완,완 : 느슨할(완) 늦출(완) 부드러울(완),원,15,U+7DE9
翫,완,완 : 싫을(완) 익숙할(완),원,15,U+7FEB
脘,완,완 : 밥통(완),,11,U+8118
腕,완,완 : 팔뚝(완),,12,U+8155
莞,완,완 : 골풀(완),"관,환",13,U+839E
豌,완,완 : 완두(완),,15,U+8C4C
輐,완,완 : 둥글릴(완),,14,U+8F10
頑,완,완 : 미련할(완) 어리석을(완) 탐할(완),원,13,U+9811
򠆲,완,완,,13,U+A01B2
宛,"완,울","완,울 : 굽을(완) 완연(완)",원,8,U+5B9B
杬,"완,원","완,원: 몸주무를(원) 나무이름(원)",완,8,U+676C
鋺,"완,원","완,원 : 저울바탕(원)",,16,U+92FA
阮,"완,원","완,원 : 나라이름(완/원) 악기이름(완)","완,원 : 나라이름(완 /원) 악기이름(완)",7,U+962E
曰,왈,왈 : 가로되(왈) 이를(왈),왈 : 가로되(왈) 이 를(왈),4,U+66F0
㳹,왕,왕,,11,U+3CF9
往,왕,왕 : 갈(왕),주,8,U+5F80
旺,왕,왕 : 성할(왕),,8,U+65FA
暀,왕,왕 : 빛고울(왕) 덕(왕) 옳을(왕),,12,U+6680
枉,왕,왕 : 굽을(왕),,8,U+6789
汪,왕,왕 : 넓을(왕) 못(왕),"강,옥,임",7,U+6C6A
瀇,왕,왕 : 깊을(왕),"광,황",18,U+7007
王,왕,왕 : 임금(왕),,4,U+738B
迬,왕,왕 : 갈(왕),주,8,U+8FEC
倭,왜,왜 : 나라이름(왜),"와,위",10,U+502D
媧,왜,왜 : 사람이름(왜),"과,와,화 : 사람이름(과/와/괘)",12,U+5AA7
歪,왜,왜 : 비뚤(왜),,9,U+6B6A
矮,왜,왜 : 난장이(왜),,13,U+77EE
偎,외,외 : 가까이할(외),현,11,U+504E
外,외,외 : 밖(외),,5,U+5916
崴,외,외 : 울퉁불퉁할(외)  높을(외),,12,U+5D34
嵔,외,외 : 산이름(외)  산높을(외),의,12,U+5D54
嵬,외,외 : 높을(외),,13,U+5D6C
巍,외,외 : 높을(외),위 : 높을(외/위),21,U+5DCD
愄,외,외 : 마음착할(외),,12,U+6104
渨,외,외 : 물결용솟음칠(외) 빠질(외),,12,U+6E28
煨,외,외 : 묻은불(외) 구울(외),,13,U+7168
猥,외,외 : 더러울(외) 많을(외),외 : 더러울(외) 많 을(외),12,U+7325
畏,외,외 : 두려워할(외),,9,U+754F
碨,외,외 : 맷돌(외),,14,U+78A8
磈,외,외 : 산이름(외)  돌사닥다리(외),,15,U+78C8
聵,외,외 : 귀머거리(외),,18,U+8075
隗,외,외 : 높을(외),,13,U+9697
偠,요,요 : 날씬할(요) 허리가늘(요),,11,U+5060
僥,요,요 : 요행(요) 난장이(요),뇨,14,U+50E5
儌,요,요,교 : 갈(교) 바랄(교) 거짓(교),15,U+510C
凹,요,요 : 오목할(요),,5,U+51F9
喓,요,요 : 벌레소리(요),,12,U+5593
嗂,요,요 : 기꺼울(요) 즐거울(요),,13,U+55C2
坳,요,요 : 우묵할(요),,8,U+5773
垚,요,요 : 사람이름(요),"규,희",9,U+579A
堯,요,요 : 임금(요),효,12,U+582F
墝,요,요 : 마른땅(요)  나쁠(요),효,15,U+589D
夭,요,요 : 일찍죽을(요) 무성할(요),"오,옥 : 새끼(오)",4,U+592D
妖,요,요 : 아리따울(요) 요귀(요),옥,7,U+5996
姚,요,요 : 예쁠(요),"도,조",9,U+59DA
嬈,요,요 : 아리따울(요),"뇨,효 : 번거로울(뇨)",15,U+5B08
嶢,요,요 : 높을(요),,15,U+5DA2
幺,요,요 : 작을(요) 어릴(요),,3,U+5E7A
徭,요,요 : 역사(요),,13,U+5FAD
徼,요,요 : 돌(요) 변방(요),교,16,U+5FBC
拗,요,요 : 꺾을(요),,8,U+62D7
搖,요,요 : 요람(요),,13,U+6416
擾,요,요 : 어지러울(요),,18,U+64FE
暚,요,요,,14,U+669A
曜,요,요 : 빛(요),,18,U+66DC
枖,요,요 : 나무번성할(요),현,8,U+6796
榣,요,요 : 큰나무(요),,14,U+69A3
橈,요,요 : 노(요),"뇨,효 : 휠(뇨)   약할(뇨)",16,U+6A48
殀,요,요 : 일찍죽을(요),,8,U+6B80
澆,요,요 : 물뿌릴(요),교,15,U+6F86
烑,요,요 : 빛날(요),"도,조,호",10,U+70D1
燿,요,요 : 빛날(요),섭,18,U+71FF
珧,요,요 : 대합조개(요),배,10,U+73E7
瑤,요,요 : 아름다운옥(요),오,14,U+7464
祅,요,요 : 재앙(요),,9,U+7945
穾,요,요 : 깊숙할(요) 곰방(요),,9,U+7A7E
窅,요,요 : 그윽할(요),,10,U+7A85
窈,요,요 : 그윽할(요) 얌전할(요),"도,아",10,U+7A88
窯,요,요 : 오지그릇(요),,15,U+7AAF
繇,요,요 : 역사(요),유 : 말미암을(유)   점(주),17,U+7E47
繞,요,요 : 둘러쌀(요) 감길(요),요 : 둘러쌀(요) 감 길(요),18,U+7E5E
耀,요,요 : 빛날(요),광,20,U+8000
腰,요,요 : 허리(요) 찰(요),,13,U+8170
蕘,요,요 : 땔나무(요) 나뭇군(요),,18,U+8558
蟯,요,요 : 요충(요),,18,U+87EF
要,요,요 : 구할(요) 중요할(요),요 : 구할(요) 중요 할(요),9,U+8981
謠,요,요 : 노래(요) 소문(요),요 : 노래(요) 소문 (요),17,U+8B20
遙,요,요 : 멀(요) 거닐(요),,14,U+9059
遶,요,요 : 두를(요),효,16,U+9076
邀,요,요 : 맞이할(요) 구할(요),요 : 맞이할(요) 구 할(요),17,U+9080
饒,요,요 : 넉넉할(요) 용서할(요),요 : 넉넉할(요) 용 서할(요),21,U+9952
鷂,요,요 : 새매(요),,21,U+9DC2
慾,욕,욕 : 욕심(욕),,15,U+617E
欲,욕,욕 : 하고자할(욕) 바랄(욕),욕 : 하고자할(욕)  바랄(욕),11,U+6B32
浴,욕,욕 : 미역감을(욕),,10,U+6D74
溽,욕,욕 : 젖(욕) 짙을(욕),,13,U+6EBD
縟,욕,욕 : 채색(욕) 번거로울(욕),욕 : 채색(욕) 번거 로울(욕),16,U+7E1F
蓐,욕,욕 : 깔개(욕),,16,U+84D0
褥,욕,욕 : 요(욕),,16,U+8925
辱,욕,욕 : 욕보일(욕),,10,U+8FB1
㦶,용,용,,10,U+39B6
䞻,용,용,,16,U+47BB
俑,용,용 : 목우(용),,9,U+4FD1
傛,용,용 : 혁혁할(용) 계집의벼슬이름(용) 몸굽힐(용),용 : 혁혁할(용) 계 집의벼슬이름(용)  몸굽힐(용),12,U+509B
傭,용,용 : 품팔이할(용),,13,U+50AD
冗,용,용 : 쓸데없을(용),윤,4,U+5197
勇,용,용 : 용감할(용),,9,U+52C7
埇,용,용 : 길돋울(용) 골목길(용),통,10,U+57C7
墉,용,용 : 담(용),,14,U+5889
媶,용,용 : 이쁠(용),,13,U+5AB6
宂,용,용 : 쓸데없을(용),,5,U+5B82
容,용,용 : 받아들일(용),"예,합",10,U+5BB9
嵱,용,용 : 봉우리쯩끗쯩끗할 (용),,13,U+5D71
庸,용,용 : 쓸(용) 범상할(용),용 : 쓸(용) 범상할 (용),11,U+5EB8
恿,용,용 : 용감할(용),,11,U+607F
慂,용,용 : 권할(용) 거둘어말할(용),용 : 권할(용) 거둘 어말할(용),14,U+6142
慵,용,용 : 게으를(용),,14,U+6175
憃,용,용 : 어리석을(용),창 : 천치(창),15,U+6183
榕,용,용 : 용나무(용),,14,U+6995
槦,용,용 : 살대나무(용),,15,U+69E6
涌,용,용 : 솟아날(용) 떠오를(용),용 : 솟아날(용) 떠 오를(용),10,U+6D8C
湧,용,용 : 솟아날(용),,12,U+6E67
溶,용,용 : 녹을(용),준,13,U+6EB6
熔,용,용 : 녹을(용),,14,U+7194
瑢,용,용 : 옥부딪치는소리(용),,14,U+7462
用,용,용 : 쓸(용) 효용(용),,5,U+7528
甬,용,용 : 길(용),"리,통",7,U+752C
硧,용,용 : 숫돌(용),,12,U+7867
聳,용,용 : 솟을(용),"송,종  : 권할(송)",17,U+8073
舂,용,용 : 방아찧을(용),구,11,U+8202
茸,용,용 : 녹용(용) 잔털(용),이,12,U+8338
蓉,용,용 : 부용(용),,16,U+84C9
蛹,용,용 : 번데기(용),,13,U+86F9
踊,용,용 : 뛸(용) 뒤축없는신(용),용 : 뛸(용) 뒤축없 는신(용),14,U+8E0A
踴,용,용 : 뛸(용),,16,U+8E34
鎔,용,용 : 거푸집(용) 녹일(용),용 : 거푸집(용) 녹 일(용),18,U+9394
鏞,용,용 : 큰쇠북(용),,19,U+93DE
򠆳,용,용,,16,U+A01B3
򠆴,용,용,,12,U+A01B4
㝢,우,우,,12,U+3762
㥥,우,우,,12,U+3965
㬂,우,우,,13,U+3B02
㲾,우,우,,7,U+3CBE
䨒,우,우,,14,U+4A12
于,우,우 : 어조사(우) 갈(우),우 : 어조사(우) 갈 (우),3,U+4E8E
亴,우,우 : 날(우),,12,U+4EB4
优,우,우 : 오곡휠(우) 뛰어날(우) 넉넉할(우)(優의 간체자),,6,U+4F18
佑,우,우 : 도울(우),재,7,U+4F51
俁,우,우 : 클(우),오,9,U+4FC1
偊,우,우 : 혼자걸을(우),,11,U+504A
偶,우,우 : 짝수(우) 짝(우) 만날(우),,11,U+5076
優,우,우 : 뛰어날(우) 넉넉할(우),우 : 뛰어날(우) 넉 넉할(우),17,U+512A
又,우,우,"또,유",2,U+53C8
友,우,우 : 벗(우),,4,U+53CB
右,우,우 : 오른(우) 숭상할(우),우 : 오른(우) 숭상 할(우),5,U+53F3
吁,우,우 : 탄식할(우),,6,U+5401
吘,우,우 : 부를(우) 화할(우),오,7,U+5418
圩,우,우 : 우묵들어갈(우),,6,U+5729
堣,우,우 : 땅이름(우),,12,U+5823
宇,우,우 : 집(우) 천하(우),,6,U+5B87
寓,우,우 : 붙어살(우) 맡길(우),우 : 붙어살(우) 맡 길(우),12,U+5BD3
尤,우,우 : 더욱(우) 허물(우) 탓할(우),"욱,윤",4,U+5C24
嵎,우,우 : 산모퉁이(우),,12,U+5D4E
庽,우,우 : 붙어살(우) 맡길(우),,12,U+5EBD
愚,우,우 : 어리석을(우),,13,U+611A
慪,우,우 : 화낼(우),,14,U+616A
憂,우,우 : 근심(우),,15,U+6182
扜,우,우 : 지휘할(우) 가질(우),우 : 지휘할(우) 가 질(우),6,U+625C
扝,우,우,"오,호",6,U+625D
旴,우,우 : 해돋을(우) 새벽(우),우 : 해돋을(우) 새 벽(우),7,U+65F4
杅,우,우 : 목욕통(우) 든든할(우) 물잔(우),,7,U+6745
楀,우,우 : 나무이름(우) 성(우),,13,U+6940
湡,우,우 : 물이름(우),,12,U+6E61
澞,우,우 : 언덕사이물(우),,16,U+6F9E
瀀,우,우 : 융기많을(우) 너그러울(우) 기름질(우),,18,U+7000
牛,우,우 : 소(우),,4,U+725B
玗,우,우 : 옥돌(우) 우기나무(우),우 : 옥돌(우) 우기 나무(우),7,U+7397
瑀,우,우 : 옥돌(우),리,13,U+7440
疣,우,우 : 혹(우),,9,U+75A3
盂,우,우 : 사발(우),,8,U+76C2
盓,우,우: 웅덩이(우),,11,U+76D3
盱,우,우 : 쳐다볼(우),,8,U+76F1
祐,우,우 : 도울(우),,10,U+7950
祤,우,우 : 현이름(우),,11,U+7964
禑,우,우 : 복(우),오 : 복(우/오),14,U+7991
禹,우,우 : 우임금(우),,9,U+79B9
穻,우,우 : 창(우),한,8,U+7A7B
竽,우,우 : 피리(우),,9,U+7AFD
紆,우,우 : 얽힐(우) 굽을(우) 돌(우),우 : 얽힐(우) 굽을 (우) 돌(우),9,U+7D06
羽,우,우 : 깃(우),익,6,U+7FBD
耦,우,우 : 나란히갈(우),,15,U+8026
耰,우,우 : 곰방메(우),,21,U+8030
萭,우,우 : 성(우),,15,U+842D
藕,우,우 : 연뿌리(우),,21,U+85D5
虞,우,우 : 생각할(우) 근심할(우),우 : 생각할(우) 근 심할(우),11,U+865E
訏,우,우 : 클(우) ,호 : 시끄러 울(호),10,U+8A0F
訧,우,우 : 허물(우) 허무할(우),,11,U+8A27
謣,우,우 : 망령되게말할(우),,18,U+8B23
踽,우,우 : 외로울(우) 곱사등이(우),,16,U+8E3D
迂,우,우 : 굽을(우) 굽힐(우),우 : 굽을(우/오)  굽힐(우),7,U+8FC2
迶,우,우,"수,유 : 걸음(유) 갈(유)",10,U+8FF6
遇,우,우 : 만날(우) 대접할(우),우 : 만날(우) 대접 할(우),13,U+9047
邘,우,우 : 나라이름(우),천,6,U+9098
郵,우,우 : 역말(우),,11,U+90F5
鄅,우,우 : 나라이름(우),욱,12,U+9105
釪,우,우 : 요령(우) 바리때(우),"간,환",11,U+91EA
鍝,우,우 : 귀고리(우),,17,U+935D
隅,우,우 : 구석(우),,12,U+9685
雨,우,우 : 비(우) 비올(우),,8,U+96E8
雩,우,우 : 기우제(우),,11,U+96E9
麀,우,우 : 암사슴(우),,13,U+9E80
麌,우,우 : 수사슴(우) 사슴떼우물거릴(우),,18,U+9E8C
齲,우,우 : 충치(우),,24,U+9F72
򠄍,우,우,,14,U+A010D
򠄎,우,우,,10,U+A010E
򠆶,우,우,,21,U+A01B6
芋,"우,후","우,후: 토란(우)","감,산,후",9,U+828B
򠆵,"우,후","우,후: 토란(우/후)",,6,U+A01B5
勖,욱,욱 : 힘쓸(욱),,11,U+52D6
彧,욱,욱 : 문채(욱) 빛날(욱),혹,10,U+5F67
旭,욱,욱 : 아침해(욱),,6,U+65ED
昱,욱,욱 : 빛날(욱),민,9,U+6631
栯,욱,욱 : 산앵두(욱),"유,육",10,U+682F
煜,욱,욱 : 빛날(욱),"영,융",13,U+715C
稢,욱,욱 : 서직이성한모양(욱),욱 : 서직이성한모양(욱/육),13,U+7A22
稶,욱,욱 : 서속우거질(욱),,15,U+7A36
郁,욱,욱 : 성할(욱),"유,육",9,U+90C1
頊,욱,욱 : 망할(욱) 머리굽실거릴(욱),"경,민,석,연,옥,우,전,정,항,혁,현",13,U+980A
𢒰,욱,욱,,16,U+224B0
㜏,운,운,"연,영,원,진",13,U+370F
䆬,운,운,,15,U+41AC
䉙,운,운,,18,U+4259
云,운,운 : 이를(운),,4,U+4E91
夽,운,운 : 높을(운),"규,은",7,U+593D
妘,운,운 : 성(운),현,7,U+5998
惲,운,운 : 중후할(운),"훈,휘",12,U+60F2
抎,운,운 : 잃어버릴(운)  떨어질(운),,7,U+628E
橒,운,운 : 나무무늬(운),훈,16,U+6A52
殞,운,운 : 죽을(운),,14,U+6B9E
沄,운,운 : 물콸콸흐를(운) 끊을(운),운 : 물콸콸흐를(운)  끊을(운),7,U+6C84
溳,운,운 : 물이름(운),"연,원",13,U+6EB3
澐,운,운 : 큰물결(운),,15,U+6F90
熉,운,운 : 누른빛(운),"원,은",14,U+7189
篔,운,운 : 왕대(운),,16,U+7BD4
紜,운,운 : 어지러울(운)  성할(운),,10,U+7D1C
耘,운,운 : 김맬(운),,10,U+8018
蕓,운,운 : 평지(운),,18,U+8553
蝹,운,운 : 용굼틀거릴(운),윤,16,U+8779
賱,운,운 : 재운있을(운) 많이있을(운),"훈,휘",16,U+8CF1
運,운,운 : 돌(운),,13,U+904B
鄆,운,운 : 고을이름(운),,12,U+9106
鄖,운,운: 나라이름(운),"원, 훈",13,U+9116
隕,운,운 : 떨어질(운) 둘레(운),원,13,U+9695
雲,운,운 : 구름(운),진,12,U+96F2
霣,운,운 : 떨어질(운),"원,인",18,U+9723
韵,운,운 : 운(운),,13,U+97F5
韻,운,운 : 운(운),,19,U+97FB
򠆷,운,운,,10,U+A01B7
򠆸,운,운,,18,U+A01B8
芸,"운,예","운,예 : 운향(운)",,10,U+82B8
員,"운,원","원,운: 더할(운) 인원(원)","운,정: 더할(운)",10,U+54E1
䫟,"운,혼","운,혼",준,19,U+4ADF
暈,"운,훈","운,훈 : 현깃증날(훈/운) 무리(훈/운)",휘,13,U+6688
䵥,울,울,,18,U+4D65
灪,울,울 : 번창할(울),,32,U+706A
菀,울,울 : 쌓일(울),"완,원 : 우거질(원)",14,U+83C0
蔚,울,울 : 고을이름(울),위 : 제비쑥(위),17,U+851A
鬱,울,울 : 우거질(울),,29,U+9B31
𠃗,울,울 :  땅이름(울),,4,U+200D7
򠆹,울,울,,17,U+A01B9
򠉫,울,울,,22,U+A026B
僌,웅,웅,응,13,U+50CC
熊,웅,웅 : 곰(웅),"능,태",14,U+718A
雄,웅,웅 : 수컷(웅),,12,U+96C4
䏓,원,원,,8,U+43D3
倇,원,원: 즐거워할(원) 권할(원),완,10,U+5007
元,원,원 : 으뜸(원),,4,U+5143
冤,원,원 : 원통할(원),원 : 원통할(원)( 寃의 이체자),10,U+51A4
原,원,원 : 근원(원) 들(원),,10,U+539F
園,원,원 : 동산(원),,13,U+5712
圓,원,원 : 둥글(원),,13,U+5713
垣,원,원 : 담(원),"은,탄,항,환",9,U+57A3
妴,원,원 : 순직할(원),유,8,U+59B4
媛,원,원 : 미녀(원),"란,애,연,완,운,지,혜",12,U+5A9B
嫄,원,원 : 사람이름(원),,13,U+5AC4
寃,원,원 : 원통할(원),,11,U+5BC3
怨,원,원 : 원망할(원) 원수(원),원 : 원망할(원) 원 수(원),9,U+6028
愿,원,원 : 성실할(원),,14,U+613F
援,원,원 : 당길(원) 도움(원),원 : 당길(원) 도움 (원),12,U+63F4
楥,원,원 : 신골(원),훤,13,U+6965
榬,원,원 : 자새(원) 종다는나무(원),,14,U+69AC
沅,원,원 : 물이름(원),완,7,U+6C85
湲,원,원 : 흐를(원),"난,완,준 : 흐를(원/완)",12,U+6E72
源,원,원 : 수원(원) 근원(원),원 : 수원(원) 근원 (원),13,U+6E90
溒,원,원 : 근원(원) 계속할(원),,13,U+6E92
爰,원,원 : 이에(원),난,9,U+7230
猨,원,원 : 원숭이(원),,12,U+7328
猿,원,원 : 원숭이(원),,13,U+733F
瑗,원,원 : 옥(원),"견,난,영,완",13,U+7457
盶,원,원 : 볼(원),,9,U+76F6
笎,원,원 : 대나무이름(원),,10,U+7B0E
芫,원,원 : 팥꽃나무(원),황,10,U+82AB
苑,원,원 : 동산(원),범,11,U+82D1
蒝,원,원 : 줄기와잎떨어질(원),,16,U+849D
薗,원,원 : 동산(원),,19,U+8597
蜿,원,원 : 굼틀거릴(원),완 : 지렁이(완),14,U+873F
袁,원,원 : 옷길(원),,10,U+8881
褑,원,원 : 패옥띠(원),,15,U+8911
謜,원,원 : 천천히말할(원)  기꺼울(원),,17,U+8B1C
貟,원,원 : 員(관원(원))의 俗字,운,9,U+8C9F
轅,원,원 : 끌채(원),,17,U+8F45
遠,원,원 : 멀(원),,14,U+9060
邍,원,원: 넓은언덕(원),,20,U+908D
邧,원,원 : 땅이름(원),완,7,U+90A7
院,원,원 : 담(원) 집(원) 마을(원),완,10,U+9662
願,원,원 : 바랄(원),,19,U+9858
騵,원,원 : 배희고갈기검은말(원),,20,U+9A35
鴛,원,원 : 원앙(원),,16,U+9D1B
鵷,원,원 : 원추새(원),"안,완",19,U+9D77
黿,원,원 : 큰자리(원) 영원(원),,17,U+9EFF
򠆺,원,원,,11,U+A01BA
򠊍,원,,원: 동산(원),16,U+A028D
婉,"원,완","원,완 : 곡진할(완) 순할(완)","란,화,환",11,U+5A49
薳,"원,위","원,위 : 애기풀(원)",,20,U+85B3
洹,"원,환","원,환: 물이름(원)","온,찬,한,항,환",9,U+6D39
刖,월,월 : 발꿈치벨(월),왈,6,U+5216
月,월,월 : 달(월) 세월(월),육,4,U+6708
泧,월,월 : 큰물(월) 넘칠(월),살,8,U+6CE7
粤,월,월 : 땅이름(월),,12,U+7CA4
越,월,월 : 넘을(월) 월나라(월),월 : 넘을(월) 월나 라(월),12,U+8D8A
鉞,월,월 : 도끼(월),,13,U+925E
位,위,위 : 자리(위) 분(위),입,7,U+4F4D
偉,위,위 : 클(위),,11,U+5049
僞,위,위 : 거짓(위),,14,U+50DE
危,위,위 : 위태할(위),,6,U+5371
喟,위,위 : 한숨쉴(위),,12,U+559F
圍,위,위 : 에울(위),,12,U+570D
委,위,위 : 맡길(위),,8,U+59D4
威,위,위 : 위엄(위) 으를(위),성,9,U+5A01
尉,위,위 : 벼슬이름(위),"울,월 : 복성(울)",11,U+5C09
幃,위,위 : 휘장(위) 향낭(위),,12,U+5E43
慰,위,위 : 위로할(위),울,15,U+6170
暐,위,위 : 환할(위),"장,휘",13,U+6690
洈,위,위 : 물이름(위),,9,U+6D08
渭,위,위 : 물이름(위),,12,U+6E2D
湋,위,위 : 땅이름(위),,12,U+6E4B
煟,위,위 : 불빛(위),,13,U+715F
熨,위,위 : 다리미(위) ,울 : 다릴(울),15,U+71A8
爲,위,위 : 할(위),,12,U+7232
瑋,위,위 : 옥(위),,13,U+744B
痿,위,위 : 바람맞을(위),,13,U+75FF
緯,위,위 : 씨(위) 별(위) 묶을(위),,15,U+7DEF
胃,위,위 : 밥통(위) 별이름(위),위 : 밥통(위) 별이 름(위),9,U+80C3
萎,위,위 : 시들(위) 둥굴레(위),위 : 시들(위) 둥굴 레(위),14,U+840E
葦,위,위 : 갈대(위),,15,U+8466
葳,위,위 : 우거질(위) 둥굴레(위),,15,U+8473
蔿,위,위 : 고을이름(위),,18,U+853F
蝟,위,위 : 고슴도치(위),라,15,U+875F
衛,위,위 : 막을(위),,15,U+885B
衞,위,위 : 막을(위),,16,U+885E
褘,위,위 : 휘장(위),휘 : 휘장(위)   적휘옷(휘),15,U+8918
諉,위,위 : 번거롭게할(위)  맡길(위),,15,U+8AC9
謂,위,위 : 이를(위),서,16,U+8B02
逶,위,위 : 구불구불할(위),,12,U+9036
違,위,위 : 어길(위),,13,U+9055
鄬,위,위 : 땅이름(위),,15,U+912C
闈,위,위 : 문(위) 대궐(위) 안방(위) 과장(위),,17,U+95C8
韋,위,위 : 가죽(위),,9,U+97CB
韙,위,위 : 옳을(위),영,18,U+97D9
韡,위,위: 활짝필(위),,21,U+97E1
餧,위,위 : 먹을(위)  기를(위),뇌,17,U+9927
骪,위,위 : 뼈구불통구불통할(위),,13,U+9AAA
魏,위,위 : 위나라(위),,18,U+9B4F
򠆻,위,위,,14,U+A01BB
򠆼,위,위,,16,U+A01BC
򠆽,위,위,,18,U+A01BD
煒,"위,휘","위,휘 : 빛(휘)","욱,희 : 빨갈 (위)",13,U+7152
㽥,유,유,,14,U+3F65
䋴,유,유,"누,윤,이",15,U+42F4
䜅,유,유,추,18,U+4705
乳,유,유 : 젖(유) 젖먹일(유),유 : 젖(유) 젖먹일 (유),8,U+4E73
侑,유,유 : 도울(유) 권할(유),우,8,U+4F91
俞,유,유,,9,U+4FDE
儒,유,유 : 선비(유) 유교(유),"진,한",16,U+5112
兪,유,유 : 그러할(유),,9,U+516A
冘,유,유 : 머뭇거릴(유)  갈(유),,4,U+5198
呦,유,유 : 울(유),,8,U+5466
唯,유,유 : 오직(유),아,11,U+552F
喩,유,유 : 효유할(유),수,12,U+55A9
囿,유,유 : 동산(유) 얽매일(유),유 : 동산(유) 얽매 일(유),9,U+56FF
壝,유,유 : 토담(유)  단둘러쌓은담(유),견,19,U+58DD
姷,유,유 : 짝(유),연,9,U+59F7
婑,유,유 : 날씬할(유),"류,아,와,위 : 날씬할(와/유)",11,U+5A51
婾,유,유,투,12,U+5A7E
嬬,유,유 : 아내(유),"나,수 : 약할(수)",17,U+5B2C
孺,유,유 : 젖먹이(유) 사모할(유),유 : 젖먹이(유) 사 모할(유),17,U+5B7A
宥,유,유 : 용서할(유) 도울(유),유 : 용서할(유) 도 울(유),9,U+5BA5
岰,유,유 : 산굽이(유),,8,U+5CB0
帷,유,유: 휘장(유),,11,U+5E37
幼,유,유 : 어릴(유) 어린아이(유),유 : 어릴(유) 어린 아이(유),5,U+5E7C
幽,유,유 : 그윽할(유) 조용할(유),유 : 그윽할(유) 조 용할(유),9,U+5E7D
庾,유,유 : 곳집(유),경,12,U+5EBE
悠,유,유 : 멀(유) 한가할(유),수,11,U+60A0
惟,유,유 : 오직(유),,11,U+60DF
愈,유,유 : 더욱(유) 나을(유),유 : 더욱(유) 나을 (유),13,U+6108
愉,유,유 : 기뻐할(유),,12,U+6109
揄,유,유 : 끌(유) 빈정거릴(유),유 : 끌(유) 빈정거 릴(유),12,U+63C4
揉,유,유: 주무를(유),,12,U+63C9
攸,유,유 : 바(유) 아득할(유),수,7,U+6538
曘,유,유 : 어두울(유),,18,U+66D8
有,유,유 : 있을(유) 가질(유),유 : 있을(유) 가질 (유),6,U+6709
柔,유,유 : 부드러울(유),예,9,U+67D4
柚,유,유 : 유자나무(유),"주,축",9,U+67DA
桵,유,유 : 두릅나무(유),,11,U+6875
楡,유,유 : 느름(유),,13,U+6961
楢,유,유 : 부드러운나무(유) 홰(유),,13,U+6962
槱,유,유 : 화톳불놓을(유),,15,U+69F1
油,유,유 : 기름(유),,8,U+6CB9
泑,유,유 : 물빛검을(유)  물이름(유) 못이름 (유) 산이름(유),,8,U+6CD1
洧,유,유 : 물이름(유),,9,U+6D27
浟,유,유 : 물철철흐를(유),,10,U+6D5F
游,유,유 : 헤엄칠(유) 놀(유),유 : 헤엄칠(유) 놀 (유),12,U+6E38
湵,유,유,,12,U+6E75
滺,유,유 : 철철흐를(유),,14,U+6EFA
濡,유,유 : 젖을(유),유 : 젖을(유) 물이 름(란),17,U+6FE1
濰,유,유 : 물이름(유),,17,U+6FF0
瀢,유,유 : 물고기 떼지어 놀(유) ,대 : 물에모래밀 릴(대),19,U+7022
煣,유,유 : 불에구워구부릴(유),율,13,U+7163
燸,유,유 : 따뜻할(유)  태울(유),나,18,U+71F8
牖,유,유 : 들창(유) 깨우칠(유),유 : 들창(유) 깨우 칠(유),15,U+7256
猶,유,유 : 같을(유) 망설일(유),유 : 같을(유) 망설 일(유),12,U+7336
猷,유,유 : 꾀(유),,12,U+7337
琟,유,유,"라,진,추",12,U+741F
瑈,유,유: 옥이름(유) 구슬(유),"류, 옥",13,U+7448
瑜,유,유 : 옥(유),,13,U+745C
甤,유,유: 초목에 열매 맺힐(유),유: 초목에열매맺힐(유),12,U+7524
由,유,유 : 말미암을(유) 까닭(유),유 : 말미암을(유)  까닭(유),5,U+7531
瘉,유,유 : 나을(유),윤,14,U+7609
瘐,유,유 : 병들(유),,14,U+7610
癒,유,유 : 나을(유),,18,U+7652
秞,유,유 : 곡식무성할(유),,10,U+79DE
窬,유,유 : 담넘을(유),두 : 협문(두),14,U+7AAC
窳,유,유 : 이지러질(유)  게으를(유),,15,U+7AB3
籲,유,유 : 부를(유),,32,U+7C72
糅,유,유 : 섞을(유),,15,U+7CC5
維,유,유 : 바(유) 오직(유) 맬(유),"나,라",14,U+7DAD
緌,유,유 : 관끈늘어질(유) 기(유),수,14,U+7DCC
羑,유,유 : 권할(유),,9,U+7F91
聈,유,유 : 고요할(유),,11,U+8048
腴,유,유 : 살질(유),,13,U+8174
臾,유,유 : 잠깐(유),"예,용",8,U+81FE
荽,유,유 : 고수풀(유),수,13,U+837D
莠,유,유 : 가라지(유),수,13,U+83A0
萸,유,유 : 수유나무(유),,15,U+8438
蕕,유,유 : 누린내풀(유),,18,U+8555
蕤,유,유: 꽃(유) 늘어질(유),유: 꽃(유) 늘어질 (유),18,U+8564
薷,유,유 : 향유(유),,20,U+85B7
蚰,유,유 : 그리마(유),,11,U+86B0
蚴,유,유 : 유충(유) 굼틀거릴(유),,11,U+86B4
蝤,유,유 : 꽃게(유),추 : 나무굼벵이(추),15,U+8764
裕,유,유 : 넉넉할(유),용 : 넉넉할(유),13,U+88D5
褕,유,유 : 고울(유),,15,U+8915
誘,유,유 : 뀔(유) 가르칠(유),수,14,U+8A98
諛,유,유 : 아첨(유),,16,U+8ADB
諭,유,유 : 깨우칠(유) 비유할(유),유 : 깨우칠(유) 비 유할(유),16,U+8AED
讉,유,유 : 성낼(유),퇴,23,U+8B89
踰,유,유 : 넘을(유),윤,16,U+8E30
蹂,유,유 : 밟을(유),,16,U+8E42
逌,유,유 : 웃을(유) 바(유),,11,U+900C
逾,유,유 : 넘을(유) 더욱(유),유 : 넘을(유) 더욱 (유),13,U+903E
遊,유,유 : 놀(유),,13,U+904A
遺,유,유 : 남을(유) 잃을(유),유 : 남을(유) 잃을 (유),16,U+907A
鄃,유,유 : 고을이름(유),수,12,U+9103
酉,유,유 : 열째지지(유),,7,U+9149
釉,유,유 : 윤(유),,12,U+91C9
鍮,유,유 : 놋쇠(유),"윤,투",17,U+936E
鞣,유,유 : 가죽(유) 무두질할(유),,18,U+97A3
鮪,유,유 : 철갑상어(유),,17,U+9BAA
黝,유,유 : 검푸른빛(유),,17,U+9EDD
鼬,유,유 : 족제비(유),,18,U+9F2C
龥,유,유 : 부르짓을(유) ,,26,U+9FA5
򠆾,유,유,,15,U+A01BE
򠉗,유,유,,13,U+A0257
򠋓,유,유 : 노래(유),,13,U+A02D3
򠋡,유,유,,12,U+A02E1
򠋣,유,유 : 꽃(유) 늘어질(유),,15,U+A02E3
趡,"유,추","유,추 : 움직일(유)  땅이름(유)",,15,U+8DA1
儥,육,육 : 팔(육) 길(육),,17,U+5125
堉,육,육 : 기름진땅(육),,11,U+5809
毓,육,육 : 기를(육),유,13,U+6BD3
淯,육,육 : 물이름(육),"순,욱,철",11,U+6DEF
肉,육,육 : 살(육) 고기(육),,6,U+8089
育,육,육 : 기를(육) 낳을(육),육 : 기를(육) 낳을 (육),8,U+80B2
㣧,윤,윤,,11,U+38E7
䦞,윤,윤,,15,U+499E
允,윤,윤 : 승낙할(윤),,4,U+5141
奫,윤,윤 : 물깊을(윤),연,14,U+596B
尹,윤,윤 : 벼슬(윤) 다스릴(윤),윤 : 벼슬(윤) 다스 릴(윤),4,U+5C39
昀,윤,윤 : 햇빛(윤),"균,륜",8,U+6600
橍,윤,윤: 나무이름(윤),,16,U+6A4D
潤,윤,윤 : 젖을(윤) 윤택할(윤),윤 : 젖을(윤) 윤택 할(윤),15,U+6F64
胤,윤,윤 : 자손(윤),,9,U+80E4
荺,윤,윤 : 연뿌리(윤) 대순(윤),윤 : 연뿌리(윤) 대 순(윤),13,U+837A
鈗,윤,윤 : 창(윤),,12,U+9217
鋆,윤,윤: 금(윤),윤: 금(윤/균),15,U+92C6
閏,윤,윤 : 윤달(윤),주,12,U+958F
閠,윤,윤,옥,13,U+95A0
阭,윤,윤 : 높을(윤),"연,외 : 높을(윤/연)",7,U+962D
򠉇,윤,윤 : 연뿌리(윤) 대순(윤),윤 : 연뿌리(윤) 대 순(윤),13,U+A0247
䫻,율,율,비,13,U+4AFB
潏,율,율 : 물흐 를(율),"술,을,휼 : 샘솟을(휼)",15,U+6F4F
燏,율,율 : 불빛(율),"률,윤 : 불빛(휼/율)",16,U+71CF
矞,율,율: 뚫을(율),유,12,U+77DE
聿,율,율 : 이에(율),,6,U+807F
茟,율,율 : 명아두(율),"일,필",12,U+831F
鴥,율,율,,16,U+9D25
欥,"율,일","율,일","이,차,흔",8,U+6B25
霱,"율,휼","율,휼 : 상서구름(휼)",,20,U+9731
戎,융,융 : 군사(융) 클(융),웅,6,U+620E
瀜,융,융 : 물깊을(융),륭 : 물깊을(융/륭),19,U+701C
狨,융,융 : 원숭이이름(융),,9,U+72E8
絨,융,융 : 융(융),,12,U+7D68
融,융,융 : 녹을(융),,16,U+878D
㥯,은,은,,14,U+396F
䌥,은,은,,20,U+4325
听,은,은 : 웃을(은),"소,우,청",7,U+542C
嚚,은,은 : 어리석을(은),,18,U+569A
圁,은,은: 물이름(은),,10,U+5701
垠,은,은 : 땅가장자리(은),한,9,U+57A0
垽,은,은 : 가라앉을(은/음),,10,U+57BD
嶾,은,은,,17,U+5DBE
恩,은,은 : 은혜(은) 사랑할(은),은 : 은혜(은) 사랑 할(은),10,U+6069
慇,은,은 : 은근할(은),,14,U+6147
憖,은,은 : 원할(은),,16,U+6196
斦,은,은 : 모탕(은),근,8,U+65A6
檃,은,은 : 집마룻대(은) 대공(은),은 : 집마룻대(은)  대공(은),17,U+6A83
檭,은,은 : 은행나무(은),,18,U+6AAD
檼,은,은 : 집마룻대(은) 대공(은),은 : 집마룻대(은)  대공(은),18,U+6ABC
殷,은,은 : 은나라(은),은 : 은나라(은) 검 붉은빛(안),10,U+6BB7
泿,은,은 : 물가(은),"랑,양",9,U+6CFF
溵,은,은 : 물소리(은),0,13,U+6EB5
濦,은,은 : 물소리(은) 물이름(은),은 : 물소리(은) 물 이름(은),17,U+6FE6
狺,은,은 : 으르렁거릴(은),,10,U+72FA
珢,은,은 : 옥돌(은) 부르터배어진흔적있는옥(은),"간,근,랑,민,세,안 : 부르터배어진흔적있는 옥(간)",10,U+73E2
癮,은,은 : 두드러기(은),,22,U+766E
磤,은,은 : 우뢰소리(은),,15,U+78E4
蒑,은,은 : 풀빛푸를(은),,16,U+8491
蒽,은,은 : 풀이름(은),희,16,U+84BD
蘟,은,은 : 은총(은),,23,U+861F
訔,은,은 : 시비할(은),,10,U+8A14
訢,은,은 : 화평할(은),"근,흔 : 기뻐할(흔)",11,U+8A22
誾,은,은 : 화기애애(은),,15,U+8ABE
鄞,은,은 : 고을이름(은),,14,U+911E
銀,은,은 : 은(은) 은빛(은) 돈(은),근,14,U+9280
隱,은,은 : 숨을(은) 숨길(은),은 : 숨을(은) 숨길 (은),17,U+96B1
齗,은,은 : 잇몸(은),,19,U+9F57
𤨒,은,은,칠,15,U+24A12
𨶡,은,은,칠,19,U+28DA1
𪙤,은,은,철,27,U+2A664
򠈟,은,은,,23,U+A021F
򠉟,은,은,,26,U+A025F
򠉠,은,은,,26,U+A0260
󰽴,은,은,,14,U+F0F74
乙,을,을 : 둘째천간(을),행,1,U+4E59
圪,을,을,을 : 흙더미우뚝할(을),6,U+572A
鳦,을,을: 제비(을),을: 제비(을/알),12,U+9CE6
吟,음,음 : 읊을(음),"금,예",7,U+541F
喑,음,음 : 벙어리(음) 입다물(음),암 : 벙어리(암) 입다물(암),12,U+5591
噾,음,음 : 크게외칠(음) ,소리없이울(음),17,U+567E
崟,음,음 : 메(음)  가파를(음),"부,형",11,U+5D1F
廕,음,음 : 그늘(음),은,14,U+5ED5
愔,음,음 : 조용할(음) 화평할(음),음 : 조용할(음) 화 평할(음),12,U+6114
淫,음,음 : 과할(음) 방탕할(음),음 : 과할(음) 방탕 할(음),11,U+6DEB
蔭,음,음 : 그늘(음) 가릴(음),음 : 그늘(음) 가릴 (음),17,U+852D
陰,음,음 : 음기(음),은,11,U+9670
霪,음,음 : 장마(음),,19,U+972A
音,음,음 : 소리(음),,9,U+97F3
韾,음,음 : 소리화할(음),향,20,U+97FE
飮,음,음 : 마실(음) 머금을(음),음 : 마실(음) 머금 을(음),13,U+98EE
򠆿,음,음,,17,U+A01BF
悒,읍,읍 : 근심할(읍),,10,U+6092
挹,읍,읍 : 뜰(읍) 당길(읍),업,10,U+6339
揖,읍,읍 : 읍할(읍),"섭,즙,집",12,U+63D6
泣,읍,읍 : 울(읍) 눈물(읍),"리,립",8,U+6CE3
浥,읍,읍 : 젖을(읍),업,10,U+6D65
邑,읍,읍 : 고을(읍),,7,U+9091
凝,응,응 : 얼(응) 엉길(응),희,16,U+51DD
應,응,응 : 응당(응) 응할(응),웅,16,U+61C9
膺,응,응 : 가슴(응) 받을(응),진,17,U+81BA
鷹,응,응 : 매(응),"영,웅",24,U+9DF9
𥌾,응,응,,22,U+2533E
㛄,의,의,,9,U+36C4
䣡,의,의,,16,U+48E1
依,의,의 : 의지할(의),,8,U+4F9D
倚,의,의 : 기댈(의) 믿을(의),기,10,U+501A
儀,의,의 : 거동(의) 선사(의),의 : 거동(의) 선사 (의),15,U+5100
儗,의,의 : 참람할(의) 견줄(의) 서로못믿을(의),,16,U+5117
凒,의,의 : 흴(의),애,12,U+51D2
劓,의,의 : 코벨(의),,16,U+5293
宜,의,의 : 마땅할(의),"선,이",8,U+5B9C
嶷,의,의 : 산이름(의),"억,위 : 산이름(의/억)",17,U+5DB7
意,의,의 : 뜻(의) 헤아릴(의),의 : 뜻(의) 헤아릴 (의),13,U+610F
懿,의,의 : 아름다울(의),"애,예,이",22,U+61FF
擬,의,의 : 헤아릴(의),,17,U+64EC
椅,의,의 : 교의(의) 의나무(의),기,12,U+6905
欹,의,의 : 어조사(의),"귀,기",12,U+6B39
毅,의,의 : 굳셀(의),"이,희",15,U+6BC5
漪,의,의 : 잔물결(의),,14,U+6F2A
疑,의,의 : 의심할(의),"억,을,응",14,U+7591
矣,의,의 : 어조사(의),"여,이,질",7,U+77E3
礒,의,의 : 바위(의),,18,U+7912
禕,의,의 : 아름다울(의),이,14,U+7995
義,의,의 : 의(의) 뜻(의),혁,13,U+7FA9
艤,의,의 : 배댈(의),,19,U+8264
薏,의,의 : 율무(의),억,19,U+858F
薿,의,의 : 우거질(의),억 : 우거질(억),20,U+85BF
螘,의,의 : 개미(의),,16,U+8798
蟻,의,의 : 개미(의),,19,U+87FB
衣,의,의 : 옷(의),,6,U+8863
誼,의,의 : 옳을(의) 의(의),,15,U+8ABC
議,의,의 : 의논(의) 논할(의),의 : 의논(의) 논할 (의),20,U+8B70
醫,의,의 : 의원(의),,18,U+91AB
饐,의,의 : 밥쉴(의) ,에,21,U+9950
鸃,의,의 : 봉황새(의) 관이름(의),위 ,24,U+9E03
򠇀,의,의,,19,U+A01C0
㒃,이,이,,14,U+3483
㛅,이,이,"리,복,익,일,희",9,U+36C5
㺿,이,이,,10,U+3EBF
䏪,이,이,,10,U+43EA
二,이,이 : 두(이) 두가지마음(이),상,2,U+4E8C
以,이,이 : 써(이) 까닭(이),,5,U+4EE5
伊,이,이 : 저(이) 어조사(이),이 : 저(이) 어조사 (이),6,U+4F0A
佴,이,이: 성내 이을(이),이: 성 내 이을(이),8,U+4F74
咿,이,이 : 글읽는소리(이),,9,U+54BF
夷,이,이 : 오랑캐(이) 평평할(이),이 : 오랑캐(이) 평 평할(이),6,U+5937
姨,이,이 : 이모(이) 처형제(이),이 : 이모(이) 처형 제(이),9,U+59E8
媐,이,이 : 기쁠(이),,13,U+5A90
尔,이,이 : 그렇다할(이)  너(이),,5,U+5C14
峓,이,이 : 산이름(이),미,9,U+5CD3
已,이,이 : 그칠(이) 이미(이),이 : 그칠(이) 이미 (이),3,U+5DF2
廙,이,이: 공경할(이),"의, 익",14,U+5ED9
弛,이,이 : 느슨할(이),"리,시",6,U+5F1B
彛,이,이 : 떳떳할(이) 법(이) 종묘제기(이),이 : 떳떳할(이) 법 (이) 종묘제기(이),16,U+5F5B
彝,이,이 : 떳떳할(이),아,18,U+5F5D
怡,이,이 : 기뻐할(이),"니,리,치,태 : 기뻐할(이)",8,U+6021
恞,이,이 : 기꺼울(이),,9,U+605E
敡,이,이 : 업신여길(이),,12,U+6561
杝,이,이 : 나무이름(이),"지,치 : 쪼갤(치)",7,U+675D
栭,이,이 : 두공(이) 버섯이름(이),,10,U+682D
栮,이,이 : 버섯(이)  느타리(이),니,10,U+682E
歋,이,이 : 서로웃을(이),,14,U+6B4B
洟,이,이 : 콧물(이) 눈물(체)(涕와 동자),,9,U+6D1F
洢,이,이 : 물이름(이),,9,U+6D22
洱,이,이 : 물이름(이),,9,U+6D31
爾,이,이 : 너(이) 그러할(이),이 : 너(이) 그러할 (이),14,U+723E
珥,이,이 : 귀엣고리(이) 햇무리(이),리,10,U+73E5
異,이,이 : 다를(이),리 : 다를(이/리),11,U+7570
痍,이,이 : 상처(이) 다칠(이),이 : 상처(이) 다칠 (이),11,U+75CD
移,이,이 : 옮길(이) 문체의하나(이),이 : 옮길(이) 문체 의하나(이),11,U+79FB
而,이,이 : 말이을(이) 뿐(이) 어조사(이),이 : 말이을(이) 뿐 (이) 어조사(이),6,U+800C
耳,이,이 : 귀(이) 뿐(이) 어조사(이),,6,U+8033
聏,이,이 : 화할(이),뉵 : 부끄러울(뉵),12,U+804F
肄,이,이 : 익힐(이),,13,U+8084
苡,이,이 : 율무(이) 질경이(이),이 : 율무(이) 질경 이(이),11,U+82E1
荑,이,이 : 벨(이),제 : 띠싹(제),12,U+8351
薾,이,이 : 꽃번성할(이),,20,U+85BE
訑,이,이 : 으쓱거릴(이),탄 : 방종할(탄),10,U+8A11
貤,이,이 : 겹칠(이),의,10,U+8CA4
貳,이,이 : 둘(이) 거듭(이) 버금(이),,12,U+8CB3
貽,이,이 : 줄(이),,12,U+8CBD
迤,이,이 : 갈(이),타,9,U+8FE4
邇,이,이 : 가까울(이) 가까이할(이),이 : 가까울(이) 가 까이할(이),18,U+9087
鉺,이,이 : 갈고리(이),,14,U+927A
陑,이,이 : 땅이름(이),,9,U+9651
隶,이,이 : 밑(이),"대,록 :  미칠(대) 더불어(대)",8,U+96B6
頤,이,이 : 기를(이) 어조사(이) 턱으로가르킬(이),리 : 기를(리) 어조사(리) 턱으로가르킬(리),16,U+9824
飴,이,이 : 엿(이),이 : 엿(이) 먹일(사),14,U+98F4
鴯,이,이 : 제비(이),,17,U+9D2F
򠇁,이,이,,11,U+A01C1
򠇂,이,이,,12,U+A01C2
珆,"이,태","이,태 : 옥돌(이) 용무늬있는올옷(태)","이,익 : 옥돌(이)",9,U+73C6
詒,"이,태","이,태 : 속일(태) 줄(이)",,12,U+8A52
巸,"이,희","이,희",,9,U+5DF8
弋,익,익 : 주살(익),,3,U+5F0B
杙,익,익 : 말뚝(익),,7,U+6759
榏,익,익 : 푸른새그린배(익),영,14,U+698F
瀷,익,익 : 스며흐를(익),,20,U+7037
熤,익,익 : 사람이름(익) 빛날(익),"억,역,열,욱",15,U+71A4
益,익,익 : 더할(익) 이로울(익),일,10,U+76CA
翊,익,익 : 도울(익),"경,상,우,의",11,U+7FCA
翌,익,익 : 이튿날(익),,11,U+7FCC
翼,익,익 : 날개(익) 도울(익),익 : 날개(익) 도울 (익),18,U+7FFC
謚,익,익 : 웃을(익),"시,일",17,U+8B1A
釴,익,익 : 솔귀(익),,11,U+91F4
鷁,익,익 : 새이름(익),,21,U+9DC1
㧢,인,인,유,9,U+39E2
㲽,인,인,,6,U+3CBD
㸾,인,인,,11,U+3E3E
䄄,인,인,선,11,U+4104
人,인,인 : 사람(인) 남(인),,2,U+4EBA
仁,인,인 : 어질(인),,4,U+4EC1
仞,인,인 : 길(인),이,5,U+4EDE
儿,인,인 : 사람(인),아,2,U+513F
刃,인,인 : 칼날(인),돈,3,U+5203
印,인,인 : 도장(인) 찍을(인),인 : 도장(인) 찍을 (인),6,U+5370
因,인,인 : 인할(인),,6,U+56E0
堙,인,인 : 막을(인)  흙메(인),연,12,U+5819
夤,인,인 : 조심할(인),린,14,U+5924
姻,인,인 : 시집갈(인),,9,U+59FB
婣,인,인 : 시집갈(인),연,11,U+5A63
寅,인,인 : 셋째지지(인) 공경할(인),연,11,U+5BC5
引,인,인 : 당길(인) 늘일(인),인 : 당길(인) 늘일 (인),4,U+5F15
忈,인,인 : 친자할(인),,6,U+5FC8
忍,인,인 : 참을(인),,7,U+5FCD
忎,인,인 : 仁(어질(인)) 의 古字,입 : 仁(어질(인)) 의 古字,7,U+5FCE
扨,인,인 : 그러하다(인) 그런데(인)(일본 한자),,6,U+6268
朄,인,인 : 소고칠(인) 풍류끄는소리(인),인 : 소고칠(인) 풍 류끄는소리(인),14,U+6704
歅,인,인 : 막힐(인),연 : 막힐(연),13,U+6B45
氤,인,인 : 기운어릴(인),린,10,U+6C24
洇,인,인 : 번질(인),형,9,U+6D07
湮,인,인 : 빠질(인) 번질(인),인 : 빠질(인) 번질 (인),12,U+6E6E
濥,인,인,,17,U+6FE5
牣,인,인 : 찰(인),,7,U+7263
璌,인,인 : 마당(인),,15,U+748C
禋,인,인 : 제사지낼(인),,14,U+798B
秵,인,인: 벼꽃(인),,11,U+79F5
絪,인,인 : 자리(인),,12,U+7D6A
芢,인,인 : 씨(인) 풀이름(인),인 : 씨(인) 풀이름 (인),10,U+82A2
茵,인,인 : 깔개(인) 쑥(인),,12,U+8335
蚓,인,인 : 지렁이(인),,10,U+8693
裀,인,인 : 요(인),,12,U+88C0
認,인,인 : 알(인) 허가할(인),인 : 알(인) 허가할 (인),14,U+8A8D
諲,인,인 : 공경할(인)  공손할(인),민,16,U+8AF2
鈏,인,인 : 백철(인),일,12,U+920F
靭,인,인 : 질길(인),,12,U+976D
靷,인,인 : 가슴걸이(인),,13,U+9777
𣍃,인,인,,14,U+23343
𦟘,인,인,,17,U+267D8
򠇃,인,인,,12,U+A01C3
򠈠,인,인,,10,U+A0220
򠉕,인,인,,12,U+A0255
䒤,일,일,,10,U+44A4
一,일,일 : 한(일),,1,U+4E00
佚,일,일 : 편할(일) 잃을(일),"관,질",7,U+4F5A
佾,일,일 : 줄춤(일),,8,U+4F7E
劮,일,일: 기쁠(일) 외람할(일) 방탕할(일),일: 기쁠(일) 외람 할(일) 방탕할(일),7,U+52AE
壹,일,일 : 한(일) 전일할(일),일 : 한(일) 전일할 (일),12,U+58F9
日,일,일 : 해(일) 날(일) 나날(일),,4,U+65E5
泆,일,일 : 음탕할(일) 넘칠(일),,8,U+6CC6
浂,일,일 : 물가(일),,9,U+6D42
溢,일,일 : 넘칠(일) 지나칠(일),익,13,U+6EA2
軼,일,일 : 지날(일),"절,질",12,U+8EFC
逸,일,일 : 달아날(일),,12,U+9038
鎰,일,일 : 중량이름(일),"익,현",18,U+93B0
馹,일,일 : 역말(일),,14,U+99B9
𨓜,일,일,,14,U+284DC
妷,"일,질","일,질","임,희",8,U+59B7
䛘,임,임,림,13,U+46D8
任,임,임 : 맡길(임) 일(임),"님,립",6,U+4EFB
壬,임,임 : 아홉째천간(임),"정,징",4,U+58EC
妊,임,임 : 애밸(임),"림,부,정,희",7,U+598A
姙,임,임 : 애밸(임),정,9,U+59D9
恁,임,임 : 이러할(임),님,10,U+6041
稔,임,임 : 여물(임),"념,렴,염",13,U+7A14
紝,임,임 : 짤(임),,10,U+7D1D
絍,임,임 : 짤(임),,12,U+7D4D
腍,임,임 : 익힐(임) 배부를(임),,12,U+814D
荏,임,임 : 들깨(임),화,12,U+834F
衽,임,임 : 옷섶(임),,10,U+887D
袵,임,임 : 옷(금/임),,12,U+88B5
賃,임,임 : 품팔(임) 세낼(임),임 : 품팔(임) 세낼 (임),13,U+8CC3
銋,임,임 : 칼들지않을(임),,14,U+928B
飪,임,임 : 익힐(임) 떡국(임),,13,U+98EA
򠇄,임,임,,12,U+A01C4
򠈨,임,임,,11,U+A0228
入,입,입 : 들(입) 들어갈(입) 입성(입),입 : 들(입) 들어갈 (입) 입성(입),2,U+5165
卄,입,입 : 스무(입),사,3,U+5344
廿,입,입 : 이십(입),입 : 이십(입/념),4,U+5EFF
仍,잉,잉 : 인할(잉) 자주(잉),"내,래",4,U+4ECD
剩,잉,잉 : 남을(잉),,12,U+5269
媵,잉,잉 : 따라보낼(잉),,13,U+5AB5
孕,잉,잉 : 애밸(잉),인,5,U+5B55
芿,잉,잉 : 풀싹(잉),"내,래,방,분,인,하,화",10,U+82BF
򠇅,잉,잉,,11,U+A01C5
䛋,자,자,기,12,U+46CB
仔,자,자 : 자세할(자) 새끼(자),자 : 자세할(자) 새 끼(자),5,U+4ED4
呰,자,자 : 약할(자) 헐뜯 을(자),,8,U+5470
咨,자,자 : 물을(자) 탄식할(자),자 : 물을(자) 탄식 할(자),9,U+54A8
姉,자,자 : 맏누이(자),시,8,U+59C9
姊,자,자 : 맏누이(자),,8,U+59CA
姿,자,자 : 맵시(자),,9,U+59FF
嬨,자,자 : 계집성품너그럽고순할(자),,17,U+5B28
子,자,자 : 아들(자) 어조사(자),자 : 아들(자) 어조 사(자),3,U+5B50
孖,자,자 : 쌍둥이(자),,6,U+5B56
字,자,자 : 글자(자) 자(자) 사랑할(자),,6,U+5B57
孜,자,자 : 부지런할(자),사,7,U+5B5C
孶,자,자 : 불을(자) 우거질(자),,13,U+5B76
恣,자,자 : 방자할(자),의,10,U+6063
慈,자,자 : 사랑할(자) 어머니(자),자 : 사랑할(자) 어 머니(자),13,U+6148
柘,자,자 : 산뽕나무(자),"석,재",9,U+67D8
泚,자,자 : 물맑을(자),"제,지,차,체 : 물맑을(체/차)",9,U+6CDA
滋,자,자 : 불을(자) 자랄(자),자 : 불을(자) 자랄 (자),12,U+6ECB
煮,자,자 : 끓일(자),,12,U+716E
牸,자,자 : 암소(자),,10,U+7278
玆,자,자 : 이(자) 해(자),현,10,U+7386
瓷,자,자 : 오지그릇(자),,11,U+74F7
疵,자,자 : 흉(자) 흉볼(자),,10,U+75B5
眥,자,자 : 흘겨볼(자),제 : 눈가(제) 눈초리(제),10,U+7725
眦,자,자 : 눈초리(자),제 : 눈초리(제),10,U+7726
磁,자,자 : 지남석(자),,14,U+78C1
秄,자,자 : 북돋을(자),,8,U+79C4
籽,자,자 : 씨앗(자),지,9,U+7C7D
粢,자,자 : 기장(자) 곡식(자),,12,U+7CA2
紫,자,자 : 자줏빛(자),채,11,U+7D2B
者,자,자 : 놈(자),도,10,U+8005
耔,자,자 : 복돋울(자),,9,U+8014
胾,자,자 : 산적점(자),,12,U+80FE
自,자,자 : 몸(자) 스스로(자) 부터(자),자 : 몸(자) 스스로 (자) 부터(자),6,U+81EA
茈,자,자 : 능소화나무(자),,11,U+8308
茨,자,자 : 띠(자) 납가새(자) 쌓을(자),차,12,U+8328
茲,자,자 : 이(자) 해(자),,12,U+8332
莿,자,자 : 풀가시(자),,14,U+83BF
蔗,자,자 : 사탕수수(자),,17,U+8517
藉,자,자 : 깔개(자) 빌(자),적,20,U+85C9
虸,자,자 : 자방벌레(자),,9,U+8678
觜,자,자 : 별이름(자),"각,취 : 부리(취)",12,U+89DC
訾,자,자 : 헐뜯을(자),,12,U+8A3E
諮,자,자 : 물을(자),,16,U+8AEE
貲,자,자 : 재물(자),,12,U+8CB2
資,자,자 : 자본(자) 바탕(자) 취할(자),차,13,U+8CC7
赭,자,자 : 붉은빛(자) 붉은흙(자),,16,U+8D6D
鎡,자,자 : 호미(자),,17,U+93A1
雌,자,자 : 암컷(자),,13,U+96CC
頿,자,자 : 코밑수염(자),,17,U+983F
髭,자,자 : 웃수염(자),,15,U+9AED
鮓,자,자 : 젓(자),,16,U+9B93
鶿,자,자 : 가마우지(자),,20,U+9DBF
鷓,자,자 : 자고(자),,22,U+9DD3
򠇆,자,자,,20,U+A01C6
򠇇,자,자,,12,U+A01C7
򠇈,자,자,,17,U+A01C8
򠉂,자,자 : 이(자) 해(자),,12,U+A0242
炙,"자,적","자,적 : 구울(자/적)",,8,U+7099
刺,"자,척","자,척 : 찌를(자/척) 헐뜯을(자)",라 : 수라(라),8,U+523A
作,작,작 : 일으킬(작) 지을(작) 일할(작),작 : 일으킬(작) 지 을(작) 일할(작),7,U+4F5C
勺,작,작 : 구기(작),포,3,U+52FA
嚼,작,작 : 씹을(작),,20,U+56BC
圴,작,작 : 흙자국(작),"균,표",6,U+5734
妰,작,작 : 계집도용할(작),자,8,U+59B0
婥,작,작 : 예쁠(작),,11,U+5A65
岝,작,작 : 산높을(작),,8,U+5C9D
怍,작,작 : 부끄러워할(작),,8,U+600D
斫,작,작 : 찍을(작),석,9,U+65AB
斱,작,작 : 쪼갤(작) 베어낼(작),"근,기,도,돈,석,소,자",13,U+65B1
昨,작,작 : 어제(작) 옛(작),조,9,U+6628
柞,작,작 : 떡갈나무(작),조,9,U+67DE
汋,작,작 : 물결치는소리(작) 구기질할(작),삭,6,U+6C4B
灼,작,작 : 사를(작) 빛날(작) 밝을(작),"적,포,표",7,U+707C
炸,작,작 : 터질(작) 튀길(작),자,9,U+70B8
焯,작,작 : 빛날(작)  밝을(작),탁,12,U+712F
爵,작,작 : 벼슬(작),,18,U+7235
犳,작,작 : 아롱짐승(작),,6,U+72B3
皭,작,작 : 흴(작) 깨끗할(작),조,22,U+76AD
碏,작,작 : 사람이름(작),석,13,U+788F
綽,작,작 : 너그러울(작) 얌전할(작) 많을(작),작 : 너그러울(작)  얌전할(작) 많을(작),14,U+7DBD
芍,작,작 : 갈대이삭(작),적,9,U+828D
酌,작,작 : 따를(작),적,10,U+914C
雀,작,작 : 참새(작),,11,U+96C0
鵲,작,작 : 까치(작),,19,U+9D72
򠇉,작,작,,9,U+A01C9
剗,잔,잔 : 깎을(잔) 뺄(전),,10,U+5257
孱,잔,잔 : 잔약할(잔),,12,U+5B71
棧,잔,잔 : 창고(잔) 잔교(잔),잔 : 창고(잔) 잔교 (잔),12,U+68E7
殘,잔,잔 : 해칠(잔) 남을(잔),전,12,U+6B98
潺,잔,잔 : 졸졸흐를(잔),,15,U+6F7A
盞,잔,잔 : 잔(잔),,13,U+76DE
驏,잔,잔 : 안장없이말탈(잔),,22,U+9A4F
岑,잠,잠 : 멧부리(잠) 높을(잠),"금,영,음",7,U+5C91
暫,잠,잠 : 잠깐(잠),"석,점,참",15,U+66AB
涔,잠,잠 : 큰물(잠) 못(잠) 줄줄올(잠),,10,U+6D94
潛,잠,잠 : 무자맥질할(잠) 숨을(잠),잠 : 무자맥질할(잠)  숨을(잠),15,U+6F5B
潜,잠,잠 : 무자맥질할(잠) 숨을(잠)(潛의 이체자),찬,15,U+6F5C
箴,잠,잠 : 바늘(잠) 경계할(잠),"참,함",15,U+7BB4
簪,잠,잠 : 비녀(잠),,18,U+7C2A
蠶,잠,잠 : 누에(잠),,24,U+8836
卡,잡,잡 : 지킬(잡) ,,5,U+5361
囃,잡,잡 : 장단잡을(잡),,21,U+56C3
眨,잡,잡 : 눈깜박일(잡),,10,U+7728
磼,잡,잡 : 산높을(잡),,17,U+78FC
襍,잡,잡 : 섞일(잡),,18,U+894D
雜,잡,잡 : 섞일(잡),,18,U+96DC
丈,장,장 : 장(장) 이(장),장 : 장(장),3,U+4E08
仉,장,장 : 성(장),범,4,U+4EC9
仗,장,장 : 병장기(장) 기댈(장),장 : 병장기(장) 기 댈(장),5,U+4ED7
傽,장,장 : 시아주버니(장)  놀랍고두려워할(장),,13,U+50BD
匠,장,장 : 장인(장),,6,U+5320
場,장,장 : 마당(장),"량,양",12,U+5834
墇,장,장 : 막을(장),창,14,U+5887
墻,장,장 : 담(장),,16,U+58BB
壮,장,장 : 장할(장)의 俗字,장 : 장할(장)의 俗 字,6,U+58EE
壯,장,장 : 왕성할(장),,7,U+58EF
奘,장,장 : 클(장),,10,U+5958
奬,장,장 : 장려(장),,14,U+596C
妝,장,장 : 단장할(장),,7,U+599D
嬙,장,장 : 궁녀(장),현,16,U+5B19
将,장,장,,9,U+5C06
將,장,장 : 장차(장) 문득(장) 장수(장),장 : 장차(장) 문득 (장) 장수(장),11,U+5C07
嶂,장,장 : 산봉우리(장),,14,U+5D82
嶈,장,장 : 산이높고클(장) 물이무주쳐산울릴(장),,14,U+5D88
帳,장,장 : 장막(장) 장부(장),"영,창",11,U+5E33
庄,장,장 : 동막(장) 전장(장),"재,팽",6,U+5E84
廧,장,장 : 담(장),,16,U+5EE7
張,장,장 : 펼(장) 베풀(장),,11,U+5F35
戕,장,장 : 죽일(장) 상할(장),,8,U+6215
掌,장,장 : 손바닥(장) 맡을(장),장 : 손바닥(장) 맡 을(장),12,U+638C
暲,장,장 : 해돋아올(장) 밝을(장),창,15,U+66B2
杖,장,장 : 지팡이(장),,7,U+6756
樟,장,장 : 녹나무(장),창,15,U+6A1F
檣,장,장 : 돛대(장),,17,U+6AA3
欌,장,장 : 의장(장) 장롱(장),장 : 의장(장) 장롱 (장),21,U+6B0C
漳,장,장 : 물이름(장),,14,U+6F33
漿,장,장 : 미음(장) 풀먹일(장),장 : 미음(장) 풀먹 일(장),15,U+6F3F
牂,장,장 : 암양(장),,10,U+7242
牆,장,장 : 담(장) 사모할(장),장 : 담(장) 사모할 (장),17,U+7246
獎,장,장 : 표창할(장),,14,U+734E
獐,장,장 : 노루(장),,14,U+7350
璋,장,장 : 홀(장),,15,U+748B
瘴,장,장 : 장기(장),,16,U+7634
章,장,장 : 장(장) 법(장) 글(장),,11,U+7AE0
粧,장,장 : 단장할(장),,12,U+7CA7
糚,장,장 : 단장할(장),,17,U+7CDA
羘,장,장 : 수양(장),"양,언 : 소밥통(양) 양(양)",10,U+7F98
腸,장,장 : 창자(장),양,13,U+8178
臟,장,장 : 오장(장),,22,U+81DF
臧,장,장 : 착할(장),,14,U+81E7
莊,장,장 : 가게(장) 엄할(장),장 : 가게(장) 엄할 (장),13,U+838A
萇,장,장 : 양도(장),,14,U+8407
葬,장,장 : 장사지낼(장),,15,U+846C
蔣,장,장 : 나라이름(장),,17,U+8523
薔,장,장 : 장미(장),색 : 물여뀌(색),19,U+8594
藏,장,장 : 감출(장) 오장(장),장 : 감출(장) 오장 (장),20,U+85CF
蘠,장,장 : 장미꽃(장),,23,U+8620
裝,장,장 : 차릴(장) 꾸밀(장),장 : 차릴(장) 꾸밀 (장),13,U+88DD
贓,장,장 : 장물(장) 뇌물받을(장),장 : 장물(장) 뇌물 받을(장),21,U+8D13
遧,장,장 : 드러낼(장),,15,U+9067
鄣,장,장 : 고을이름(장),,14,U+9123
醬,장,장 : 장(장),,18,U+91AC
鏘,장,장 : 울리는소리(장) 높을(장),용,19,U+93D8
長,장,장 : 긴(장) 맏(장) 어른(장) 나아갈(장) 자랄(장) 많을(장),장 : 긴(장) 맏(장) 어른(장) 나아 갈(장) 자랄(장)  많을(장),8,U+9577
障,장,장 : 막을(장),,14,U+969C
餦,장,장 : 엿(장),,17,U+9926
麞,장,장 : 노루(장),,22,U+9E9E
򠇊,장,장,,13,U+A01CA
򠇋,장,장,,15,U+A01CB
򠇌,장,장,,21,U+A01CC
򠇍,장,장,,23,U+A01CD
򠇎,장,장,,19,U+A01CE
򠇏,장,장,,17,U+A01CF
򠇐,장,장,,23,U+A01D0
㦳,재,재,,9,U+39B3
䮨,재,재,,20,U+4BA8
再,재,재 : 두번(재),,6,U+518D
哉,재,재 : 어조사(재),,9,U+54C9
在,재,재 : 있을(재),,6,U+5728
夈,재,재 : 재계할(재) 공경할(재),,9,U+5908
宰,재,재 : 주관할(재) 재상(재),제,10,U+5BB0
崽,재,재 : 새끼(재),"사,새,제",12,U+5D3D
才,재,재 : 재주(재) 겨우(재),빈,3,U+624D
扗,재,재 : 있을(재),,6,U+6257
捚,재,재 : 손바닥에 받을(재),리,10,U+635A
材,재,재 : 재목(재) 재주(재),재 : 재목(재) 재주 (재),7,U+6750
栽,재,재 : 심을(재),,10,U+683D
梓,재,재 : 가래나무(재) 목수(재),"상,신,자",11,U+6893
榟,재,재 : 가래나무(재) 목수(재),제,14,U+699F
渽,재,재 : 맑을(재),,12,U+6E3D
溨,재,재,,13,U+6EA8
滓,재,재 : 앙금(재) 찌끼(재),재 : 앙금(재) 찌끼 (재),13,U+6ED3
災,재,재 : 재앙(재),,7,U+707D
灾,재,재 : 재앙(재) 횡액(재),,7,U+707E
縡,재,재 : 일(재) 실을(재),"제,채 : 일(재)   실을(재)",16,U+7E21
纔,재,재 : 겨우(재),"규,삼",23,U+7E94
裁,재,재 : 마름질할(재),,12,U+88C1
財,재,재 : 재물(재) 재단할(재),재 : 재물(재) 재단 할(재),10,U+8CA1
賳,재,재 : 재물(재) 재화(재),,16,U+8CF3
載,재,재 : 실을(재) 이룰(재) 해(재) 가득할(재),형,13,U+8F09
釮,재,재 : 날카로울(재),"제,채",11,U+91EE
齋,재,재 : 방(재) 재계할(재) 식사(재),제 : 방(재)   재계할(재)   식사(재),17,U+9F4B
齎,재,재 : 가져갈(재) 줄(재),제 : 가져갈(재)   줄(재),21,U+9F4E
崢,쟁,쟁 : 가파를(쟁),정 ,11,U+5D22
爭,쟁,쟁 : 다툴(쟁),정,8,U+722D
猙,쟁,쟁 : 사나울(쟁),,11,U+7319
琤,쟁,쟁 : 옥소리(쟁),"보,부,정",12,U+7424
箏,쟁,쟁 : 쟁(쟁) 연(쟁),,14,U+7B8F
諍,쟁,쟁 : 간할(쟁) 송사(쟁) 다툴(쟁),정,15,U+8ACD
錚,쟁,쟁 : 쇳소리(쟁) 징(쟁),정,16,U+931A
鎗,쟁,쟁 : 금석소리(쟁),창 : 창(창),18,U+9397
㤖,저,저,,8,U+3916
佇,저,저 : 우두커니설(저),,7,U+4F47
低,저,저 : 낮을(저) 숙일(저),저 : 낮을(저) 숙일 (저),7,U+4F4E
儲,저,저 : 쌓을(저),제,18,U+5132
咀,저,저 : 씹을(저) 방자할(저),저 : 씹을(저) 방자 할(저),8,U+5480
姐,저,저 : 누이(저),"단,아,이,자,제,조,지,차,희",8,U+59D0
宁,저,저 : 우두커니설(저),영,5,U+5B81
岨,저,저 : 돌산(저)  ,조 : 울퉁불퉁할(서),8,U+5CA8
底,저,저 : 밑(저) 바닥(저),지,8,U+5E95
抵,저,저 : 겨룰(저) 던질(저),지,8,U+62B5
杵,저,저 : 공이(저),"오,조",8,U+6775
杼,저,저 : 북(저),,8,U+677C
柢,저,저 : 뿌리(저) 싹틀(저),지,9,U+67E2
楮,저,저 : 닥나무(저),자,13,U+696E
樗,저,저 : 가죽나무(저),화,15,U+6A17
氐,저,저 : 근본(저) 오랑캐이름(저),,5,U+6C10
沮,저,저 : 그칠(저) 막을(저),"원,이,조",8,U+6CAE
渚,저,저 : 사주(저),"도,제",11,U+6E1A
潴,저,저 : 웅덩이(저),,15,U+6F74
瀦,저,저 : 웅덩이(저),,19,U+7026
牴,저,저 : 이를(저) 부딪힐(저),,9,U+7274
狙,저,저 : 긴팔원숭이(저) 엿볼(저),저 : 긴팔원숭이(저)  엿볼(저),8,U+72D9
猪,저,저 : 돼지(저),,11,U+732A
疽,저,저 : 악창(저),,10,U+75BD
箸,저,저 : 젓가락(저),,15,U+7BB8
紵,저,저 : 모시풀(저) 모시(저),저 : 모시풀(저) 모 시(저),11,U+7D35
罝,저,저 : 그물(저),,10,U+7F5D
羝,저,저 : 수양(저),,11,U+7F9D
苧,저,저 : 모시풀(저),,11,U+82E7
苴,저,저 : 삼씨(저),"차,찬 : 마른풀(차)",11,U+82F4
菹,저,저 : 절일(저),자 : 늪(자),14,U+83F9
著,저,저 : 나타낼(저) 지을(저),"제,착",14,U+8457
藷,저,저 : 마(저) 감자(저),서,22,U+85F7
蛆,저,저 : 구더기(저),,11,U+86C6
袛,저,저 : 속적삼(저),지,11,U+889B
褚,저,저 : 주머니(저),,15,U+891A
觝,저,저 : 겨룰(저) 던질(저),,12,U+89DD
詆,저,저 : 꾸짖을(저) 흉볼(저),,12,U+8A46
詛,저,저,조 : 저주할(조)   헐뜯을(조),12,U+8A5B
詝,저,저 : 슬기로울(저),,12,U+8A5D
貯,저,저 : 쌓을(저) 둘(저),,12,U+8CAF
躇,저,저 : 머뭇거릴(저),착,20,U+8E87
這,저,저 : 이(저),,11,U+9019
邸,저,저 : 집(저) 주막(저) 사처(저),,8,U+90B8
陼,저,저 : 모래섬(저) 둔덕(저),"기,도",12,U+967C
雎,저,저 : 물수리(저),,13,U+96CE
齟,저,저 : 맞지않을(서),주,20,U+9F5F
򠇑,저,저,,15,U+A01D1
򠇒,저,저,,11,U+A01D2
򠇓,저,저,,13,U+A01D3
򠇔,저,저,,22,U+A01D4
򠉲,저,저 : 머뭇거릴(저),저,20,U+A0272
򠊓,저,저:삼씨(저),,9,U+A0293
勣,적,적 : 공(적) 사업(적),,13,U+52E3
吊,적,적 : 매달(적) 조상할(적),조 : 매달(적/조)   조상할(적/조),6,U+540A
啇,적,적 : 나무뿌리(적),상,11,U+5547
嫡,적,적 : 아내(적) 맏아들(적),적 : 아내(적) 맏아 들(적),14,U+5AE1
寂,적,적 : 고요할(적),숙,11,U+5BC2
摘,적,적 : 딸(적) 들추어낼(적),적 : 딸(적) 들추어 낼(적),14,U+6458
敵,적,적 : 원수(적),,15,U+6575
樀,적,적 : 문두드리는소리(적),,15,U+6A00
滴,적,적 : 물방울(적),,14,U+6EF4
狄,적,적 : 오랑캐(적),,7,U+72C4
玓,적,적 : 빛날(적),"균,덕,역,표",7,U+7393
的,적,적 : 과녁(적) 밝을(적) 꼭(적),적 : 과녁(적) 밝을 (적) 꼭(적),8,U+7684
磧,적,적 : 모래벌판(적),,16,U+78E7
積,적,적 : 쌓을(적),자,16,U+7A4D
笛,적,적 : 피리(적),저,11,U+7B1B
籍,적,적 : 문서(적),자 : 온화 할(자),20,U+7C4D
糴,적,적 : 쌀살(적),,22,U+7CF4
績,적,적 : 공(적),,17,U+7E3E
翟,적,적 : 꿩(적) 무적(적),"약,익,책,취",14,U+7FDF
荻,적,적 : 물억새(적),,13,U+837B
菂,적,적 : 연밥(적),,14,U+83C2
覿,적,적 : 볼(적),,22,U+89BF
謫,적,적 : 꾸짖을(적) 귀양갈(적) 운기(적),적 : 꾸짖을(적) 귀 양갈(적) 운기(적),18,U+8B2B
賊,적,적 : 도둑질할(적) 해칠(적) 역적(적),적 : 도둑질할(적)  해칠(적) 역적(적),13,U+8CCA
赤,적,적 : 붉을(적),혁,7,U+8D64
跡,적,적 : 자취(적) 흔적(적),지,13,U+8DE1
蹟,적,적 : 자취(적) 흔적(적),적 : 자취(적) 흔적 (적),18,U+8E5F
迪,적,적 : 나아갈(적),,9,U+8FEA
迹,적,적 : 자취(적),,10,U+8FF9
逖,적,적 : 멀(적),,11,U+9016
適,적,적 : 맞을(적),,15,U+9069
鏑,적,적 : 살촉(적) 우는살(적),적 : 살촉(적) 우는 살(적),19,U+93D1
馰,적,적 : 별박이(적),"익,작",13,U+99B0
򠇕,적,적,,13,U+A01D5
佃,전,전 : 밭갈(전) 소작인(전) 사냥할(전),전 : 밭갈(전) 소작 인(전) 사냥할(전),7,U+4F43
佺,전,전 : 이름(전),,8,U+4F7A
傳,전,전 : 전할(전) 주막(전) 책(전),전 : 전할(전) 주막 (전) 책(전),13,U+50B3
全,전,전 : 온전할(전) 온통(전),전 : 온전할(전) 온 통(전),6,U+5168
典,전,전 : 법(전),곡,8,U+5178
前,전,전 : 앞(전),,9,U+524D
剪,전,전 : 가위(전) 벨(전),,11,U+526A
吮,전,전 : 빨(전),"연,윤 : 빨(연)",7,U+542E
囀,전,전 : 지저귈(전),,21,U+56C0
塼,전,전 : 벽돌(전),,14,U+587C
奠,전,전 : 둘(전) 전올릴(전),정,12,U+5960
姾,전,전 : 계집단정할(전)  여자이름(전),,9,U+59FE
嫥,전,전 : 전일한(전),,14,U+5AE5
專,전,전 : 오로지(전),혜,11,U+5C08
屇,전,전 : 구멍(전),,8,U+5C47
展,전,전 : 펼(전),,10,U+5C55
巓,전,전 : 산꼭대기(전),,22,U+5DD3
廛,전,전 : 터(전),,15,U+5EDB
悛,전,전 : 고칠(전),준,10,U+609B
戩,전,전 : 복(전) 다할(전) 갈길(전),,14,U+6229
戰,전,전 : 싸움(전),,16,U+6230
揃,전,전 : 자를(전) 뽑을(전),,12,U+63C3
搌,전,전 : 닦을(전),,13,U+640C
搷,전,전 : 칠(전) 당길(전) 날릴(전),진,13,U+6437
旃,전,전 : 기(전),,10,U+65C3
朘,전,전 : 쭈그러질(전),준,11,U+6718
栓,전,전 : 마개(전),,10,U+6813
栴,전,전 : 단향목(전),,10,U+6834
橏,전,전 : 나무혹(전) 나무밋밋할(건),"건,선 : 나무밋밋할(건)",16,U+6A4F
殿,전,전 : 큰집(전) 후군(전),전 : 큰집(전) 후군 (전),13,U+6BBF
氈,전,전 : 모전(전),,17,U+6C08
沺,전,전 : 물가없을(전) 물결퍼질(전),,8,U+6CBA
湔,전,전 : 씻을(전) 빨(전),,12,U+6E54
澱,전,전 : 찌끼(전) 괼(전),,16,U+6FB1
澶,전,전 : 땅이름(전),"늠,단 : 땅이름(단)",16,U+6FB6
瀍,전,전 : 물이름(전),,18,U+700D
煎,전,전 : 달일(전) 졸일(전),전 : 달일(전) 졸일 (전),13,U+714E
牋,전,전 : 종이(전) 편지(전) 상소(전),,12,U+724B
琠,전,전 : 옥이름(전),,12,U+7420
瑔,전,전 : 옥이름(전)  조개이름(전),천,13,U+7454
甎,전,전 : 벽돌(전),,16,U+750E
田,전,전 : 밭(전),,5,U+7530
甸,전,전 : 경계(전),"구,승,정,천",7,U+7538
畋,전,전 : 밭갈(전) 사냥할(전),,9,U+754B
畑,전,전 : 화전(전),,9,U+7551
痊,전,전 : 나을(전),,11,U+75CA
癜,전,전 : 어루러기(전),,18,U+765C
癲,전,전 : 미칠(전),,24,U+7672
磚,전,전 : 벽돌(전),,16,U+78DA
筌,전,전 : 통발(전),,12,U+7B4C
箋,전,전 : 전지(전) 부전(전),전 : 전지(전) 부전 (전),14,U+7B8B
箭,전,전 : 살(전),,15,U+7BAD
篆,전,전 : 전자(전),,15,U+7BC6
籛,전,전 : 성(전),,22,U+7C5B
纏,전,전 : 묶을(전),,21,U+7E8F
羶,전,전 : 노린내날(전),,19,U+7FB6
翦,전,전 : 벨(전) 성(전),,15,U+7FE6
腆,전,전 : 두터울(전) 착할(전),,12,U+8146
膞,전,전 : 모래주머니(전),,15,U+819E
荃,전,전 : 향초(전),,12,U+8343
詮,전,전 : 설명할(전) 갖출(전),전 : 설명할(전) 갖 출(전),13,U+8A6E
賟,전,전 : 부유할(전),,15,U+8CDF
躔,전,전 : 궤도(전) 자취(전) 밟을(전),,22,U+8E94
輇,전,전 : 달(전) 상여차(전),,13,U+8F07
輾,전,전 : 돌아누을(전) 타작할(전),전 : 돌아누을(전)  타작할(전) 연자매 (년),17,U+8F3E
轉,전,전 : 구를(전) 옮길(전) 굴릴(전),전 : 구를(전) 옮길 (전) 굴릴(전),18,U+8F49
邅,전,전 : 머뭇거릴(전),,17,U+9085
鄽,전,전 : 터(전),,18,U+913D
鈿,전,전 : 비녀(전) 나전세공(전),전 : 비녀(전) 나전 세공(전),13,U+923F
銓,전,전 : 저울(전) 가릴(전),전 : 저울(전) 가릴 (전),14,U+9293
鋑,전,전 : 샛길(전),"준,찬",15,U+92D1
錢,전,전 : 돈(전) 가래(전) 전(전),철,16,U+9322
錪,전,전 : 무거울(전) 솥(전),,16,U+932A
鐫,전,전 : 새길(전) 물리칠(전),준,21,U+942B
電,전,전 : 번개(전) 전기(전),전 : 번개(전) 전기 (전),13,U+96FB
靛,전,전 : 청대(전),정,16,U+975B
靦,전,전 : 부끄러워할(전)  볼(전),,16,U+9766
顓,전,전 : 오로지(전) 어리석을(전),"진,현",18,U+9853
顚,전,전 : 정수리(전) 근본(전) 미칠(전),"경,진",19,U+985A
顫,전,전 : 떨(전),,22,U+986B
飦,전,전 : 죽(전),,12,U+98E6
餞,전,전 : 전송할(전),,17,U+991E
餰,전,전 : 된죽(전),,18,U+9930
鬋,전,전 : 귀밑머리늘어질(전) 깎을(전),,19,U+9B0B
鱣,전,전 : 철갑상어(전),선 : 두렁어리(선),24,U+9C63
鸇,전,전 : 송골매(전),,24,U+9E07
򠇖,전,전,,12,U+A01D6
冿,"전,점","전,점 : 나아갈(점)",첨,8,U+51BF
雋,"전,준","전,준 : 영특할(준/전)",상,13,U+96CB
塡,"전,진","전,진 : 메울(전)",신,13,U+5861
岊,절,절 : 산기슭(절),,7,U+5C8A
截,절,절 : 끊을(절),,14,U+622A
折,절,절 : 꺾을(절) 깎을(절),"근,기,석,설,수,승,은,제,탁,흔",7,U+6298
浙,절,절 : 물이름(절),석 : 쌀 씻을(석) 씻길(석) 이름(석),10,U+6D59
癤,절,절 : 부스럼(절),,18,U+7664
竊,절,절 : 훔칠(절),,22,U+7ACA
節,절,절 : 마디(절),,13,U+7BC0
絕,절,절 : 끊어질(절) 뛰 어날(절) 절구(절) 득할(절),,12,U+7D55
絶,절,절 : 끊을(절),시,12,U+7D76
晢,"절,제","절,제: 반짝거릴(제) 밝을(절)","석,제 : 반짝거릴(제)",11,U+6662
䀸,"절,체","절,체","계,재,제",12,U+4038
切,"절,체","절,체 : 벨(절) 절박할(절) 반절(절) 온통(체)","절,체 : 벨(절) 절 박할(절) 반절(절) 온통(체)",4,U+5207
墆,"절,체","절,체 : 저축(절) 으스름할(체)",채,14,U+5886
佔,점,점 : 차지할(점) 엿볼(점),,7,U+4F54
占,점,점 : 점칠(점) 입으로부를(점) 차지할(점),점 : 점칠(점) 입으 로부를(점) 차지할 (점),5,U+5360
坫,점,점 : 잔대(점),,8,U+576B
墊,점,점 : 받칠(점)  빠질(점),숙,14,U+588A
奌,점,점 : 點(검은점(점))의 略字,,8,U+594C
岾,점,점 : 고개(점) 점이름(점),점 : 고개(점) 점이 름(점),8,U+5CBE
店,점,점 : 전방(점),,8,U+5E97
漸,점,점 : 차차(점),"잠,참",14,U+6F38
点,점,점 : 방울(점) 작은얼룩(점),점 : 방울(점) 작은 얼룩(점),9,U+70B9
玷,점,점 : 옥티(점) 이지러질(점),,9,U+73B7
笘,점,점 : 분판(점)  채찍(점),섬,11,U+7B18
簟,점,점 : 대자리(점),,18,U+7C1F
粘,점,점 : 차질(점) 붙을(점),점 : 차질(점) 붙을 (점),11,U+7C98
苫,점,점 : 거적(점),,11,U+82EB
蔪,점,점 : 보리팰(점) 더북할(점),,17,U+852A
蛅,점,점 : 쐐기(점),기,11,U+86C5
覘,점,점 : 엿볼(점),첨,12,U+8998
霑,점,점 : 젖을(점) 적실(점),첨,16,U+9711
颭,점,점 : 흔들릴(점),,14,U+98AD
鮎,점,점 : 메기(점),념,16,U+9B8E
黏,점,점 : 차질(점)  붙을(점),녜,17,U+9ECF
點,점,점 : 점(점),,17,U+9EDE
接,접,접 : 접할(접),첩,11,U+63A5
摺,접,접 : 접을(접) 주름(접),"랍,섭",14,U+647A
椄,접,접 : 나무접붙일(접)  형벌틀(접),,12,U+6904
楪,접,접 : 접시(접),엽,13,U+696A
蜨,접,접 : 나비(접),,14,U+8728
蝶,접,접 : 나비(접),엽,15,U+8776
跕,접,접 : 밟을(접) 떨어질(접),,12,U+8DD5
蹀,접,접 : 밟을(접),,16,U+8E40
鰈,접,접 : 가재미(접)  넙치(접),"첩,탑 : 가재미(탑)",20,U+9C08
䄇,정,정,족,12,U+4107
䆑,정,정,,7,U+4191
䆸,정,정,,17,U+41B8
丁,정,정 : 네째천간(정),,2,U+4E01
井,정,정 : 우물(정),,4,U+4E95
亭,정,정 : 정자(정),형 : 정자(정),9,U+4EAD
仃,정,정 : 고독할(정),척,4,U+4EC3
佂,정,정 : 두려워할(정),,7,U+4F42
侹,정,정: 평평할(정),"연,해",9,U+4FB9
停,정,정 : 머무를(정),,11,U+505C
偵,정,정 : 염탐할(정),,11,U+5075
凈,정,정 : 찰(정),,10,U+51C8
叮,정,정 : 물을(정) 정성스러울(정),,5,U+53EE
呈,정,정 : 나타날(정),광,7,U+5448
圢,정,정 : 땅고를(정),우,5,U+5722
埩,정,정 : 밭갈(정),,11,U+57E9
奵,정,정 : 얼굴좋을(정),아,5,U+5975
妌,정,정 : 덕성스러울(정),,7,U+598C
姃,정,정 : 단정할(정),,8,U+59C3
娗,정,정 : 모양낼(정),"연,전 : 매욱할(전) 속일(전)",10,U+5A17
婷,정,정 : 예쁠(정),효,12,U+5A77
定,정,정 : 정할(정),,8,U+5B9A
寊,정,정 : 넓은집(정),,12,U+5BCA
嵉,정,정 : 높은산(정),,12,U+5D49
幀,정,정 : 족자(정),,12,U+5E40
庭,정,정 : 뜰(정),,10,U+5EAD
廷,정,정 : 조정(정),연,7,U+5EF7
征,정,정 : 칠(정),,8,U+5F81
怔,정,정 : 황겁할(정),,8,U+6014
情,정,정 : 뜻(정) 인정(정),첨,11,U+60C5
挰,정,정,,10,U+6330
挺,정,"정 : 곧을(정), 뺄(정), 빼어날(정)",,10,U+633A
掟,정,정: 둘러질(정) 영갑(정),정: 둘러칠(정) 영 갑(정),11,U+639F
揁,정,정,,12,U+63C1
政,정,정 : 정사(정),,8,U+653F
整,정,정 : 가지런할(정),,15,U+6574
旌,정,정 : 기(정),,11,U+65CC
晶,정,정 : 맑을(정),,12,U+6676
晸,정,정 : 햇살불그레할(정),지,12,U+6678
朾,정,정 : 갓대(정) 땅이 름(정),,6,U+673E
柾,정,정 : 나무바를(정),구 : 널(구),9,U+67FE
桯,정,정 : 자루(정),니,11,U+686F
梃,정,정 : 막대기(정),,11,U+6883
棖,정,정 : 문설주(정),장,12,U+68D6
楟,정,정 : 아가위(정),,13,U+695F
楨,정,정 : 담치는나무(정),,13,U+6968
檉,정,정 : 위성류(정),성,17,U+6A89
正,정,정 : 바를(정),,5,U+6B63
汀,정,정 : 물가(정),,5,U+6C40
汫,정,정 : 땅이름(정),경,7,U+6C6B
泟,정,정 : 붉은(청) 대추즙(청),"면,청 : 붉은(청) 대추즙(청)",8,U+6CDF
涏,정,정 : 샘물(정),"던,전,접 : 빛나고윤택할(전)",10,U+6D8F
淀,정,정 : 얕은물(정),전 : 얕은물(전/정),11,U+6DC0
淨,정,정 : 깨끗할(정),,11,U+6DE8
渟,정,정 : 괼(정),,12,U+6E1F
湞,정,정 : 물이름(정),,12,U+6E5E
瀞,정,정: 맑을(정),빈,19,U+701E
灯,정,정 : 등잔(정)(燈의 간체자),등 : 등잔(등)(燈의 간체자),6,U+706F
炡,정,정 : 데칠(정) 불번쩍거릴(정),정 : 데칠(정) 불번 쩍거릴(정),9,U+70A1
玎,정,정 : 옥소리(정),"경,우,쟁",6,U+738E
珵,정,정 : 패옥(정) 노리개(정),리,11,U+73F5
珽,정,정 : 옥홀(정),"반,연",11,U+73FD
町,정,정 : 밭두둑(정),,7,U+753A
疔,정,정 : 정(정),,7,U+7594
盯,정,정 : 똑바로볼(정),,7,U+76EF
眐,정,정 : 홀로볼(정),,10,U+7710
睛,정,정 : 눈알(정),청,13,U+775B
矴,정,정 : 닻(정),,7,U+77F4
碇,정,정 : 닻(정),,13,U+7887
碠,정,정 : 돌정자(정),,14,U+78A0
禎,정,정 : 상서(정),,14,U+798E
程,정,정 : 한도(정),,12,U+7A0B
穽,정,정 : 함정(정) 구덩이(정),영,9,U+7A7D
竫,정,정 : 조용할(정),,13,U+7AEB
筳,정,정 : 가는대(정),연,13,U+7B73
精,정,정 : 자세할(정),,14,U+7CBE
綎,정,정 : 띠술(정),,13,U+7D8E
聙,정,정 : 듣기잘할(정)  귀밝을(정),,14,U+8059
艇,정,정 : 거룻배(정),,13,U+8247
莛,정,정 : 풀줄기(정),연,13,U+839B
葶,정,정 : 꽃다지(정),,15,U+8476
訂,정,정 : 바로잡을(정),,9,U+8A02
証,정,정 : 증명할(정),"주,증 : 증명할(증)",12,U+8A3C
諚,정,정 : 분부할(정),범,15,U+8ADA
諪,정,정 : 조정할(정),,16,U+8AEA
貞,정,정 : 곧을(정),,9,U+8C9E
赬,정,정 : 붉을(정),,16,U+8D6C
遉,정,정 : 염탐할(정),,13,U+9049
鄭,정,정 : 정나라(정),,15,U+912D
酊,정,정 : 술취할(정),,9,U+914A
酲,정,정 : 숙취(정),,14,U+9172
釘,정,정 : 못(정) 박을(정),,10,U+91D8
鉦,정,정 : 징(정),지,13,U+9266
鋌,정,정 : 광석(정) 달릴(정) 동철(정) 없어질(정),정 : 광석(정) 달릴 (정) 동철(정)  없어질(정),15,U+92CC
鋥,정,정 : 칼날세울(정),,15,U+92E5
錠,정,정 : 대(정) 신설로(정) 정제(정),정 : 대(정) 신설로 (정) 정제(정),16,U+9320
阷,정,정 : 언덕(정),,8,U+9637
霆,정,정 : 천둥소(정),,15,U+9706
靖,정,정 : 편안할(정),청,13,U+9756
靘,정,정 : 치장환히할(정),,14,U+9758
静,정,정 : 靜(조용할(정)의 略字,정 : 靜(조용할(정) 의 略字,14,U+9759
靚,정,정 : 단장할(정),,15,U+975A
靜,정,정 : 조용할(정),,16,U+975C
頂,정,정 : 이마(정) 꼭대기(정),정 : 이마(정) 꼭대 기(정),11,U+9802
頲,정,정: 바를(정),,16,U+9832
顁,정,정 : 이마(정),,17,U+9841
鴊,정,정 : 매(정),,16,U+9D0A
鼎,정,정 : 솥(정),,13,U+9F0E
𩓞,정,정,"유,장",17,U+294DE
򠄆,정,정,,14,U+A0106
򠈖,정,정 : 맑을(정),,20,U+A0216
󱃣,정,정,,11,U+F10E3
婧,"정,청","정,청 : 가냘플(청)",,11,U+5A67
俤,제,제 : 사람이름(제),,9,U+4FE4
偙,제,제: 곤할(제) 못생길(제) 영특할(제),제: 곤할(제) 못생 길(제) 영특할(제),11,U+5059
僀,제,제,,13,U+50C0
儕,제,제 : 무리(제),,16,U+5115
制,제,제 : 정할(제)   금할(제)   법(제),재,8,U+5236
劑,제,제 : 약제(제),,16,U+5291
啼,제,제 : 울(제),,12,U+557C
堤,제,제 : 둑(제),"시,식",12,U+5824
姼,제,제: 예쁠(제),"시, 재, 치: 죽은어머니(시) 경망할(치)",9,U+59FC
娣,제,제 : 손아래누이(제) 손아래동서(제),재,10,U+5A23
帝,제,제 : 임금(제),재,9,U+5E1D
弟,제,제 : 아우(제),,7,U+5F1F
悌,제,제 : 화락할(제),재,10,U+608C
提,제,제 : 들(제),"리,시 : 보리수(리)(불교한 자음)",12,U+63D0
擠,제,제 : 밀칠(제) 떨어질(제),,17,U+64E0
梯,제,제 : 사닥다리(제),재 : 사닥다리(제),11,U+68AF
淛,제,제 : 강이름(제),"재,절 : 강이름(절)",11,U+6DDB
済,제,제 : 구할(제)의 속자,제 : 구할(제)의 속 자,11,U+6E08
渧,제,제 : 물방울(제),재,12,U+6E27
漈,제,제 : 물가(제),,14,U+6F08
濟,제,제 : 건질(제) 건널(제),제 : 건질(제) 건널 (제),17,U+6FDF
猘,제,제 : 미친개(제),,11,U+7318
瑅,제,제 : 옥이름(제),"시,식,재",13,U+7445
睇,제,제 : 흘끗볼(제),,12,U+7747
稊,제,제 : 돌피(제) 싹(제),,12,U+7A0A
第,제,제 : 차례(제) 집(제) 다만(제),,11,U+7B2C
緹,제,제 : 붉은빛(제)  명주(제),시,15,U+7DF9
臍,제,제 : 배꼽(제),,18,U+81CD
苐,제,제,,11,U+82D0
薺,제,제 : 냉이(제),자,20,U+85BA
製,제,제 : 만들(제),,14,U+88FD
諸,제,제 : 모든(제),저 : 김치(저),16,U+8AF8
踶,제,제 : 찰(제) 굽(제),,16,U+8E36
蹄,제,제 : 굽(제),재,16,U+8E44
蹏,제,제 : 굽(제),,17,U+8E4F
躋,제,제 : 오를(제),재,21,U+8E8B
醍,제,제 : 맑은술(제),,16,U+918D
鍗,제,제 : 텔루륨기(제),,17,U+9357
除,제,제 : 섬돌(제) 덜(제) 나눌(제),,10,U+9664
隄,제,제 : 둑(제),,12,U+9684
際,제,제 : 사이(제),,14,U+969B
隮,제,제 : 오를(제) 구름 피어오를(제),,17,U+96AE
霽,제,제 : 갤(제),재 : 갤(제),22,U+973D
韲,제,제 : 양념할(제),,19,U+97F2
題,제,제 : 제목(제) 이마(제) 머리말(제) 문제(제) 글쓸(제) 평론할(제),제 : 제목(제) 이마 (제) 머리말(제)  문제(제) 글쓸(제) 평론할(제),18,U+984C
鮧,제,제 : 참자젓(제),이 : 참자젓(이),17,U+9BA7
鯷,제,제 : 멸치(제),,20,U+9BF7
齊,제,제 : 가지런할(제) 다스릴(제),재 : 상복아래단홀(자)   재계할(재),14,U+9F4A
򠇗,제,제,,20,U+A01D7
祭,"제,채","제,채 : 제사지낼(제)",,11,U+796D
㜖,조,조,아,14,U+3716
䢐,조,조,,9,U+4890
佻,조,조 : 경박할(조),도,8,U+4F7B
俎,조,조 : 도마(조),,9,U+4FCE
傮,조,조 : 마칠(조),,13,U+50AE
兆,조,조 : 조짐(조) 조(조),도,6,U+5146
凋,조,조 : 시들(조),,10,U+51CB
刁,조,조 : 조두(조),,2,U+5201
助,조,조 : 도울(조),,7,U+52A9
厝,조,조 : 둘(조),,10,U+539D
嘈,조,조 : 지껄일(조),,14,U+5608
嘲,조,조 : 비웃을(조),,15,U+5632
噪,조,조 : 떠들썩할(조),소,16,U+566A
奝,조,조 : 많을(조),주,11,U+595D
嬥,조,조 : 아리따울(조),소,17,U+5B25
嶆,조,조: 산속휑할(조),,14,U+5D86
弔,조,조 : 조상할(조) 서러울(조),조 : 조상할(조) 서 러울(조) 이를(적),4,U+5F14
彫,조,조 : 새길(조) 시들(조),조 : 새길(조) 시들 (조),11,U+5F6B
徂,조,조 : 갈(조),,8,U+5F82
懆,조,조 : 근심할(조),,16,U+61C6
找,조,조 : 찾을(조),"식,화",7,U+627E
措,조,조 : 놓을(조) 베풀(조) 처리할(조),석,11,U+63AA
操,조,조 : 부릴(조) 지조(조),조 : 부릴(조) 지조 (조),16,U+64CD
早,조,조 : 새벽(조) 일찍(조),조 : 새벽(조) 일찍 (조),6,U+65E9
晀,조,조 : 밝을(조),요,10,U+6640
晁,조,조 : 아침(조),,10,U+6641
曹,조,조 : 무리(조),,11,U+66F9
曺,조,조 : 성(조)(한국한자),조 : 성(조)(한국한 자),10,U+66FA
朝,조,조 : 아침(조) 조정(조) 왕조(조),조 : 아침(조) 조정 (조) 왕조(조),12,U+671D
條,조,조 : 가지(조) 조리(조),수,11,U+689D
棗,조,조 : 대추(조),초,12,U+68D7
槽,조,조 : 물통(조) 구유(조) 홈(조),조 : 물통(조) 구유 (조) 홈(조),15,U+69FD
殂,조,조 : 죽을(조),,9,U+6B82
漕,조,조 : 배저을(조) 뱃길(조),조 : 배저을(조) 뱃 길(조),14,U+6F15
潮,조,조 : 조수(조),한,15,U+6F6E
澡,조,조 : 씻을(조),,16,U+6FA1
照,조,조 : 비칠(조) 비출(조),"소,희",13,U+7167
燥,조,조 : 마를(조),,17,U+71E5
爪,조,조 : 손톱(조),,4,U+722A
珇,조,조 : 서옥머리수두룩할(조),,9,U+73C7
琱,조,조 : 새길(조),"도,주",12,U+7431
璪,조,조 : 면류관드림옥(조),,17,U+74AA
皁,조,조 : 검을(조) 구유(조),,7,U+7681
眺,조,조 : 바라볼(조),,11,U+773A
碉,조,조 : 돌집(조),주,13,U+7889
祖,조,조 : 할아버지(조) 선조(조),조 : 할아버지(조)  선조(조),10,U+7956
祚,조,조 : 복(조) 해(조) 자리(조),,10,U+795A
祧,조,조 : 천묘(조),,11,U+7967
租,조,조 : 빌(조) 세(조),,10,U+79DF
稠,조,조 : 빽빽할(조),주,13,U+7A20
窕,조,조 : 으늑할(조) 조용할(조),"도,요",11,U+7A95
竈,조,조 : 부엌(조) 부엌귀신(조),,21,U+7AC8
笊,조,조 : 조리(조),,10,U+7B0A
粗,조,조 : 거칠(조),,11,U+7C97
糙,조,조 : 현미(조),,17,U+7CD9
糟,조,조 : 지게미(조),,17,U+7CDF
糶,조,조 : 쌀팔(조),,25,U+7CF6
組,조,조 : 짤(조) 끈(조),,11,U+7D44
絛,조,조 : 끈(조),도,13,U+7D5B
絩,조,조 : 실수효(조) 색실(조),,12,U+7D69
繰,조,조 : 아청빛비단(조),소 : 켤(소),19,U+7E70
肇,조,조 : 비롯할(조),"경,도,소,초",14,U+8087
胙,조,조 : 제육(조),,9,U+80D9
臊,조,조 : 누릴(조) 기름(조),,17,U+81CA
艚,조,조 : 거룻배(조),,17,U+825A
蔦,조,조 : 담쟁이(조),"앵,초",17,U+8526
藻,조,조 : 조류(조),,22,U+85FB
蚤,조,조 : 벼룩(조) 일찍(조),조 : 벼룩(조) 일찍 (조),10,U+86A4
蜩,조,조 : 쓰르라미(조),,14,U+8729
覜,조,조 : 뵐(조) 조회(조),,13,U+899C
詔,조,조 : 조서(조) 가르칠(조),"소,연 : 소개(소)",12,U+8A54
誂,조,조 : 꾀할(조),,13,U+8A82
譟,조,조 : 떠들(조) 떠뜰썩할(조),,20,U+8B5F
趙,조,조 : 조나라(조),기,14,U+8D99
躁,조,조 : 성급할(조),,20,U+8E81
造,조,조 : 지을(조) 시작할(조),호,11,U+9020
遭,조,조 : 만날(조),,15,U+906D
鄵,조,조 : 땅이름(조),,16,U+9135
釣,조,조 : 낚시(조) 낚을(조) 구할(조),"금,도",11,U+91E3
鈟,조,조 : 낚시(조) 낚을(조) 구할(조),,12,U+921F
銚,조,조 : 가래(조),요 : 남비(요),14,U+929A
鋽,조,조 : 불리지않은쇠(조),탁,16,U+92FD
阻,조,조 : 막을(조) 험할(조),조 : 막을(조) 험할 (조),8,U+963B
雕,조,조 : 수리새(조) 샛길(조) 시(조),도,16,U+96D5
鯛,조,조 : 도미(조),,19,U+9BDB
鳥,조,조 : 새(조),,11,U+9CE5
鵰,조,조 : 수리새(조),,19,U+9D70
鼂,조,조 : 아침(조),,18,U+9F02
𠄬,조,조,,8,U+2012C
򠄏,조,조,,10,U+A010F
򠇘,조,조,,22,U+A01D8
󳑭,조,조,,10,U+F346D
昭,"조,소","조,소 : 밝을소(조)",,9,U+662D
啁,"조,주","조,주 : 울(조) 새소리(주)",,11,U+5541
調,"조,주","조,주: 고를(조) 아침(조) 맞을(주)",줄,15,U+8ABF
族,족,족 : 겨레(족) 무리(족),족 : 겨레(족) 무리 (족),11,U+65CF
瘯,족,족 : 진버짐(족) 옴(족),,16,U+762F
簇,족,족 : 모일(족) 떼(족),,17,U+7C07
足,족,족 : 발(족) 족할(족),주,7,U+8DB3
鏃,족,족 : 살촉(족),촉 : 살촉(족),19,U+93C3
存,존,존 : 있을(존) 살필(존),존 : 있을(존) 살필 (존),6,U+5B58
尊,존,존 : 높을(존),준,12,U+5C0A
拵,존,존 : 곶을(존) 지을(존),,9,U+62F5
卒,졸,졸 : 군사(졸) 하인(졸) 마칠(졸),졸 : 군사(졸) 하인 (졸) 마칠(졸),8,U+5352
拙,졸,졸 : 졸할(졸),,8,U+62D9
猝,졸,졸 : 갑작스러울(졸),,11,U+731D
㣭,종,종,,12,U+38ED
伀,종,종 : 두려울(종),공,6,U+4F00
倧,종,종 : 한배(종) 신인(종),종 : 한배(종) 신인 (종),10,U+5027
堹,종,종 : 연못둑(종),중 : 연못둑(종),12,U+5839
孮,종,종 : 자손번성할(종),,11,U+5B6E
宗,종,종 : 겨레(종) 갈래(종) 높일(종),종 : 겨레(종) 갈래 (종) 높일(종),8,U+5B97
嵏,종,종 : 산이름(종),,12,U+5D4F
嵷,종,종 : 산높을(종),송 : 뾰족한봉우리(송),14,U+5D77
嵸,종,종,송,14,U+5D78
徖,종,종 : 편안할(종),,11,U+5F96
從,종,종 : 좇을(종) 따를(종),종 : 좇을(종) 따를 (종),11,U+5F9E
悰,종,종 : 즐거울(종),,11,U+60B0
慒,종,종 : 생각할(종),조 : 심란할(조),14,U+6152
慫,종,종 : 놀랄(종),,15,U+616B
柊,종,종 : 박달목서(종),동,9,U+67CA
棕,종,종 : 종려나무(종),,12,U+68D5
椶,종,종 : 종려나무(종),,13,U+6936
樅,종,종 : 전나무(종),,15,U+6A05
淙,종,종 : 물소리(종),장,11,U+6DD9
炂,종,종 : 녹일(종) 끓일(종),,8,U+7082
煄,종,종 : 탈(종),"중,훈",13,U+7144
琮,종,종 : 옥홀(종),,12,U+742E
瑽,종,종 : 패옥소리(종),,15,U+747D
瘇,종,종 : 수중다리(종),,14,U+7607
種,종,종 : 씨(종) 심을(종),,14,U+7A2E
終,종,종 : 마칠(종),,11,U+7D42
綜,종,종 : 모을(종) 종사(종),종 : 모을(종) 종사 (종),14,U+7D9C
縱,종,종 : 세로(종) 비록(종) 방자할(종) 늘어질(종) 놓을(종),종 : 세로(종) 비록 (종) 방자할(종)  늘어질(종) 놓을 (종),17,U+7E31
腫,종,종 : 부스럼(종),,13,U+816B
螽,종,종 : 베짱이(종),,17,U+87BD
踪,종,종 : 자취(종),,15,U+8E2A
踵,종,종 : 발꿈치(종) 뒤밟을(종),종 : 발꿈치(종) 뒤 밟을(종),16,U+8E35
蹤,종,종 : 자취(종),,18,U+8E64
錝,종,종 : 쇠털(종),,16,U+931D
鍾,종,종 : 술잔(종) 쇠북(종),종 : 술잔(종) 쇠북 (종),17,U+937E
鐘,종,종 : 종(종),동,20,U+9418
鬷,종,종 : 가마(종) 많을(종),,19,U+9B37
褈,"종,중","종,중 : 거듭(종)",,15,U+8908
潨,"종,총","종,총 : 물모일(총) 물모일(종)",,15,U+6F68
佐,좌,좌 : 도울(좌),"사,우,자",7,U+4F50
剉,좌,좌 : 꺽일(좌) 저밀(좌) 부술(좌),,9,U+5249
坐,좌,좌 : 앉을(좌) 자리(좌),좌 : 앉을(좌) 자리 (좌),7,U+5750
左,좌,좌 : 왼(좌) 그를(좌) 증거(좌),,5,U+5DE6
座,좌,좌 : 자리(좌),,10,U+5EA7
挫,좌,좌 : 꺾을(좌),,10,U+632B
痤,좌,좌 : 부스럼(좌),,12,U+75E4
莝,좌,좌 : 여물(좌) 저밀(좌),,13,U+839D
髽,좌,좌 : 복머리(좌),,17,U+9AFD
罪,죄,죄 : 허물(죄),,13,U+7F6A
㫶,주,주: 내이름(주),"주,추",12,U+3AF6
䎻,주,주,,14,U+43BB
䛆,주,주,,12,U+46C6
䝬,주,주,준,12,U+476C
丟,주,주 : 잃어버릴(주),,6,U+4E1F
主,주,주 : 주인(주) 임금(주),주 : 주인(주) 임금 (주),5,U+4E3B
伷,주,주,유,7,U+4F37
住,주,주 : 머무를(주),,7,U+4F4F
侏,주,주 : 난장이(주),수,8,U+4F8F
侜,주,주 : 속일(주),,8,U+4F9C
做,주,주 : 만들(주) 제조할(주),고,11,U+505A
儔,주,주 : 무리(주),수,16,U+5114
冑,주,주 : 투구(주),"배,위,탁",9,U+5191
凑,주,주,,11,U+51D1
周,주,주 : 두루(주) 주나라(주),주 : 두루(주) 주나 라(주),8,U+5468
呪,주,주 : 방자할(주) 저주할(주),"항,형",8,U+546A
咮,주,주 : 부리(주),,9,U+54AE
嗾,주,주 : 추길(주),주 : 추길(수/주),14,U+55FE
奏,주,주 : 아뢸(주) 상소(주),진,9,U+594F
妵,주,주 : 사람이름(주) 예쁠(주),"두,유",8,U+59B5
姝,주,주 : 예쁠(주) 연약할(주),"매,수,질,희",9,U+59DD
婤,주,주 : 얼굴얌전할(주),,11,U+5A64
宙,주,주 : 때(주) 하늘(주),우,8,U+5B99
尌,주,주 : 세울(주)  아이종(주) 성(주),수,12,U+5C0C
州,주,주 : 고을(주),,6,U+5DDE
幬,주,주 : 휘장(주),도 : 휘장(도),17,U+5E6C
廚,주,주 : 부엌(주),수 : 부엌(주),15,U+5EDA
拄,주,주 : 버틸(주),,8,U+62C4
晝,주,주 : 낮(주),,11,U+665D
晭,주,주,,12,U+666D
朱,주,주 : 붉을(주) 붉은빛(주),주 : 붉을(주) 붉은 빛(주),6,U+6731
柱,주,주 : 기둥(주),수,9,U+67F1
株,주,주 : 그루(주),,10,U+682A
椆,주,주: 내이름(주),,12,U+6906
楱,주,주 : 작은귤(주),,13,U+6971
注,주,주 : 부을(주) 모일(주) 주(주),주 : 부을(주) 모일 (주) 주(주),8,U+6CE8
洀,주,주 : 물놀이칠㈜,반 : 서릴(반),9,U+6D00
洲,주,주 : 뭍(주) 모래톱(주),주 : 뭍(주) 모래톱 (주),9,U+6D32
淍,주,주 : 물돌릴(주),"윤,조",11,U+6DCD
澍,주,주 : 적실(주),"두,수",15,U+6F8D
炷,주,주 : 심지(주),,9,U+70B7
燽,주,주 : 밝을(주) 드러날(주),"도,수",18,U+71FD
珘,주,주: 구슬(주),,10,U+73D8
珠,주,주 : 구슬(주),수,10,U+73E0
疇,주,주 : 무리(주) 밭(주),"도,두,수",19,U+7587
皗,주,주,,13,U+7697
睭,주,주,"채,추 : 깊을(추)",13,U+776D
硃,주,주 : 주사(주),수,11,U+7843
籌,주,주 : 산가지(주),수,20,U+7C4C
籒,주,주 : 주문( 주 ),,21,U+7C52
粙,주,주 : 벼알들(주),유,11,U+7C99
紂,주,주 : 낑거리끈(주) 주임금(주),주 : 낑거리끈(주)  주임금(주),9,U+7D02
紬,주,주 : 명주(주) 자을(주) 뽑을(주),유,11,U+7D2C
紸,주,주: 이을(주),,11,U+7D38
絑,주,주 : 붉은비단(주),,12,U+7D51
綢,주,주 : 얽을(주) 빽빽할(주) 비단(주),도,14,U+7DA2
胄,주,주 : 투구(주 ),,9,U+80C4
腠,주,주 : 살결(주),,13,U+8160
舟,주,주 : 배(주),,6,U+821F
蔟,주,주 : 태주(주) 정월(주),족 : 섶(족),17,U+851F
蛀,주,주 : 나무굼벵이(주),,11,U+86C0
蛛,주,주 : 거미(주),,12,U+86DB
裯,주,주 : 홑이불(주) ,,14,U+88EF
註,주,주 : 주(주) 적을(주),,12,U+8A3B
詋,주,주 : 방자할(주) 저주할(주),,12,U+8A4B
誅,주,주 : 벨(주) 책할(주),,13,U+8A85
賙,주,주 : 진휼할(주),,15,U+8CD9
走,주,주 : 달릴(주) 달아날(주),"기,시",7,U+8D70
趎,주,주 : 사람의이름(주),추,13,U+8D8E
躊,주,주 : 머뭇거릴(주),,21,U+8E8A
輈,주,주 : 끌채(주) 굳셀(주),,13,U+8F08
輖,주,주 : 낮을(주) 짐무거울(주),,15,U+8F16
輳,주,주 : 모일(주),진,16,U+8F33
逎,주,주,,11,U+900E
週,주,주 : 둘레(주) 일주(주),주 : 둘레(주) 일주 (주),12,U+9031
遒,주,주 : 다할(주),유,13,U+9052
邾,주,주 : 나라이름(주),,9,U+90BE
酎,주,주 : 전국술(주) 주금(주),주 : 전국술(주) 주 금(주),10,U+914E
酒,주,주 : 술(주),선,10,U+9152
鉒,주,주 : 쇳돌(주) 함돌(주),주 : 쇳돌(주) 함돌 (주),13,U+9252
銂,주,주 : 금칼(주),,14,U+9282
鑄,주,주 : 부어만들(주),수,22,U+9444
霌,주,주 : 장마(주),,16,U+970C
霔,주,주 : 비오래내릴(주),,16,U+9714
駐,주,주 : 머무를(주),,15,U+99D0
麈,주,주 : 고라니(주),,16,U+9E88
鼄,주,주 : 거미(주),,19,U+9F04
򠈺,주,주,,21,U+A023A
竹,죽,죽 : 대(죽),,6,U+7AF9
粥,죽,죽 : 죽(죽),육 : 팔(육),12,U+7CA5
䞭,준,준,,14,U+47AD
俊,준,준 : 뛰어날(준),,9,U+4FCA
偆,준,준 : 선모양(준)  사람이름(준),춘,11,U+5046
僔,준,준 : 공경할(준),,14,U+50D4
儁,준,준 : 준걸(준) 훌륭할(준),준 : 준걸(준) 훌륭 할(준),15,U+5101
准,준,준 : 비준할(준) 윤허할(준),"리,아",10,U+51C6
凖,준,준 : 準(법도(준))의 俗字,준 : 準(법도(준)) 의 俗字,12,U+51D6
埈,준,준 : 높을(준),"사,애",10,U+57C8
埻,준,준 : 과녁(준),"대,돈,순",11,U+57FB
墫,준,준 : 춤너풀거려출(준),,15,U+58AB
夋,준,준 : 갈(준),,7,U+590B
寯,준,준 : 준걸(준),,16,U+5BEF
峻,준,준 : 높을(준),,10,U+5CFB
嶟,준,준 : 산우뚝솟을(준),,15,U+5D9F
惷,준,준 : 어리석을 (준)(蠢과 동자),"용,춘 : (蠢과 동자)",13,U+60F7
懏,준,준: 민첩할(준),,16,U+61CF
捘,준,준 : 밀칠(준),,10,U+6358
撙,준,준 : 모일(준),,15,U+6499
晙,준,준 : 밝을(준) 이를(준),준 : 밝을(준) 이를 (준),11,U+6659
樽,준,준 : 술그릇(준),존,16,U+6A3D
浚,준,준 : 깊을(준) 빼앗을(준),준 : 깊을(준) 빼앗 을(준),10,U+6D5A
準,준,준 : 법도(준),,13,U+6E96
濬,준,준 : 깊을(준) 빼앗을(준),준 : 깊을(준) 빼앗 을(준),17,U+6FEC
焌,준,준 : 구울(준),,11,U+710C
畯,준,준 : 농부(준) 권농관(준),준 : 농부(준) 권농 관(준),12,U+756F
皴,준,준: 틀(준) 준법(준),,12,U+76B4
睃,준,준 : 흘겨볼(준),사 : 흘겨볼(사),12,U+7743
稕,준,준 : 짚단(준),,13,U+7A15
竣,준,준 : 끝날(준),,12,U+7AE3
竴,준,준 : 기뻐할(준),,17,U+7AF4
綧,준,준 : 피륙넓이(준) 포백넓이(준),순,14,U+7DA7
罇,준,준 : 술그릇(준),,18,U+7F47
葰,준,준:클(준),"사,유",13,U+8470
蠢,준,준 : 꿈틀거릴(준) 어리석을(준),준 : 꿈틀거릴(준)  어리석을(준),21,U+8822
賐,준,준,순 : 늘(순) 더할(순),14,U+8CD0
踆,준,준 : 마칠(준) 찰(준) 쭈그리고앉을(준),,14,U+8E06
蹲,준,준 : 쭈그릴(준),,19,U+8E72
迿,준,준 : 먼저(준),,10,U+8FFF
逡,준,준 : 머뭇거릴(준),,11,U+9021
遵,준,준 : 좇을(준) 따라갈(준),준 : 좇을(준) 따라 갈(준),16,U+9075
鐏,준,준: 창고달(준),존,20,U+940F
陖,준,준 : 가파를(준),,10,U+9656
隼,준,준 : 송골매(준),집,10,U+96BC
餕,준,준 : 대궁(준),산,16,U+9915
駿,준,준 : 준마(준) 뛰어날(준) 빠를(준) 험할(준),형,17,U+99FF
鱒,준,준 : 송어(준),,23,U+9C52
鵔,준,준 : 새이름(준),,18,U+9D54
𢓭,준,준,,10,U+224ED
𨶊,준,준,,18,U+28D8A
򠈡,준,준,사,13,U+A0221
乼,줄,줄 : 음역자(줄),"둘,출",9,U+4E7C
茁,줄,줄 : 땅이름(줄),"술,촬,출",11,U+8301
򠇙,줄,줄,,11,U+A01D9
中,중,중 : 가운데(중),,4,U+4E2D
仲,중,중 : 버금(중) 가운데(중),중 : 버금(중) 가운 데(중),6,U+4EF2
眾,중,중 : 무리(중),,11,U+773E
緟,중,중,"종,훈 : 더할(종) 거듭할(종)",15,U+7DDF
衆,중,중 : 무리(중),,12,U+8846
重,중,중 : 무거울(중) 중할(중) 겹칠(중),중 : 무거울(중) 중 할(중) 겹칠(중),9,U+91CD
即,즉,즉 : 곧(즉(卽의 속자)),즉 : 곧(즉(卽의 속 자)),7,U+5373
卽,즉,즉 : 곧(즉),,9,U+537D
喞,즉,즉 : 물댈(즉) 벌레소리(즉),즐 : 물댈(즐) 벌레소리(즐),12,U+559E
櫛,즐,즐 : 빗(즐) 빗을(즐),,17,U+6ADB
騭,즐,즐 : 이룰(즐)  오를(즐) 정할(즐),질,20,U+9A2D
檝,즙,즙 : 노(즙),"접,집 : 노(집)",17,U+6A9D
汁,즙,즙 : 즙(즙),"습,집",5,U+6C41
葺,즙,즙 : 일(즙),"용,집,화",15,U+847A
蕺,즙,즙 : 삼백초(즙),,19,U+857A
򠇚,즙,즙,,15,U+A01DA
楫,"즙,집","즙,집 : 노(즙/집)",,13,U+696B
濈,"즙,집","즙,집 : 화할(즙) 빨리흐를(즙)",,16,U+6FC8
增,증,증 : 불을(증) 늘(증),,15,U+589E
嶒,증,증 : 험할(증),,15,U+5D92
憎,증,증 : 미워할(증),승,15,U+618E
拯,증,증 : 건질(증),승,9,U+62EF
曾,증,증 : 거듭할(증) 일찍(증),증 : 거듭할(증) 일 찍(증),12,U+66FE
烝,증,증 : 김오를(증),"승,정 : 김오를(증)",10,U+70DD
甑,증,증 : 시루(증),,17,U+7511
症,증,증 : 증세(증),,10,U+75C7
矰,증,증 : 주살(증),,17,U+77F0
繒,증,증 : 비단(증),,18,U+7E52
罾,증,증 : 그물(증),,17,U+7F7E
蒸,증,증 : 찔(증),승,16,U+84B8
證,증,증 : 증명(증),등,19,U+8B49
贈,증,증 : 줄(증) 더할(증),,19,U+8D08
鄫,증,증 : 나라이름(증),,15,U+912B
򠇛,증,증,,16,U+A01DB
㩼,지,지,"기,다",10,U+3A7C
之,지,지 : 갈(지) 이를(지),백,4,U+4E4B
劧,지,지: 공이굳을(지),,6,U+52A7
厎,지,지 : 이를(지) 정할(지),지 : 이를(지) 정할 (지),7,U+538E
只,지,지 : 다만(지),이,5,U+53EA
吱,지,지 : 삐꺽소리날(지),,7,U+5431
咫,지,지 : 여덟치(지),,9,U+54AB
地,지,지 : 땅(지) 지위(지) 어조사(지),,6,U+5730
址,지,지 : 터(지),,7,U+5740
坁,지,지: 머무를(지),,7,U+5741
坻,지,지 : 작은섬(지),저 : 땅이름(저),8,U+577B
墀,지,지 : 지대뜰(지),,14,U+5880
志,지,지 : 뜻(지) 기억할(지),지 : 뜻(지) 기억할 (지),7,U+5FD7
扺,지,지 : 칠(지),,7,U+627A
持,지,지 : 가질(지),시,9,U+6301
指,지,지 : 손발가락(지) 가리킬(지),지 : 손발가락(지)  가리킬(지),9,U+6307
搘,지,지: 버틸(지),,13,U+6418
摯,지,지 : 지극할(지),"집,체",15,U+646F
支,지,지 : 가지(지),,4,U+652F
旨,지,지 : 뜻(지) 맛있을(지),지 : 뜻(지) 맛있을 (지),6,U+65E8
智,지,지 : 슬기(지) 슬기로울(지),지 : 슬기(지) 슬기 로울(지),12,U+667A
杫,지,지 : 도마(지),질,8,U+676B
枝,지,지 : 가지(지) 흩어질(지),기 : 육손이(기),8,U+679D
枳,지,지 : 탱자나무(지),기,9,U+67B3
榰,지,지 : 주추(지) 버틸(지),,14,U+69B0
止,지,지 : 그칠(지),,4,U+6B62
池,지,지 : 못(지),타,6,U+6C60
汥,지,지 : 물나뉘어 흐를(지),"기,유",7,U+6C65
汦,지,지 : 물이름(지),,7,U+6C66
沚,지,지 : 물가(지),,7,U+6C9A
泜,지,지 : 물이름(지),치 : 물이름(치),8,U+6CDC
洔,지,지 : 작은모래톱(지),휘,9,U+6D14
漬,지,지 : 담글(지) 물들(지),지 : 담글(지) 물들 (지),14,U+6F2C
潪,지,지 : 땅젖을(지),,15,U+6F6A
痣,지,지 : 사마귀(지),,12,U+75E3
知,지,지 : 알(지),,8,U+77E5
砥,지,지 : 숫돌(지) 갈(지),,10,U+7825
祉,지,지 : 복(지),,9,U+7949
祗,지,지 : 공경할(지),기,10,U+7957
秖,지,지 : 햇곡(지) 다만(지),,9,U+79D6
秪,지,지 : 마침(지) 다만(지),기,10,U+79EA
篪,지,지 : 저(지),,16,U+7BEA
紙,지,지 : 종이(지),,10,U+7D19
肢,지,지 : 팔다리(지),,8,U+80A2
脂,지,지 : 비계(지) 연지(지),지 : 비계(지) 연지 (지),10,U+8102
至,지,지 : 이를(지) 지극히(지),"도,치",6,U+81F3
臸,지,지,"일,진 : 나아갈(진) 이를(일)",12,U+81F8
舐,지,지 : 핥을(지),,10,U+8210
芝,지,지 : 영지(지),운,10,U+829D
芷,지,지 : 어수리(지),,10,U+82B7
蜘,지,지 : 거미(지),,14,U+8718
衹,지,지 : 마침(지) 다만(지),기 : 중옷(기),10,U+8879
衼,지,지 : 가사(지),,10,U+887C
覟,지,지 : 자세히볼(지),,14,U+899F
觗,지,지: 합할(지) 만날(지),지: 합할(지) 만날 (지),11,U+89D7
誌,지,지 : 욀(지) 기록(지) 표(지),,14,U+8A8C
贄,지,지 : 폐백(지),,18,U+8D04
趾,지,지 : 발(지),,11,U+8DBE
踟,지,지 : 머뭇거릴(지),,15,U+8E1F
躓,지,지 : 넘어질(지),질 : 넘어질(질),22,U+8E93
軹,지,지 : 바퀴굴대끝(지)  고을이름(지),,12,U+8EF9
遲,지,지 : 더딜(지),,16,U+9072
鋕,지,지 : 새길(지),,15,U+92D5
阯,지,지 : 터(지),,7,U+962F
馶,지,지 : 셀(지),기 : 굳셀(기)  셀(기) 말병(시),14,U+99B6
鮨,지,지 : 젓(지),,17,U+9BA8
鳷,지,지 : 까치(지),,15,U+9CF7
鷙,지,지 : 맹금(지) 칠(지) 굳셀(지),,22,U+9DD9
𥎵,지,지,,10,U+253B5
𥏾,지,지,,16,U+253FE
򠇜,지,지,,9,U+A01DC
򠇝,지,지,,10,U+A01DD
򠈛,지,지,,10,U+A021B
󳒶,지,지,,9,U+F34B6
直,직,직 : 곧을(직) 바로잡을(직),"식,혜",8,U+76F4
禝,직,직 : 피(직) ,,15,U+799D
稙,직,직 : 올벼(직),식,13,U+7A19
稷,직,직 : 기장(직),,15,U+7A37
織,직,직 : 짤(직),"식,지",18,U+7E54
職,직,직 : 구실(직),,18,U+8077
㲀,진,진,신,11,U+3C80
䂦,진,진,수,10,U+40A6
䑐,진,진,"소,신,현",11,U+4450
䳲,진,진,,21,U+4CF2
侲,진,진 : 아이초라니(진),탁,9,U+4FB2
儘,진,진 : 다할(진),,16,U+5118
唇,진,진 : 놀랄(진),순 : 입술(순)(脣의   속자),10,U+5507
嗔,진,진 : 성낼(진),,13,U+55D4
塵,진,진 : 먼지(진),주,14,U+5875
尽,진,진 : 盡(다할(진)) 의 略字,,6,U+5C3D
抮,진,진 : 휘어잡을(진),,8,U+62AE
振,진,진 : 떨칠(진) 움직일(진),진 : 떨칠(진) 움직 일(진),10,U+632F
搢,진,진 : 꽂을(진),,13,U+6422
搸,진,진 : 모을(진),,13,U+6438
敐,진,진 : 즐거워할(진),,11,U+6550
敒,진,진: 다스릴(진),신: 다스릴(신) 돌이킬(신),11,U+6552
敶,진,진,,15,U+6576
昣,진,진 : 밝을(진),"신,유",9,U+6623
晉,진,진 : 나아갈(진) 진나라(진),진 : 나아갈(진) 진 나라(진),10,U+6649
晋,진,진 : 나아갈(진) 진나라(진)(晉의 속자),보,10,U+664B
枃,진,진 : 바디(진) 사침대(진),진 : 바디(진) 사침 대(진),8,U+6783
桭,진,진 : 평고대(진) 대청(진),진 : 평고대(진) 대 청(진),11,U+686D
榛,진,진 : 개암나무(진) 덤불(진),진 : 개암나무(진)  덤불(진),14,U+699B
槇,진,진 : 나무끝(전) 넘어진나무(전),"전,정 : 나무끝(전) 넘어진나무(전)",14,U+69C7
殄,진,진 : 끊어질(진) 앓을(진),진 : 끊어질(진) 앓 을(진),9,U+6B84
津,진,진 : 나루(진),"건,률,율",9,U+6D25
溍,진,진 : 물이름(진),,13,U+6E8D
溱,진,진 : 많을(진) 물이름(진),,13,U+6EB1
珍,진,진 : 보배(진),서,9,U+73CD
珎,진,진 : 보배(진) 귀중 할(진(珍))의 속 자,,9,U+73CE
珒,진,진 : 옥이름(진),,10,U+73D2
瑨,진,진 : 옥돌(진),,14,U+7468
瑱,진,진 : 귀막이옥(진) 옥(진),전 : 귀막이옥(전/진)   옥(전/진),14,U+7471
璡,진,진 : 옥돌(진),,16,U+74A1
畛,진,진 : 두둑(진) 지경(진),진 : 두둑(진) 지경 (진),10,U+755B
疹,진,진 : 홍역(진) 앓을(진),진 : 홍역(진) 앓을 (진),10,U+75B9
盡,진,진 : 다할(진),,14,U+76E1
眕,진,진 : 한껏볼(진) 진중할(진),,10,U+7715
眞,진,진 : 참(진),,10,U+771E
真,진,진 : 참(진),,10,U+771F
眹,진,진: 눈동자(진) 빌미(진),진: 눈동자(진) 빌 미(진),11,U+7739
瞋,진,진 : 부릅뜰(진),,15,U+778B
禛,진,진 : 복받을(진),,15,U+799B
秦,진,진 : 진나라(진),주,10,U+79E6
稹,진,진 : 모일(진)  고울(진),목,15,U+7A39
紾,진,진 : 비틀(진) 돌릴(진),,11,U+7D3E
縉,진,진 : 분홍빛(진),,16,U+7E09
縝,진,진 : 고울(진) 빽빽할(진),진 : 고울(진) 빽빽 할(진),16,U+7E1D
聄,진,진 : 고할(진) 들을(진),,11,U+8044
胗,진,진 : 새밥통(진) 순종(진),,9,U+80D7
臻,진,진 : 이를(진),주,16,U+81FB
蓁,진,진 : 숲(진) 우거질(진),진 : 숲(진) 우거질 (진),16,U+84C1
蔯,진,진 : 인진(진) 쑥이름(진),진 : 인진(진) 쑥이 름(진),17,U+852F
螴,진,진 : 벌레굼실거릴(진) 기운정치못할(진),,17,U+87B4
袗,진,진 : 홑옷(진),,11,U+8897
裖,진,진 : 고운옷(진),,13,U+88D6
診,진,진 : 볼(진) 점칠(진),,12,U+8A3A
誫,진,진 : 움직일(진),신,14,U+8AAB
賑,진,진 : 넉넉할(진) 구휼할(진),진 : 넉넉할(진) 구 휼할(진),14,U+8CD1
趁,진,진 : 쫓을(진),,12,U+8D81
軫,진,진 : 수레뒤턱나무(진) 굽을(진) 마음아파할(진),진 : 수레뒤턱나무(진) 굽을(진) 마음 아파할(진),12,U+8EEB
轃,진,진 : 이를(진),주,17,U+8F43
進,진,진 : 나아갈(진),,12,U+9032
鉁,진,진 : 보배(진),,13,U+9241
鎭,진,진 : 진정할(진) 누를(진) 진영(진),진 : 진정할(진) 누 를(진) 진영(진),18,U+93AD
陣,진,진 : 진(진) 한바탕(진),진 : 진(진) 한바탕 (진),10,U+9663
陳,진,진 : 늘어놓을(진),,11,U+9673
震,진,진 : 진괘(진) 떨칠(진),진 : 진괘(진) 떨칠 (진),15,U+9707
靕,진,진,정,13,U+9755
鬒,진,진 : 숱많고검을(진),,20,U+9B12
𤨁,진,진,,15,U+24A01
򠇞,진,진,,17,U+A01DE
򠈢,진,진,,16,U+A0222
󱋾,진,진,,15,U+F12FE
󲦊,진,진,,13,U+F298A
侄,질,질 : 굳을(질) 어리석을(질),"도,지",8,U+4F84
叱,질,질 : 꾸짖을(질),"새,즐,화",5,U+53F1
垤,질,질 : 개밋둑(질),지,9,U+57A4
姪,질,질 : 조카(질),지,9,U+59EA
嫉,질,질 : 시새움할(질),,13,U+5AC9
帙,질,질 : 책갑(질) 책(질),,8,U+5E19
晊,질,질 : 클(질) 밝을(질),"지,진",10,U+664A
桎,질,질 : 차꼬(질),지,10,U+684E
瓆,질,질 : 사람이름(질),경,19,U+74C6
疾,질,질 : 병(질),,10,U+75BE
秩,질,질 : 차례(질) 십년(질) 녹(질),애,10,U+79E9
窒,질,질 : 막을(질) 막힐(질),질 : 막을(질) 막힐 (질),11,U+7A92
絰,질,질 : 질(질),경,12,U+7D70
膣,질,질 : 보지(질),,15,U+81A3
蒺,질,질 : 납가새(질),,16,U+84BA
蛭,질,질 : 거머리(질),,12,U+86ED
質,질,질 : 모양(질) 바탕(질) 바를(질),질 : 모양(질) 바탕 (질) 바를(질)  이룰(지) 폐백(지),15,U+8CEA
跌,질,질 : 넘어질(질),,12,U+8DCC
迭,질,질 : 번갈아(질) 갈마들(질),질 : 번갈아(질) 갈 마들(질),9,U+8FED
郅,질,질 : 고을이름(질)  이를(질),,9,U+90C5
鑕,질,질 : 모탕(질),,23,U+9455
斟,짐,짐 : 술따를(짐) 짐작할(짐),짐 : 술따를(짐) 짐 작할(짐),13,U+659F
朕,짐,짐 : 나(짐) 조짐(짐),,10,U+6715
鴆,짐,짐 : 짐새(짐) ,,15,U+9D06
㙫,집,집,,15,U+366B
卙,집,집 : 모일(집),,11,U+5359
咠,집,집 : 참소할(집)  귓속말할(집),용,9,U+54A0
執,집,집 : 잡을(집),"숙,열",11,U+57F7
戢,집,집 : 거둘(집),,13,U+6222
潗,집,집 : 샘날(집) 물끓을(집),준,15,U+6F57
緝,집,집,"연,즙 : 이을(즙)   지을(즙)   잡을(즙)   화합할(즙)",15,U+7DDD
輯,집,집 : 모을(집) 화목할(집) 걷을(집) 편집(집),즙,16,U+8F2F
鏶,집,집 : 쇳조각(집),,20,U+93F6
集,집,집 : 모일(집),,12,U+96C6
򠈭,집,집 : 샘솟을(집),,16,U+A022D
徵,징,징 : 부를(징),"증,치  : 음률이름(치)",15,U+5FB5
懲,징,징 : 징계할(징),,19,U+61F2
澂,징,징 : 맑을(징),증,15,U+6F82
澄,징,징 : 맑을(징),"등,정,증 : 가라앉힐(등)",15,U+6F84
瀓,징,징 : 맑을(징),증,18,U+7013
癥,징,징 : 적취(징),,20,U+7665
瞪,징,징 : 눈똑바로뜨고볼(징),,17,U+77AA
䣜,차,차,,14,U+48DC
且,차,차 : 또(차),"저,조",5,U+4E14
佽,차,차 : 도울(차) 나란할(차),,8,U+4F7D
侘,차,차 : 낙망할(차),택,8,U+4F98
借,차,차 : 빌(차) 빌릴(차),석,10,U+501F
叉,차,차 : 양갈래(차) 찌를(차) 막힐(차),채,3,U+53C9
嗟,차,차 : 탄식할(차) 감탄할(차),차 : 탄식할(차) 감 탄할(차),13,U+55DF
姹,차,차 : 아리따울(차),"타,택",9,U+59F9
岔,차,차 : 산길나뉠(차),,7,U+5C94
嵯,차,차 : 우뚝솟을(차),치,13,U+5D6F
差,차,차 : 틀릴(차),차 : 틀릴(차) 들쑥 날쑥할(치),10,U+5DEE
徣,차,차 : 빌릴(차),,11,U+5FA3
扠,차,차 : 집을(차) 찌를(차),,6,U+6260
挓,차,차 : 벌릴(차),"타,탁,택",9,U+6313
槎,차,차 : 뗏목(차),사: 엇찍을(사),14,U+69CE
次,차,차 : 차례(차) 머무를(차),자,6,U+6B21
此,차,차 : 이(차),비,6,U+6B64
瑳,차,차 : 고울(차) 웃을(차),치,14,U+7473
硨,차,차 : 옥돌차(차),찬,12,U+7868
磋,차,차 : 갈(차),,15,U+78CB
箚,차,차 : 찌를(차) 이를(차) 차자(차),차 : 찌를(차) 이를 (차) 차자(차),14,U+7B9A
蹉,차,차 : 넘어질(차) 지날(차),차 : 넘어질(차) 지 날(차),17,U+8E49
遮,차,차 : 가릴(차) 막을(차),찬,15,U+906E
鎈,차,차 : 돈(차) 금빛(차),,18,U+9388
鹺,차,차: 짤(차),자,21,U+9E7A
戳,착,착 : 찌를(착)  도장(착),,18,U+6233
捉,착,착 : 잡을(착),,10,U+6349
搾,착,착 : 짤(착),,13,U+643E
擉,착,착 : 꽂을(착),독,16,U+64C9
斲,착,착 : 깎을(착),,14,U+65B2
着,착,착,저 : 나타날(저),11,U+7740
窄,착,착 : 좁을(착),,10,U+7A84
錯,착,착 : 꾸밀(착) 줄(착) 숫돌(착) )의그릇할(착) 섞일(착),"석,조 : 둘(조)",16,U+932F
鑿,착,착 : 끌(착) 팔(착) 뚫을(착),착 : 끌(착) 팔(착) 뚫을(착) 구멍 (조),27,U+947F
齪,착,착 : 악착할(착),,22,U+9F6A
㜺,찬,찬,,22,U+373A
儧,찬,찬 : 모을(찬),,17,U+5127
儹,찬,찬 : 모을(찬),,21,U+5139
劗,찬,찬 : 벨(찬),,21,U+5297
巑,찬,찬 : 산쭝끗쭝끗할(찬),,22,U+5DD1
撰,찬,찬 : 지을(찬),"선,천 : 지을(찬)   가릴(선)",15,U+64B0
攛,찬,찬 : 던질(찬) 권할(찬),,21,U+651B
攢,찬,찬 : 모을(찬),,22,U+6522
欑,찬,찬 : 모을(찬),,23,U+6B11
澯,찬,찬 : 맑을(찬) 물출렁거릴(찬),찬 : 맑을(찬) 물출 렁거릴(찬),16,U+6FAF
灒,찬,찬 : 물튈(찬),,22,U+7052
燦,찬,찬 : 빛날(찬),,17,U+71E6
爨,찬,찬 : 부뚜막(찬),,29,U+7228
璨,찬,찬 : 옥빛찬란할(찬),,17,U+74A8
瓚,찬,찬 : 술그릇(찬),,23,U+74DA
穳,찬,찬 : 벼베어쌓을(찬),,22,U+7A73
竄,찬,찬 : 숨을(찬) 달아날(찬),찬 : 숨을(찬) 달아 날(찬),18,U+7AC4
篡,찬,찬 : 빼앗다(찬),찬 : 빼앗다,16,U+7BE1
簒,찬,찬 : 빼앗을(찬),,17,U+7C12
粲,찬,찬 : 고울(찬) 정미(찬),찬 : 고울(찬) 정미 (찬),13,U+7CB2
纂,찬,찬 : 모을(찬),,20,U+7E82
纘,찬,찬 : 이을(찬) 모을(찬),찬 : 이을(찬) 모을 (찬),25,U+7E98
讃,찬,찬 : 讚(기릴(찬)의 俗字,찬 : 讚(기릴(찬)의  俗字,22,U+8B83
讚,찬,찬 : 기릴(찬) 도울(찬) 문체이름(찬),찬 : 기릴(찬) 도울 (찬) 문체이름(찬),26,U+8B9A
賛,찬,찬 : 贊(도울(찬)의 俗字),순,15,U+8CDB
贊,찬,찬 : 도울(찬) 기릴(찬),찬 : 도울(찬) 기릴 (찬),19,U+8D0A
趲,찬,찬 : 달아날(찬),,26,U+8DB2
酇,찬,찬 : 마을(찬) 땅이름(찬),,22,U+9147
鑽,찬,찬 : 뚫을(찬) 빈형(찬) 끌(찬) 송곳(찬),찬 : 뚫을(찬) 빈형 (찬) 끌(찬) 송 곳(찬),27,U+947D
餐,찬,찬 : 먹을(찬) 음식(찬),찬 : 먹을(찬) 음식 (찬),16,U+9910
饌,찬,찬 : 반찬(찬) 밥(찬),,21,U+994C
刹,찰,찰 : 절(찰),,8,U+5239
察,찰,찰 : 살필(찰),,14,U+5BDF
扎,찰,찰 : 뺄(찰) 묶을(찰),,4,U+624E
擦,찰,찰 : 비빌(찰) 닦을(찰),찰 : 비빌(찰) 닦을 (찰),17,U+64E6
札,찰,찰 : 패(찰) 편지(찰),례,5,U+672D
紮,찰,찰 : 머무를(찰) 묶을(찰),찰 : 머무를(찰) 묶 을(찰),11,U+7D2E
㰫,참,참,,10,U+3C2B
僭,참,참 : 참람할(참),,14,U+50ED
儳,참,참 : 빠를(참),,19,U+5133
塹,참,참 : 해자(참) 팔(참),,14,U+5879
嶄,참,참 : 가파를(참),,14,U+5D84
巉,참,참 : 가파를(참),,20,U+5DC9
慘,참,참 : 슬플(참),,14,U+6158
慙,참,참 : 부끄러울(참),,15,U+6159
慚,참,참 : 부끄러울(참),,14,U+615A
憯,참,참 : 비통할(참),,15,U+61AF
懺,참,참 : 뉘우칠(참),,20,U+61FA
攙,참,참 : 찌를(참),,20,U+6519
斬,참,참 : 벨(참),진,11,U+65AC
旵,참,참 : 햇살비칠(참),"감,담,덤,듬,암",7,U+65F5
槧,참,참 : 분판(참) ,첨 : 편지(첨),15,U+69E7
欃,참,참 : 박달나무(참)  수통(참) 혜성(참),,21,U+6B03
毚,참,참 : 약은토끼(참),,17,U+6BDA
站,참,참 : 설(참) 역마을(참),점,10,U+7AD9
譖,참,참 : 참소할(참) 거짓(참),,19,U+8B56
讒,참,참 : 헐뜯을(참),,24,U+8B92
讖,참,참 : 비결(참),,24,U+8B96
鏨,참,참 : 새길(참),찬,19,U+93E8
鑱,참,참 : 침(참),,25,U+9471
饞,참,참 : 탐할(참),,26,U+995E
驂,참,참 : 곁말(참),삼,21,U+9A42
黲,참,참 : 검푸르죽죽할(참),,23,U+9EF2
倀,창,창 : 창귀(창),,10,U+5000
倉,창,창 : 곳집(창) 푸를(창),창 : 곳집(창) 푸를 (창),10,U+5009
倡,창,창 : 여광대(창) 부를(창),창 : 여광대(창) 부 를(창),10,U+5021
傖,창,창 : 시골뜨기(창),,12,U+5096
凔,창,창 : 찰(창),,12,U+51D4
刱,창,창 : 처음(창),,8,U+5231
創,창,창 : 비롯할(창) 다칠(창),창 : 비롯할(창) 다 칠(창),12,U+5275
唱,창,창 : 부를(창),정,11,U+5531
娼,창,창 : 노는계집(창),,11,U+5A3C
嵢,창,창 : 산형세(창),,13,U+5D62
廠,창,창 : 헛간(창),,15,U+5EE0
彰,창,창 : 밝을(창) 드러낼(창),장,14,U+5F70
悵,창,창 : 한탄할(창),장,11,U+60B5
惝,창,창 : 경황없을(창),,11,U+60DD
愴,창,창 : 슬퍼할(창),,13,U+6134
戧,창,창 : 거스를(창),,14,U+6227
搶,창,창 : 빼앗을(창) 부딪칠(창),,13,U+6436
敞,창,창 : 넓을(창),상,12,U+655E
昌,창,창 : 창성할(창),,8,U+660C
昶,창,창 : 해길(창) 화창할(창),영,9,U+6636
晿,창,창: 사람이름(창),정: 맑을(정),12,U+667F
暢,창,창 : 화창(창),,14,U+66A2
槍,창,창 : 창(창),,14,U+69CD
氅,창,창 : 새털옷(창),상,16,U+6C05
淌,창,창: 흐를(창),,11,U+6DCC
淐,창,창: 물이름(창),,11,U+6DD0
滄,창,창 : 큰바다(창) 찰(창),창 : 큰바다(창) 찰 (창),13,U+6EC4
漲,창,창 : 불을(창) 찰(창),장,14,U+6F32
猖,창,창 : 미칠(창),,11,U+7316
琩,창,창 : 귀막이옥(창) 귀고리(창),,12,U+7429
瑲,창,창 : 옥소리(창),"보,장,책",14,U+7472
畼,창,창 : 땅이름(창),,14,U+757C
瘡,창,창 : 부스럼(창),,15,U+7621
窓,창,창 : 창(창) 지게문(창),창 : 창(창) 지게문 (창),11,U+7A93
窗,창,창 : 창(창),,12,U+7A97
脹,창,창 : 배부를(창),장,12,U+8139
艙,창,창 : 선창(창),,16,U+8259
菖,창,창 : 창포(창),,14,U+83D6
蒼,창,창 : 푸를(창),,16,U+84BC
誯,창,창 : 唱(노래할(창)과 同字,,15,U+8AAF
蹌,창,창 : 비틀거릴(창)  춤출(창),,17,U+8E4C
鋹,창,창 : 예리할(창),"은,장,진",16,U+92F9
錩,창,창 : 그릇(창),,16,U+9329
閶,창,창 : 하늘문(창),,16,U+95B6
鬯,창,창 : 술이름(창),,10,U+9B2F
鶬,창,창 : 꾀꼬리(창) 재두루미(창),,21,U+9DAC
򠇠,창,창,,16,U+A01E0
򠇡,창,창,,14,U+A01E1
瑒,"창,탕","창,탕 : 옥기구(창) 옥찬(창)","서,석",13,U+7452
債,채,채 : 빚(채),,13,U+50B5
埰,채,채 : 무덤(채) 채지(채),호,11,U+57F0
婇,채,채 : 여자이름(채),,11,U+5A47
寀,채,채 : 벼슬(채) 채지(채),채 : 벼슬(채) 채지 (채),11,U+5BC0
寨,채,채 : 나무우리(채),,14,U+5BE8
彩,채,채 : 채색(채) 무늬(채) 비단(채),채 : 채색(채) 무늬 (채) 비단(채),11,U+5F69
採,채,채 : 캘(채) 딸(채) 가릴(채),,11,U+63A1
棌,채,채 : 참나무(채),,12,U+68CC
琗,채,채,"슬,신",12,U+7417
睬,채,채 : 주목할(채),,13,U+776C
砦,채,채 : 진터(채),,10,U+7826
綵,채,채 : 채색(채) 비단(채),연,14,U+7DB5
茝,채,채,,13,U+831D
菜,채,채 : 나물(채),"내,유",14,U+83DC
蔡,채,채 : 풀(채) 거북(채) 나라이름(채),살,17,U+8521
采,채,채 : 채색(채) 캘(채) 채지(채),,7,U+91C7
釵,채,채 : 비녀(차) 비녀(차),"서,차",11,U+91F5
򠇢,채,채,,14,U+A01E2
򠇣,채,채,,17,U+A01E3
責,"채,책","채,책 : 꾸짖을(책) 구할(책) 재촉할(책) 책임(책)","채,책 : 꾸짖을(책)  구할(책) 재촉할 (책) 책임(책)",11,U+8CAC
冊,책,책 : 책(책),,5,U+518A
册,책,책 : 책(책),산,5,U+518C
嘖,책,책 : 혀찰(책),,14,U+5616
幘,책,책 : 머리싸개(책),적,14,U+5E58
柵,책,책 : 담장(책),산,9,U+67F5
磔,책,책 : 찍을(책) 필법의하나(책),,15,U+78D4
笧,책,책 : 책(책),,11,U+7B27
策,책,책 : 꾀(책) 대쪽(책),,12,U+7B56
簀,책,책 : 대자리(책),,17,U+7C00
蚱,책,책 : 말매미(책)  벼메뚜기(책),자,11,U+86B1
凄,처,처 : 찰(처) 쓸쓸할(처),처 : 찰(처) 쓸쓸할 (처),10,U+51C4
処,처,처 : 곳(처),천,5,U+51E6
妻,처,처 : 아내(처),,8,U+59BB
悽,처,처 : 슬퍼할(처),,11,U+60BD
淒,처,처 : 찰(처) 쓸쓸할(처),,11,U+6DD2
竌,처,처 : 바를(처),,7,U+7ACC
萋,처,처 : 우거질(처),,14,U+840B
處,처,처 : 곳(처),,9,U+8655
覷,처,처 : 엿볼(처),,19,U+89B7
郪,처,처 : 땅이름(처),,12,U+90EA
倜,척,척 : 기개있을(척),주,10,U+501C
剔,척,척 : 뼈바를(척),척 : 뼈바를(척) 깎 을(체),10,U+5254
坧,척,척 : 기지(척),"석,탁",8,U+5767
塉,척,척 : 박토(척) 척박할(척),,13,U+5849
墌,척,척 : 처다질(척),,14,U+588C
尺,척,척 : 자(척),,4,U+5C3A
惕,척,척 : 두려워할(척),"석,창",11,U+60D5
慼,척,척 : 근심할(척),,15,U+617C
慽,척,척 : 근심할(척) 슬플(척),척 : 근심할(척) 슬 플(척),14,U+617D
戚,척,척 : 친할(척) 슬퍼할(척) 도끼(척),천,11,U+621A
捗,척,척 : 칠(척) ,보 : 북더기모음(보),10,U+6357
摭,척,척 : 주울(척),,14,U+646D
擲,척,척 : 던질(척),,18,U+64F2
斥,척,척 : 물리칠(척),,5,U+65A5
滌,척,척 : 닦을(척) 우리(척),척 : 닦을(척) 우리 (척),14,U+6ECC
瘠,척,척 : 파리할(척),,15,U+7620
脊,척,척 : 등골뼈(척) 등성마루(척),척 : 등골뼈(척) 등 성마루(척),10,U+810A
蜴,척,척 : 도마뱀(척),,14,U+8734
跖,척,척 : 발바닥(척) 사람이름(척),,12,U+8DD6
蹠,척,척 : 발바닥(척) 밟을(척),척 : 발바닥(척) 밟 을(척),18,U+8E60
躑,척,척 : 머뭇거릴(척),,22,U+8E91
陟,척,척 : 오를(척),보,10,U+965F
隻,척,척 : 하나(척) 짝(척),쌍,10,U+96BB
硩,"척,철","척,철 : 팔매질해서딸(척) 벼슬이름(척/철)",,12,U+7869
拓,"척,탁","척,탁 : 넓힐(척) 박을(탁) 물리칠(탁)",석,8,U+62D3
仟,천,천 : 일천(천),,5,U+4EDF
俴,천,천 : 얕을(천),,10,U+4FF4
倩,천,천 : 남자의미칭(천),청 : 사위(청),10,U+5029
僢,천,천 : 등질(천),순,14,U+50E2
儃,천,천 : 어찌(천),"단,선 :  곰(단) 조용할(선)",15,U+5103
千,천,천 : 일천(천),,3,U+5343
喘,천,천 : 숨찰(천),진,12,U+5598
天,천,천 : 하늘(천) 임금(천),천 : 하늘(천) 임금 (천),4,U+5929
川,천,천 : 내(천),,3,U+5DDD
擅,천,천 : 멋대로(천),,16,U+64C5
泉,천,천 : 샘(천),,9,U+6CC9
洊,천,천 : 연거푸(천),"전,존",9,U+6D0A
淺,천,천 : 얕을(천),잔,11,U+6DFA
濺,천,천 : 뿌릴(천),,18,U+6FFA
灛,천,천 : 샛강(천),,23,U+705B
灥,천,천 : 많은물줄기(천),순 : 셋샘(순),27,U+7065
玔,천,천 : 옥고리(천) 옥팔지(천),천 : 옥고리(천) 옥 팔지(천),7,U+7394
祆,천,천 : 귀신이름(천),현 : 귀신이름(현),9,U+7946
穿,천,천 : 통할(천) 꿸(천),,9,U+7A7F
臶,천,천 : 거듭(천),,12,U+81F6
舛,천,천 : 틀릴(천),,6,U+821B
芊,천,천 : 우거질(천),,9,U+828A
茜,천,천 : 꼭두서니(천),"서,첸",12,U+831C
荐,천,천 : 거듭(천) 자리깔(천) 풀(천),존,12,U+8350
蒨,천,천 : 꼭두서니(천) 우거질(천),"전,청",16,U+84A8
蕆,천,천 : 갖출(천),경,18,U+8546
薦,천,천 : 드릴(천),진,19,U+85A6
賤,천,천 : 천할(천),전,15,U+8CE4
踐,천,천 : 밟을(천),,15,U+8E10
辿,천,천 : 천천히걸을(천),,7,U+8FBF
遷,천,천 : 옮길(천),,16,U+9077
釧,천,천 : 팔가락지(천),"양,철",11,U+91E7
闡,천,천 : 열(천) 밝힐(천),,20,U+95E1
阡,천,천 : 길(천),,6,U+9621
靝,천,천 : 하늘(천),,18,U+975D
韆,천,천 : 그네(천),,24,U+97C6
򠇤,천,천,,19,U+A01E4
򠈣,천,천,,12,U+A0223
㬚,철,철,,16,U+3B1A
㯙,철,철,,15,U+3BD9
凸,철,철 : 뾰족할(철),,5,U+51F8
剟,철,철 : 찌를(철),,10,U+525F
哲,철,철 : 밝을(철),,10,U+54F2
啜,철,철 : 먹을(철) 훌쩍거릴(철),,11,U+555C
喆,철,철 : 밝을(철) 쌍길(철),철 : 밝을(철) 쌍길 (철),12,U+5586
埑,철,철 : 밝은(철),,10,U+57D1
徹,철,철 : 통할(철),,15,U+5FB9
悊,철,철 : 밝을(철) 슬기로울(철)(哲의 고자),철 : 밝을(철) 슬기 로울(철)(哲의 고 자),11,U+608A
惙,철,철 : 근심할(철) 그칠(철),,11,U+60D9
掇,철,철 : 주을(철),,11,U+6387
撤,철,철 : 걷을(철) 치울(철),철 : 걷을(철) 치울 (철),15,U+64A4
歠,철,철 : 들이마실(철),,19,U+6B60
澈,철,철 : 맑을(철),,15,U+6F88
烲,철,철 : 불당길(철) 불당길(철),,11,U+70F2
瞮,철,철 : 눈밝을(철),,17,U+77AE
綴,철,철 : 이을(철) 꿰맬(철),체,14,U+7DB4
輟,철,철 : 거둘(철),,15,U+8F1F
轍,철,철 : 바퀴자국(철),,19,U+8F4D
鉄,철,철 : 鐵(검은쇠(철))의 俗字,"석,지,질 : 鐵(검은쇠(철))의 俗字",13,U+9244
銕,철,철 : 쇠(철),,14,U+9295
錣,철,철 : 바늘(철),,16,U+9323
鐵,철,철 : 쇠(철) 철물(철) 흑색(철),,21,U+9435
飻,철,철 : 먹을(철)  음식(철),,14,U+98FB
餮,철,철 : 탐할(철),,18,U+992E
驖,철,철 : 검붉은청가라말(철),,23,U+9A56
僉,첨,첨 : 모두(첨),"검,흠",13,U+50C9
尖,첨,첨 : 뾰족할(첨),,6,U+5C16
幨,첨,첨 : 수레휘장(첨),,16,U+5E68
忝,첨,첨 : 더럽힐(첨),,7,U+5FDD
惉,첨,첨 : 불화할(첨) 속소리왁자할(첨),,12,U+60C9
檐,첨,첨 : 처마(첨) 전(첨),,17,U+6A90
櫼,첨,첨 : 문설주(첨),삼,21,U+6AFC
沾,첨,첨 : 젖을(첨) 적실(첨),점 : 엿볼(점),8,U+6CBE
添,첨,첨 : 더할(첨),,11,U+6DFB
瀸,첨,첨 : 물막힐(첨),점,20,U+7038
甛,첨,첨 : 달(첨),,11,U+751B
甜,첨,첨 : 달(첨),감 : 달(담),11,U+751C
瞻,첨,첨 : 볼(첨),담,18,U+77BB
簷,첨,첨 : 처마(첨) 전(첨),,19,U+7C37
簽,첨,첨 : 이름둘(첨),,19,U+7C3D
籤,첨,첨 : 제비(첨),,23,U+7C64
襜,첨,첨 : 행주치마(첨),,19,U+895C
詹,첨,첨 : 이를(첨) 수다스러울(첨),첨 : 이를(첨) 수다 스러울(첨),13,U+8A79
諂,첨,첨 : 아첨(첨),,15,U+8AC2
倢,첩,첩 : 빠를(첩),첨,10,U+5022
呫,첩,첩 : 맛볼(첩)  소근거릴(첩),,8,U+546B
喋,첩,첩 : 재재거릴(첩),,12,U+558B
堞,첩,첩 : 성가퀴(첩),,12,U+581E
妾,첩,첩 : 첩(첩),,8,U+59BE
婕,첩,첩 : 궁녀(첩),,11,U+5A55
帖,첩,첩 : 휘장(첩) 표제(첩),첩 : 휘장(첩) 표제 (첩),8,U+5E16
怗,첩,첩 : 고요할(첩)  쫓을(첩) 막힐(첨),점,8,U+6017
捷,첩,첩 : 빠를(첩),,11,U+6377
牒,첩,첩 : 서찰(첩) 문서(첩),엽,13,U+7252
疊,첩,첩 : 겹칠(첩),,22,U+758A
睫,첩,첩 : 속눈썹(첩),역,13,U+776B
褺,첩,첩 : 겹옷(첩),,17,U+893A
諜,첩,첩 : 염탐할(첩),"섭,엽",16,U+8ADC
貼,첩,첩 : 붙일(첩),,12,U+8CBC
輒,첩,첩 : 문득(첩) 번번이(첩),첩 : 문득(첩) 번번 이(첩),14,U+8F12
凊,청,청 : 서늘할(청),정 : 서늘할( 정),10,U+51CA
圊,청,청 : 뒷간(청),,11,U+570A
廳,청,청 : 마루(청),,25,U+5EF3
晴,청,청,,12,U+6674
淸,청,청 : 맑을(청),,11,U+6DF8
清,청,청 : 맑을(청),정,11,U+6E05
聽,청,청 : 들을(청),청,22,U+807D
菁,청,청 : 부추꽃(청) 우거질(청),정,14,U+83C1
蜻,청,청 : 잠자리(청),,14,U+873B
請,청,청 : 청할(청) 물을(청),정,15,U+8ACB
靑,청,청 : 푸를(청) 대껍질(청),청 : 푸를(청) 대껍 질(청),8,U+9751
青,청,청 : 푸른빛(청),정,8,U+9752
鯖,청,청 : 청어(청),정 : 열구자(정),19,U+9BD6
鶄,청,청 : 푸른백로(청),,19,U+9D84
򠁻,청,청,정,12,U+A007B
򠂇,청,청,정,15,U+A0087
򠇥,청,청,,14,U+A01E5
剃,체,체 : 깎을(체),,9,U+5243
崹,체,체 : 산우뚝할(체),"제,채",12,U+5D39
彘,체,체 : 돼지(체),,12,U+5F58
摰,체,체 : 끌어당길(체),얼,15,U+6470
替,체,체 : 갈(체) 바꿀(체) 폐할(체),"잠,찬,채 : 갈(체)   바꿀(체)   폐할(체)",12,U+66FF
棣,체,체,"강, 례, 제, 채,  태: 산앵도나무(체/태) 아우(제)",12,U+68E3
殢,체,체 : 느른할(체),,15,U+6BA2
涕,체,체 : 눈물(체),제,10,U+6D95
滯,체,체 : 쌓일(체) 막힐(체),체 : 쌓일(체) 막힐 (체),14,U+6EEF
玼,체,체: 고울(체),"자,차,체: 고울(자 /체)",9,U+73BC
砌,체,체 : 섬돌(체),,9,U+780C
締,체,체 : 맺을(체),"제,초",15,U+7DE0
蒂,체,체 : 꼭지(체),제 ,15,U+8482
蔕,체,체 : 꼭지(체),,17,U+8515
諦,체,체 : 살필(체) 이치(체),"재,제,채 : 이치(체)",16,U+8AE6
逮,체,체 : 잡을(체),체 : 잡을(체) 미칠 (태),12,U+902E
遞,체,체 : 번갈아(체),,14,U+905E
釱,체,체 : 차꼬(체) 발잠그는쇠(체),"대,채,태",11,U+91F1
靆,체,체 : 구름낄(체),태 : 구름낄(태),24,U+9746
體,체,체 : 몸(체),,23,U+9AD4
髰,체,체 : 머리깎을(체)  땋은머리(체),,15,U+9AF0
杕,"체,타","체,타 : 우뚝설(체) 키(타)","대,채,태,테",7,U+6755
俏,초,초 : 예쁠(소 /초) 닮을(소/초),"대,소 : 예쁠(소 /초) 닮을(소/초)",9,U+4FCF
偢,초,초 : 볼(초)  어리석을(초),추 : 볼(추)  어리석을(추),11,U+5062
僬,초,초 : 난장이(초),준,14,U+50EC
初,초,초 : 처음(초),,7,U+521D
剿,초,초 : 토벌할(초) 표절할(초),초 : 토벌할(초) 표 절할(초),13,U+527F
勦,초,초 : 토벌할(초) 표절할(초),,13,U+52E6
哨,초,초 : 파수병(초),초 : 파수병(초) 수 다스러울(소),10,U+54E8
噍,초,초 : 씹을(초) 지저귈(초),,15,U+564D
妱,초,초 : 여자이름(초),"소,조",8,U+59B1
嫶,초,초 : 파리할(초) 마를(초),,15,U+5AF6
岧,초,초 : 높을(초),,8,U+5CA7
峭,초,초 : 가파를(초),,10,U+5CED
嶕,초,초 : 산우뚝솟을(초),,15,U+5D95
怊,초,초 : 슬퍼할(초),소,8,U+600A
悄,초,초 : 고요할(초),,10,U+6084
愀,초,초 : 근심할(초),추,12,U+6100
憔,초,초 : 파리할(초),,15,U+6194
抄,초,초 : 베낄(초) 노략질할(초),묘,7,U+6284
招,초,초 : 부를(초) 구할(초),"교,소,철 : 들(교)",8,U+62DB
杪,초,초 : 나무끝(초),,8,U+676A
梢,초,초 : 나무끝(초),소 : 막대기(소),11,U+68A2
椒,초,초 : 후추(초),숙,12,U+6912
楚,초,초 : 가시나무(초) 아플(초) 초나라(초),초 : 가시나무(초)  아플(초) 초나라(초),13,U+695A
樵,초,초 : 땔나무(초),,16,U+6A35
欩,초,초 : 기운오를(초)  건강할(초),,9,U+6B29
濋,초,초 : 물이름(초),람,16,U+6FCB
炒,초,초 : 볶을(초),묘,8,U+7092
焦,초,초 : 그슬릴(초),전,12,U+7126
燋,초,초 : 횃불(초) 그슬릴(초),,16,U+71CB
硝,초,초 : 초석(초),소,12,U+785D
礁,초,초 : 암초(초),,17,U+7901
礎,초,초 : 주춧돌(초),,18,U+790E
祒,초,초 : 사람이름(초),,10,U+7952
秒,초,초 : 초(초),묘 : 까끄라기(묘),9,U+79D2
稍,초,초 : 점점(초),소,12,U+7A0D
綃,초,초 : 생사(초),,13,U+7D83
耖,초,초 : 써레(초),,10,U+8016
肖,초,초 : 닮을(초),"귀,소",7,U+8096
艸,초,초 : 풀(초),,6,U+8278
苕,초,초 : 완두(초) 능소화(초),소,11,U+82D5
草,초,초 : 풀(초) 흘릴(초),탁,12,U+8349
蕉,초,초 : 파초(초),진,18,U+8549
誚,초,초 : 꾸짖을(초),,14,U+8A9A
譙,초,초 : 꾸짖을(초),,19,U+8B59
貂,초,초 : 담비(초),,12,U+8C82
超,초,초 : 뛰어넘을(초),,12,U+8D85
趠,초,초 : 박초바람(초),탁 : 멀(탁),15,U+8DA0
軺,초,초 : 적은차(초),"소,요",12,U+8EFA
迢,초,초 : 멀(초) 높을(초),,9,U+8FE2
酢,초,초 : 초(초),"작,조 : 잔돌릴(작)",12,U+9162
醋,초,초 : 초(초),작,15,U+918B
醮,초,초 : 제사지낼(초),,19,U+91AE
釥,초,초 : 좋은쇠(초),,11,U+91E5
鈔,초,초 : 취할(초)  노략할(초),사,12,U+9214
鍫,초,초 : 가래(초),추,17,U+936B
鍬,초,초 : 가래(초),추,17,U+936C
陗,초,초 : 가파를(초) 급할(초),,10,U+9657
鞘,초,초 : 칼집(초),소,16,U+9798
顦,초,초 : 파리할(초),,21,U+9866
髫,초,초 : 늘어뜨린머리(초),,15,U+9AEB
鷦,초,초 : 뱁새(초),,23,U+9DE6
齠,초,초 : 이갈(초),,20,U+9F60
𪓐,초,초,,23,U+2A4D0
򠇦,초,초,,12,U+A01E6
򠇧,초,초,,18,U+A01E7
򠇨,초,초,,11,U+A01E8
䙘,"초,축","초,축",,17,U+4658
灱,"초,효","초,효 : 더울(효)",도 : 태울(도),6,U+7071
促,촉,촉 : 절박할(촉) 급할(촉),촉 : 절박할(촉) 급 할(촉),9,U+4FC3
囑,촉,촉 : 청촉할(촉),,24,U+56D1
曯,촉,촉 : 비칠(촉),,25,U+66EF
燭,촉,촉 : 초(촉),,17,U+71ED
爥,촉,촉 : 비칠(촉),,25,U+7225
矗,촉,촉 : 우거질(촉),,24,U+77D7
矚,촉,촉 : 볼(촉),,26,U+77DA
薥,촉,촉 : 촉규화(촉) 자귀밥(촉),,19,U+85A5
蜀,촉,촉 : 나라이름(촉),독,13,U+8700
觸,촉,촉 : 닿을(촉),,20,U+89F8
躅,촉,촉 : 머뭇거릴(촉)  자취(탁),,20,U+8E85
髑,촉,촉 : 해골(촉),독,23,U+9AD1
吋,촌,촌 : 인치(촌),두,6,U+540B
寸,촌,촌 : 치(촌),,3,U+5BF8
忖,촌,촌 : 헤아릴(촌),,6,U+5FD6
村,촌,촌 : 마을(촌),,7,U+6751
邨,촌,촌 : 마을(촌),총,7,U+90A8
冢,총,총 : 무덤(총) 산꼭 대기(총) 맏(총),,10,U+51A2
叢,총,총 : 모일(총),,18,U+53E2
塚,총,총 : 무덤(총) 산꼭대기(총),총 : 무덤(총) 산꼭 대기(총),13,U+585A
寵,총,총 : 사랑할(총),용,19,U+5BF5
悤,총,총 : 바쁠(총) 총총할(총),총 : 바쁠(총) 총총 할(총),11,U+60A4
憁,총,총 : 실망할(총) 뜻같지않을(총),총 : 실망할(총) 뜻 같지않을(총),15,U+6181
摠,총,총 : 잡을(총),,14,U+6460
漎,총,총 : 물모여들(총),종,14,U+6F0E
総,총,총 : 總(거느릴(총))의 略字,,14,U+7DCF
總,총,총 : 합할(총),,17,U+7E3D
聡,총,총 : 聰(총명할(총))의 俗字,,14,U+8061
聰,총,총 : 밝을(총),,17,U+8070
葱,총,총 : 파(총) 푸를(총),,15,U+8471
蓯,총,총 : 육종용(총) 풀빽빽할(총),종 : 육종용(종) 풀빽빽할(종),17,U+84EF
蔥,총,총 : 파(총),,17,U+8525
銃,총,총 : 도끼구멍(총) 총(총),총 : 도끼구멍(총)  총(총),14,U+9283
鏦,총,총 : 창(총)   찌를(총),"종,창",19,U+93E6
驄,총,총 : 총이말(총),,21,U+9A44
򠇩,총,총,,17,U+A01E9
撮,촬,촬 : 집을(촬) 모을(촬),촬 : 집을(촬) 모을 (촬),15,U+64AE
催,최,최 : 재촉할(최) 일어날(최),최 : 재촉할(최) 일 어날(최),13,U+50AC
嘬,최,최 : 한입에넣을(최)  물(최),,15,U+562C
崔,최,최 : 높을(최),,11,U+5D14
摧,최,최 : 꺾을(최)  누를(최),권,14,U+6467
最,최,최 : 가장(최),,12,U+6700
榱,최,최 : 서까래(최),,14,U+69B1
漼,최,최 : 깊을(최) 고울(최) 눈물흘릴(최) 허술할(최),,14,U+6F3C
璀,최,최 : 빛날(최),,15,U+7480
磪,최,최 : 험하고높을(최),,16,U+78EA
縗,최,최 : 상옷이름(최),,16,U+7E17
脧,최,최 : 어린아이불알(최) 덜(최),선,11,U+8127
僦,추,추 : 품삯(추) 세낼(추),,14,U+50E6
啾,추,추 : 울(추),,12,U+557E
埾,추,추 : 쌓을(추),주,11,U+57FE
墜,추,추 : 떨어질(추),,15,U+589C
娵,추,추 : 젊을(추)  물고기(추),취,11,U+5A35
帚,추,추 : 비(추),,8,U+5E1A
怞,추,추,"유,주 : 밝을(주)",8,U+601E
惆,추,추 : 실심할(추),,11,U+60C6
抽,추,추 : 뽑을(추),유,8,U+62BD
捶,추,추 : 종아리칠(추),,11,U+6376
推,추,추 : 밀(추),"아,유,퇴,초,치",11,U+63A8
揂,추,추 : 모을(추),유,12,U+63C2
揪,추,추 : 모을(추),,12,U+63EA
揫,추,추 : 모을(추),,13,U+63EB
搥,추,추 : 종아리칠(추),퇴,13,U+6425
椎,추,추 : 몽치(추) 칠(추),"아,유,퇴",12,U+690E
楸,추,추 : 개오동나무(추),,13,U+6978
樞,추,추 : 지도리(추),"구,우",15,U+6A1E
湫,추,추 : 못웅덩이(추),초,12,U+6E6B
甃,추,추 : 벽돌(추),,14,U+7503
瘳,추,추 : 나을(추),,16,U+7633
皺,추,추 : 주름(추),,15,U+76BA
秋,추,추 : 가을(추),,9,U+79CB
箠,추,추 : 채찍(추) 채찍질할(추),,14,U+7BA0
簉,추,추 : 버금자리(추)  첩(추),,17,U+7C09
縋,추,추 : 매달릴(추) 줄(추),,16,U+7E0B
縐,추,추 : 주름질(추) 가는갈포(추),,16,U+7E10
芻,추,추 : 꼴(추),,10,U+82BB
萩,추,추 : 쑥(추),,15,U+8429
蒭,추,추 : 꼴(추) 짐승먹이(추),,16,U+84AD
諏,추,추 : 물을(추),,15,U+8ACF
趨,추,추 : 추창할(추),추 : 추창할(추) 재 촉할(촉),17,U+8DA8
追,추,추 : 쫓을(추),,10,U+8FFD
鄒,추,추 : 나라이름(추),,13,U+9112
酋,추,추 : 우두머리(추),,9,U+914B
醜,추,추 : 추할(추),,17,U+919C
錐,추,추 : 송곳(추),수,16,U+9310
錘,추,추 : 중량이름(추) 저울추(추),수 : 드리울 (수),16,U+9318
鎚,추,추 : 저울추(추) 저울(추),퇴  : 옥다듬을(퇴),18,U+939A
陬,추,추 : 구석(추) 정월(추),,11,U+966C
隹,추,추 : 새(추),초,8,U+96B9
雛,추,추 : 병아리(추) 새새끼(추),추 : 병아리(추) 새 새끼(추),18,U+96DB
鞦,추,추 : 밀치(추),,18,U+97A6
騅,추,추 : 오추마(추),아,18,U+9A05
騶,추,추 : 추종(추) 화살(추) 마부(추),추 : 추종(추) 화살 (추) 마부(추),20,U+9A36
魋,추,추 : 북상투(추),퇴 : 붉은곰(퇴) 사람이름(퇴),18,U+9B4B
鰌,추,추 : 미꾸라지(추),,20,U+9C0C
鰍,추,추 : 미꾸리(추),,20,U+9C0D
鵻,추,추 : 아롱비둘기(추),,19,U+9D7B
鶖,추,추 : 무수리(추),,20,U+9D96
鶵,추,추 : 새이름(추),,21,U+9DB5
麤,추,추 : 성길(추) 클(추) 거칠(추),,33,U+9EA4
龝,추,추 : 가을(추),,21,U+9F9D
򠇪,추,추,,15,U+A01EA
丑,축,축 : 둘째지지(축),추,4,U+4E11
妯,축,축 : 동서(축),"유,추",8,U+59AF
畜,축,축 : 기를(축) 짐승(축),휵,10,U+755C
祝,축,축: 빌(축) 하례할(축),주: 축원할(주) 저주할(주) 붙이는 약(주),10,U+795D
竺,축,축 : 나라이름(축),"독,울,이,촉",8,U+7AFA
筑,축,축 : 악기이름(축),,12,U+7B51
築,축,축 : 쌓을(축) 지을(축),축 : 쌓을(축) 지을 (축),16,U+7BC9
縮,축,축 : 축소(축),숙,17,U+7E2E
舳,축,축 : 고물(축),,11,U+8233
蓄,축,축 : 쌓을(축),,16,U+84C4
豖,축,축 : 발얽은돼지걸음(축),,8,U+8C56
蹙,축,축 : 재촉할(축) 줄(축),축 : 재촉할(축) 줄 (축),18,U+8E59
蹜,축,축 : 종종걸음칠(축),숙 : 종종걸음칠(숙),18,U+8E5C
蹴,축,축 : 찰(축) 삼갈(축),,19,U+8E74
軸,축,축 : 굴대(축) 장(축),,12,U+8EF8
逐,축,축 : 쫓을(축),,11,U+9010
鼀,축,축 : 두꺼비(축),,18,U+9F00
򠇫,축,축,,16,U+A01EB
󳑯,축,축,주,10,U+F346F
媋,춘,춘 : 여자이름(춘) 아리따울(춘),,12,U+5A8B
春,춘,춘 : 봄(춘) 술(춘),,9,U+6625
杶,춘,춘 : 참죽나무(춘),"순,준",8,U+6776
椿,춘,춘 : 참죽나무(춘),준,13,U+693F
瑃,춘,춘 : 옥이름(춘),,13,U+7443
賰,춘,춘 : 넉넉할(춘),"용,준",16,U+8CF0
出,출,출 : 나갈(출) 달아날(출),출 : 나갈(출) 달아 날(출),5,U+51FA
朮,출,출 : 삽주(출),술 : 삽주(출/술),5,U+672E
秫,출,출 : 차조(출),,10,U+79EB
黜,출,출 : 떨어뜨릴(출),,17,U+9EDC
㳘,충,충,연,9,U+3CD8
充,충,충 : 가득찰(충),"윤,중",5,U+5145
冲,충,충 : 물탈(충) 깊을(충) 찌를(충)(衝의 간체자),중,6,U+51B2
忠,충,충 : 충성할(충),,7,U+5FE0
忡,충,충 : 근심할(충),,7,U+5FE1
沖,충,충 : 물탈(충) 깊을(충),중,7,U+6C96
漴,충,충,"숭,종",14,U+6F34
珫,충,충 : 물탈(충) 깊을(충),윤,10,U+73EB
虫,충,충 : 벌레(충)(蟲의 약자),훼 : 독사(훼),6,U+866B
蟲,충,충 : 벌레(충),,18,U+87F2
衝,충,충 : 찌를(충) 부딪칠(충),충 : 찌를(충) 부딪 칠(충),15,U+885D
衷,충,충 : 참마음(충) 알맞을(충),충 : 참마음(충) 알 맞을(충),10,U+8877
悴,췌,췌 : 야윌(췌) 파리할(췌),췌 : 야윌(췌) 파리 할(췌),11,U+60B4
惴,췌,췌 : 두려워할(췌),,12,U+60F4
揣,췌,췌 : 품을(취) 헤아릴(췌),"취,타 : 품을(취)",12,U+63E3
瘁,췌,췌 : 병들(췌),,13,U+7601
膵,췌,췌 : 췌장(췌),,16,U+81B5
萃,췌,췌 : 모을(췌) 야윌(췌) 스칠(췌),췌 : 모을(췌) 야윌 (췌) 스칠(췌),14,U+8403
贅,췌,췌 : 군더더기(췌) 데릴사위(췌) 혹(췌),췌 : 군더더기(췌)  데릴사위(췌) 혹(췌),18,U+8D05
顇,췌,췌 : 야윌(췌) 파리할(췌),,17,U+9847
򠇬,췌,췌,,14,U+A01EC
򠇭,췌,췌,,16,U+A01ED
冣,취,취 : 쌓을(취) 모을(취),,10,U+51A3
取,취,취 : 취할(취) 장가들(취),취 : 취할(취) 장가 들(취),8,U+53D6
吹,취,취 : 불(취) 바람(취),흠,7,U+5439
嘴,취,취 : 부리(취),,15,U+5634
娶,취,취 : 장가들(취),,11,U+5A36
就,취,취 : 이룰(취) 나갈(취) 곧(취),추,12,U+5C31
橇,취,취 : 썰매(취),교 : 썰매(교),16,U+6A47
毳,취,취 : 솜털(취) 연할(취),,12,U+6BF3
炊,취,취 : 불땔(취),"현,환,흔,흠",8,U+708A
翠,취,취 : 비취색(취) 물총새(취),취 : 비취색(취) 물 총새(취),14,U+7FE0
聚,취,취 : 모일(취),,14,U+805A
脆,취,취 : 무를(취),,10,U+8106
臭,취,취 : 냄새(취),,10,U+81ED
趣,취,취 : 뜻(취),취 : 뜻(취) 재촉할 (촉),15,U+8DA3
醉,취,취 : 취할(취) 취하게할(취),취 : 취할(취) 취하 게할(취),15,U+9189
驟,취,취 : 달릴(취) 갑자기(취),취 : 달릴(취) 갑자 기(취),24,U+9A5F
鷲,취,취 : 독수리(취),추,23,U+9DF2
仄,측,측 : 기울(측) 측운(측),측 : 기울(측) 측운 (측),4,U+4EC4
側,측,측 : 곁(측),칙,11,U+5074
厠,측,측 : 뒷간(측) 버금(측),"치,칙",11,U+53A0
廁,측,측 : 뒤간(측)  끼일(측),치,12,U+5EC1
惻,측,측 : 슬퍼할(측),,12,U+60FB
昃,측,측 : 기울(측),호,8,U+6603
測,측,측 : 잴(측) 헤아릴(측),"치,칙",12,U+6E2C
層,층,층 : 겹(층),,15,U+5C64
㢋,치,치,,11,U+388B
侈,치,치 : 사치할(치),다,8,U+4F88
値,치,치 : 값(치),"식,직",10,U+5024
卮,치,치 : 잔(치),,5,U+536E
卶,치,치,시 : 기뻐할(시),8,U+5376
哆,치,치 : 입딱벌릴(치),차,9,U+54C6
嗤,치,치 : 웃을(치),,13,U+55E4
寘,치,치 : 둘(치),,13,U+5BD8
峙,치,치 : 우뚝솟을(치),"지,환",9,U+5CD9
幟,치,치 : 표기(치),,15,U+5E5F
恀,치,치 : 믿을(치),"다,지 : 믿을(지)",9,U+6040
恥,치,치 : 부끄럼(치),"경,심",10,U+6065
梔,치,치 : 치자나무(치),,11,U+6894
治,치,치 : 다스릴(치),시,8,U+6CBB
淄,치,치 : 물이름(치) 검은빛(치),치 : 물이름(치) 검 은빛(치),11,U+6DC4
熾,치,치 : 성할(치) 사를(치),직,16,U+71BE
畤,치,치 : 제터(치),,11,U+7564
痓,치,치 : 풍병(치) 악할(치),,11,U+75D3
痔,치,치 : 치질(치),,11,U+75D4
痴,치,치 : 어리석을(치),,13,U+75F4
癡,치,치 : 어리석을(치),,19,U+7661
稚,치,치 : 어릴(치),"아,유",13,U+7A1A
穉,치,치 : 어린벼(치) 어릴(치),치 : 어린벼(치) 어 릴(치),17,U+7A49
絺,치,치 : 칡베(치),희,13,U+7D7A
緇,치,치 : 검은빛(치),,14,U+7DC7
緻,치,치 : 고울(치) 찬찬할(치),치 : 고울(치) 찬찬 할(치),15,U+7DFB
置,치,치 : 둘(치),지,13,U+7F6E
致,치,치 : 보낼(치) 다할(치) 부를(치),"도,지",9,U+81F4
菑,치,치 : 묵정밭(치),재 : 재앙(재),14,U+83D1
薙,치,치 : 깎을(치),체 : 깎을(체),19,U+8599
蚩,치,치 : 얕볼(치),,10,U+86A9
褫,치,치 : 옷벗길(치),,16,U+892B
豸,치,치 : 벌레(치)  풀릴(치),채 : 해태(채),7,U+8C78
跱,치,치 : 우뚝솟을(치),,13,U+8DF1
輜,치,치 : 수레(치),,15,U+8F1C
郗,치,치 : 고을이름(치),희,10,U+90D7
錙,치,치 : 중량이름(치),,16,U+9319
阤,치,치 : 떨어질(치)  헐릴(치) ,타 : 비탈질 (타),6,U+9624
雉,치,치 : 꿩(치) 담(치),,13,U+96C9
馳,치,치 : 달릴(치),"야,준",13,U+99B3
鯔,치,치 : 숭어(치),,19,U+9BD4
鴙,치,치 : 꽁(치),일,16,U+9D19
鴟,치,치 : 올빼미(치),,16,U+9D1F
鵄,치,치 : 솔개(치),,17,U+9D44
齒,치,치 : 이(치) 나이(치) 늘어설(치),,15,U+9F52
則,칙,칙 : 법칙(칙),"즉,직,측 : 곧(즉)",9,U+5247
勅,칙,칙 : 칙령(칙) 신칙할(칙),경,9,U+52C5
敕,칙,칙 : 경례할(칙),,11,U+6555
飭,칙,칙 : 삼갈(칙) 바로잡을(칙) 경계할(칙),칙 : 삼갈(칙) 바로 잡을(칙) 경계할(칙),13,U+98ED
嚫,친,친 : 베풀(친),츤,19,U+56AB
櫬,친,친 : 널(친),"근,츤 : 널(츤)",20,U+6AEC
襯,친,친 : 속옷(친),츤 : 속옷(츤),22,U+896F
親,친,친 : 친할(친) 어버이(친),친 : 친할(친) 어버 이(친),16,U+89AA
七,칠,칠 : 일곱(칠),예,2,U+4E03
柒,칠,칠 : 일곱(칠) 옷나무(칠),칠 : 일곱(칠) 옷나 무(칠),9,U+67D2
漆,칠,칠 : 옻나무(칠) 검을(칠),칠 : 옻나무(칠) 검 을(칠),14,U+6F06
侵,침,침 : 침노할(침),,9,U+4FB5
寖,침,침 : 잠길(침) 점점(침),,13,U+5BD6
寢,침,침 : 잘(침),,14,U+5BE2
忱,침,침 : 정성(침),,7,U+5FF1
枕,침,침 : 베개(침) 벨(침),,8,U+6795
椹,침,침 : 모탕(침),심 : 오디(심) 버섯(심),13,U+6939
浸,침,침 : 잠글(침) 젖을(침),침 : 잠글(침) 젖을 (침),10,U+6D78
琛,침,침 : 보배(침),"섬,심",12,U+741B
砧,침,침 : 다듬잇돌(침),점,10,U+7827
賝,침,침 : 보배(침),,15,U+8CDD
郴,침,침 : 땅이름(침),,11,U+90F4
針,침,침 : 바늘(침) 침(침) 바느질할(침),,10,U+91DD
鋟,침,침 : 새길(침),,15,U+92DF
鍼,침,침 : 바늘(침),"검,겸,금",17,U+937C
駸,침,침 : 달릴(침) 빠를(침),,17,U+99F8
蟄,칩,칩 : 숨을(칩),,17,U+87C4
秤,칭,칭 : 저울(칭),평,10,U+79E4
稱,칭,칭 : 일컬을(칭),청,14,U+7A31
噲,쾌,쾌 : 목구멍(쾌),회,16,U+5672
夬,쾌,쾌 : 쾌괘(쾌),,4,U+592C
快,쾌,쾌 : 쾌할(쾌) 빠를(쾌),결,7,U+5FEB
㛆,타,타,,9,U+36C6
他,타,타 : 남(타),야,5,U+4ED6
佗,타,타 : 짊어질(타),,7,U+4F57
咤,타,타 : 꾸짖을(타) 입맛다실(타),택,9,U+54A4
唾,타,타 : 침(타),,11,U+553E
坨,타,타 : 덩어리질(타),이 : 덩어리질(이),8,U+5768
墮,타,타 : 떨어질(타),휴 : 떨어질(타/휴),15,U+58AE
奼,타,타 : 아름다울(타) 젊은계집(타),차,6,U+597C
妥,타,타 : 온당할(타),,7,U+59A5
惰,타,타 : 게으를(타),,12,U+60F0
打,타,타 : 칠(타),"우,정",5,U+6253
拕,타,타 : 끌(타),,8,U+62D5
拖,타,타 : 끌(타),,8,U+62D6
朶,타,타 : 봉오리(타) 퍼질(타),"라,유",6,U+6736
柁,타,타 : 키(타),,9,U+67C1
桗,타,타,,10,U+6857
楕,타,타 : 둥글길죽할(타) 수레통가운데그릇(타),타 : 둥글길죽할(타)  수레통가운데그릇(타),13,U+6955
橢,타,타 : 둥글고길쭉할(타),,16,U+6A62
沱,타,타 : 물이름(타),,8,U+6CB1
舵,타,타 : 키(타),,11,U+8235
詑,타,타 : 속일(타),이 : 자랑할(이)  ,12,U+8A51
詫,타,타 : 속일(타) 자랑할(타),"탁,택",13,U+8A6B
跎,타,타 : 헛디딜(타) 때놓칠(타),,12,U+8DCE
躱,타,타 : 피할(파),,13,U+8EB1
陀,타,타 : 비탈질(타),다,8,U+9640
馱,타,타 : 태울(타),태 : 태울(태),12,U+99B1
駝,타,타 : 낙타(타) 타조(타) 곱사등이(타),타 : 낙타(타) 타조 (타) 곱사등이(타),15,U+99DD
駞,타,타 : 곱사등이(타),,15,U+99DE
鮀,타,타 : 문절망둑(타),,16,U+9B80
鴕,타,타 : 타조(타),,16,U+9D15
鼉,타,타 : 악어(타),,25,U+9F09
㤞,탁,탁,차,9,U+391E
倬,탁,탁 : 환할(탁) 클(탁),,10,U+502C
卓,탁,탁 : 높을(탁),,8,U+5353
啄,탁,탁 : 쪼을(탁),,11,U+5544
坼,탁,탁 : 터질(탁),탁 : 터질(탁) (탁),8,U+577C
托,탁,탁 : 맡길(탁) 받칠(탁),택,6,U+6258
拆,탁,탁 : 터질(탁),기,8,U+62C6
擢,탁,탁 : 뽑을(탁),,17,U+64E2
晫,탁,탁 : 밝을(탁),,12,U+666B
柝,탁,탁 : 딱다기(탁),,9,U+67DD
槖,탁,탁,,14,U+69D6
橐,탁,탁 : 전대(탁),,16,U+6A50
沰,탁,탁 : 돌로칠(탁)  나무이름(탁),석,8,U+6CB0
涿,탁,탁 : 칠(탁) 물방울(탁),,11,U+6DBF
濁,탁,탁 : 흐릴(탁),,16,U+6FC1
濯,탁,탁 : 씻을(탁),택,17,U+6FEF
琢,탁,탁 : 쫄(탁) 닦을(탁),,12,U+7422
琸,탁,탁 : 사람이름(탁),착,12,U+7438
矺,탁,탁 : 돌던질(탁)  떨어질(탁),책,8,U+77FA
籜,탁,탁 : 죽순껍질(탁),,22,U+7C5C
蘀,탁,탁 : 낙엽(탁),,22,U+8600
託,탁,탁 : 부탁할(탁),,10,U+8A17
踔,탁,탁,초 : 넘을(초),15,U+8E14
逴,탁,탁 : 멀(탁)  넘을(탁),,12,U+9034
鐸,탁,탁:큰방울(탁) 목탁(탁),택,21,U+9438
呑,탄,탄 : 삼킬(탄),"난,란,인,탐",7,U+5451
嘆,탄,탄 : 한숨쉴(탄),한,14,U+5606
坦,탄,탄 : 평평할(탄),"단,원",8,U+5766
彈,탄,탄 : 탄알(탄) 튀길(탄),탄 : 탄알(탄) 튀길 (탄),15,U+5F48
憚,탄,탄 : 꺼릴(탄),선,15,U+619A
憻,탄,탄 : 너그러울(탄) 평평할(탄) 넓은(탄),단,17,U+61BB
攤,탄,탄 : 펼(탄),"난,란",22,U+6524
暺,탄,탄: 밝을(탄),단,16,U+66BA
歎,탄,탄 : 한숨쉴(탄),환,15,U+6B4E
殫,탄,탄 : 다할(탄),,16,U+6BAB
灘,탄,탄 : 여울(탄),"난,한",22,U+7058
炭,탄,탄 : 숯(탄),,9,U+70AD
癱,탄,탄 : 중풍(탄),,24,U+7671
綻,탄,탄 : 솔기터질(탄),정,14,U+7DBB
誕,탄,탄 : 속일(탄) 탄생(탄),연,14,U+8A95
驒,탄,탄 : 돈짝무늬총이 말(탄),타 : 돈짝무늬총이 말(타),22,U+9A52
侻,탈,탈 : 옳을(탈),"연,열,태",9,U+4FBB
奪,탈,탈 : 빼앗을(탈),분,14,U+596A
脫,"탈,태","탈,태: 벗을(탈) 벗어날(탈) 바질(탈) 기뻐할(태)",열,11,U+812B
嗿,탐,탐 : 여럿이먹는(탐),,14,U+55FF
忐,탐,탐 : 마음끓어오를(탐),담,7,U+5FD0
探,탐,탐 : 더듬을(탐),심,11,U+63A2
眈,탐,탐 : 노려볼(탐),"담,전",9,U+7708
耽,탐,탐 : 빠질(탐),,10,U+803D
貪,탐,탐 : 탐할(탐),,11,U+8CAA
酖,탐,탐 : 즐길(탐),짐 : 짐새(짐),11,U+9156
傝,탑,탑 : 답답할(탑)  나쁠(탑) 어리석을(탑),탐,12,U+509D
塌,탑,탑 : 떨어질(탑),,13,U+584C
塔,탑,탑 : 절(탑),,13,U+5854
搨,탑,탑 : 베낄(탑) 박을(탑),,13,U+6428
榻,탑,탑 : 평상(탑),,14,U+69BB
򠇮,탑,탑,,13,U+A01EE
宕,탕,탕 : 방탕할(탕) 미룰(탕),탕 : 방탕할(탕) 미 룰(탕),8,U+5B95
帑,탕,탕 : 나라곳집(탕),"노,로 : 처자(노)",8,U+5E11
湯,탕,탕 : 끓인물(탕),"상,양 : 물세차게흐를(상)",12,U+6E6F
燙,탕,탕 : 데울(탕),,16,U+71D9
盪,탕,탕 : 움직일(탕) 씻을(탕),,17,U+76EA
碭,탕,탕 : 옥돌(탕),,14,U+78AD
蕩,탕,탕 : 쓸(탕) 흔들릴(탕),탕 : 쓸(탕) 흔들릴 (탕),18,U+8569
蘯,탕,탕 : 넓고클(탕),,23,U+862F
򠇯,탕,탕,,18,U+A01EF
䬈,태,태 : 철매(태),체,16,U+4B08
兌,태,태 : 기쁠(태),열,7,U+514C
台,태,태 : 별(태),"대,이 : 나(이)",5,U+53F0
埭,태,태 : 둑(태),,11,U+57ED
太,태,태 : 클(태),,4,U+592A
娧,태,태: 더딜(태) 기뻐할(태) 아이밸(태),"매, 열, 형",10,U+5A27
孡,태,태 : 태(태),,8,U+5B61
怠,태,태 : 게으를(태),,9,U+6020
態,태,태 : 모양(태),,14,U+614B
斄,태,태 : 땅이름(태),리,19,U+6584
殆,태,태 : 위험할(태),,9,U+6B86
汰,태,태 : 일(태) 사치할(태),태 : 일(태) 사치할 (태),7,U+6C70
泰,태,태 : 심히(태) 클(태),,9,U+6CF0
溙,태,태 : 물(태),진,13,U+6E99
炱,태,태 : 철매(태),,9,U+70B1
笞,태,태 : 매질할(태),,11,U+7B1E
胎,태,태 : 아이밸(태),,9,U+80CE
苔,태,태 : 이끼(태),,11,U+82D4
跆,태,태 : 밟을(태),,12,U+8DC6
迨,태,태: 미칠(태) 이를(태),태: 미칠(태) 이를 (태),9,U+8FE8
邰,태,태 : 나라이름(태),소,8,U+90B0
鈦,태,태,,12,U+9226
颱,태,태 : 태풍(태),,14,U+98B1
駄,태,태 : 실을(태),타 : 징(타),14,U+99C4
駘,태,태 : 둔마(태) 벗을(태),,15,U+99D8
鮐,태,태 : 복(태),,16,U+9B90
򠇰,태,태,,11,U+A01F0
垞,택,택 : 언덕(택),"타,탁 : 언덕(택/타)",9,U+579E
擇,택,택 : 가릴(택),,16,U+64C7
澤,택,택 : 못(택) 윤(택),탁,16,U+6FA4
撐,탱,탱 : 버틸(탱) 버팀목(탱),,15,U+6490
撑,탱,탱 : 버틸(탱),,15,U+6491
牚,탱,탱 : 버틸(탱) 버팀목(탱),,12,U+725A
攄,터,터 : 펼(터) 오를(터),,18,U+6504
兎,토,토 : 토끼(토),,7,U+514E
兔,토,토 : 토끼(토) 달(토),,8,U+5154
吐,토,토 : 토할(토),,6,U+5410
土,토,토 : 흙(토),,3,U+571F
討,토,토 : 칠(토) 다스릴(토) 찾을(토) 구할(토),시,10,U+8A0E
噋,톤,톤 : 느럭느럭할(톤) 입김(톤),돈,15,U+564B
恫,통,통 : 으를(통)  상심할(통),동,9,U+606B
慟,통,통 : 서러워할(통),동,14,U+615F
捅,통,통 : 찌를(통),용,10,U+6345
桶,통,통 : 통(통),용,11,U+6876
樋,통,통 : 어름나무(통)  대흠통(통),,15,U+6A0B
痛,통,통 : 아플(통),,12,U+75DB
筒,통,통 : 통(통),동,12,U+7B52
筩,통,통 : 통(통),용 : 통(용),13,U+7B69
統,통,통 : 통솔(통),,12,U+7D71
通,통,통 : 통할(통),,11,U+901A
堆,퇴,퇴 : 무더기(퇴) 쌓을(퇴),초,11,U+5806
槌,퇴,퇴 : 퇴칠(퇴),추 : 망치(추)   퇴칠(추/퇴),14,U+69CC
腿,퇴,퇴 : 다리살(퇴),,14,U+817F
褪,퇴,퇴 : 벗을(퇴),돈,16,U+892A
退,퇴,퇴 : 물러날(퇴),,10,U+9000
隤,퇴,퇴 : 무너질(퇴),,15,U+96A4
頹,퇴,퇴,,16,U+9839
偸,투,투 : 훔칠(투) 탐낼(투),투 : 훔칠(투) 탐낼 (투),11,U+5078
套,투,투 : 덮개(투),,10,U+5957
妒,투,투 : 새암할(투),,7,U+5992
妬,투,투 : 투기할(투) 자식없는계집(투),석,8,U+59AC
投,투,투 : 던질(투),,7,U+6295
渝,투,투 : 변할(투),유 : 변할(유),12,U+6E1D
透,투,투 : 통할(투),,11,U+900F
骰,투,투 : 주사위(투),,14,U+9AB0
鬪,투,투 : 싸움(투),,20,U+9B2A
佟,퉁,퉁 : 성(퉁),동 : 성(동),7,U+4F5F
忒,특,특 : 틀릴(특),,7,U+5FD2
慝,특,특 : 악할(특) 숨길(특),특 : 악할(특) 숨길 (특),15,U+615D
特,특,특 : 유다를(특),,10,U+7279
򠉚,특,특,,15,U+A025A
闖,틈,틈 : 엿볼(틈) 쑥내밀(틈),츰,18,U+95D6
叵,파,파 : 어려울(파),,5,U+53F5
坡,파,파 : 비탈(파),,8,U+5761
妑,파,파 : 새앙머리(파),비,7,U+5991
婆,파,파 : 할미(파),바,11,U+5A46
岥,파,파 : 산비탈질(파),,8,U+5CA5
嶓,파,파 : 산이름(파),,15,U+5D93
巴,파,파 : 땅이름(파),,4,U+5DF4
怕,파,파 : 두려워할(파),,8,U+6015
把,파,파 : 잡을(파),,7,U+628A
播,파,파 : 뿌릴(파),"반,번",15,U+64AD
擺,파,파 : 열(파) 벌여놓을(파),파 : 열(파) 벌여놓 을(파),18,U+64FA
杷,파,파 : 갈퀴(파) 비파나무(파),파 : 갈퀴(파) 비파 나무(파),8,U+6777
波,파,파 : 물결(파) 움직일(파),파 : 물결(파) 움직 일(파),8,U+6CE2
派,파,파 : 갈라질(파) 갈래(파),파 : 갈라질(파) 갈 래(파),9,U+6D3E
灞,파,파 : 물이름(파),,24,U+705E
爬,파,파 : 긁을(파) 잡을(파),파 : 긁을(파) 잡을 (파),8,U+722C
爸,파,파 : 아비(파),,8,U+7238
玻,파,파 : 유리(파),,9,U+73BB
琶,파,파 : 비파(파),비,12,U+7436
皤,파,파 : 흴(파),,17,U+76A4
破,파,파 : 깨질(파),,10,U+7834
笆,파,파 : 가시대(파) 울타리(파),,10,U+7B06
簸,파,파 : 까부를(파),,19,U+7C38
罷,파,파 : 파할(파),,15,U+7F77
耙,파,파 : 써레(파) 갈퀴(파),,10,U+8019
芭,파,파 : 파초(파),,10,U+82AD
菠,파,파 : 시금치(파),,14,U+83E0
葩,파,파 : 꽃(파),,15,U+8469
跛,파,파 : 절뚝발이(파),피,12,U+8DDB
鄱,파,파 : 고을이름(파),,15,U+9131
頗,파,파 : 자못(파) 치우칠(파),파 : 자못(파) 치우 칠(파),14,U+9817
򠇱,파,파,,10,U+A01F1
壩,"파,패","파,패 : 방죽(패)",,24,U+58E9
判,판,판 : 가를(판) 판단(판),판 : 가를(판) 판단 (판),7,U+5224
坂,판,판 : 언덕(판) 산비탈(판),판 : 언덕(판) 산비 탈(판),7,U+5742
昄,판,판 : 클(판),반,8,U+6604
板,판,판 : 널조각(판),,8,U+677F
版,판,판 : 널(판) 판목(판) 여덟자(판),,8,U+7248
瓣,판,판 : 꽃잎(판),,19,U+74E3
販,판,판 : 팔(판),,11,U+8CA9
辦,판,판 : 힘쓸(판),,16,U+8FA6
鈑,판,판 : 금화(판) 널조각(판),판 : 금화(판) 널조 각(판),12,U+9211
阪,판,판 : 비탈(판),,7,U+962A
八,팔,팔 : 여덟(팔),,2,U+516B
叭,팔,팔 : 입벌릴(팔),,5,U+53ED
捌,팔,팔 : 깨뜨릴(팔),,10,U+634C
朳,팔,팔 : 고무래(팔),,6,U+6733
汃,팔,팔 : 물결치는소리(팔),,5,U+6C43
佩,패,패 : 노리개(패) 찰(패),패 : 노리개(패) 찰 (패),8,U+4F69
唄,패,패 : 염불소리(패),,10,U+5504
孛,패,패 : 살별(패) 어두울(패),발 : 살별(발) 어두울(발),7,U+5B5B
悖,패,패 : 어지러울(패),,10,U+6096
敗,패,패 : 패할(패),,11,U+6557
旆,패,패 : 기(패),,10,U+65C6
沛,패,패 : 늪(패) 성할(패),시,7,U+6C9B
浿,패,패 : 물이름(패) 물가(패),패 : 물이름(패) 물 가(패),10,U+6D7F
牌,패,패 : 패(패) 간판(패) 방패(패),비,12,U+724C
狽,패,패 : 이리(패),,10,U+72FD
珮,패,패 : 패물(패),,10,U+73EE
稗,패,패 : 피(패),,13,U+7A17
覇,패,패 : 두목(패),폐 : 두목(패),19,U+8987
霈,패,패 : 비쏟아질(패)  흐를(패),,15,U+9708
霸,패,패 : 두목(패),"백,파",21,U+9738
伻,팽,팽 : 하여금(팽) 사자(팽),평,7,U+4F3B
彭,팽,팽 : 땅이름(팽),방,12,U+5F6D
澎,팽,팽 : 물부딪칠(팽),,15,U+6F8E
烹,팽,팽 : 삶을(팽) 요리(팽),팽 : 삶을(팽) 요리 (팽),11,U+70F9
砰,팽,팽 : 돌구르는소리(팽),"평,호",10,U+7830
祊,팽,팽 : 제사(팽),,9,U+794A
膨,팽,팽 : 부를(팽),,16,U+81A8
蟚,팽,팽 : 방게(팽),,18,U+87DA
蟛,팽,팽 : 방게(팽),,18,U+87DB
愎,퍅,퍅 : 팩할(퍅),,12,U+610E
偏,편,편 : 치우칠(편),,11,U+504F
匾,편,편 : 엷은그릇(편),변 : 엷은그릇(변),11,U+533E
徧,편,편 : 두루(편),변 : 두루(변),12,U+5FA7
惼,편,편 : 편협할(편),,12,U+60FC
扁,편,편 : 현판(편),편 : 납작할(변) 현 판(편),9,U+6241
片,편,편 : 조각(편) 꽃잎(편),편 : 조각(편) 꽃잎 (편),4,U+7247
篇,편,편 : 책(편),,15,U+7BC7
編,편,편 : 엮을(편) 책(편),,15,U+7DE8
緶,편,편 : 꿰맬(편),,15,U+7DF6
翩,편,편 : 훌쩍날(편),,15,U+7FE9
艑,편,편 : 배(편),,15,U+8251
萹,편,편 : 마디풀(편),변 : 마디풀(변),15,U+8439
蝙,편,편 : 박쥐(편),,15,U+8759
褊,편,편 : 옷너풀거릴(편),,15,U+890A
諞,편,편 : 말잘할(편),,16,U+8ADE
遍,편,편 : 두루(편),,13,U+904D
鞭,편,편 : 채찍(편),,18,U+97AD
騙,편,편 : 속일(편) 말에뛰어오를(편),편 : 속일(편) 말에 뛰어오를(편),19,U+9A19
砭,폄,폄 : 돌침(폄),,10,U+782D
窆,폄,폄 : 하관할(폄),,10,U+7A86
貶,폄,폄 : 덜(폄) 떨어뜨릴(폄),폄 : 덜(폄) 떨어뜨 릴(폄),12,U+8CB6
匉,평,평 : 물소리요란할(평),국,7,U+5309
坪,평,평 : 돌(평),,8,U+576A
平,평,평 : 편할(평) 고를(평),평 : 편할(평) 고를 (평),5,U+5E73
怦,평,평 : 두근거릴(평),,8,U+6026
抨,평,평 : 탄핵할(평),,8,U+62A8
枰,평,평 : 판(평),,9,U+67B0
泙,평,평 : 물소리(평) 물결셀(평),평 : 물소리(평) 물 결셀(평),8,U+6CD9
苹,평,평 : 쑥(평)  사과(평),"빈,화",11,U+82F9
萍,평,평 : 개구리밥(평),,14,U+840D
蓱,평,평 : 개구리밥(평),,15,U+84F1
評,평,평 : 품평(평),,12,U+8A55
鮃,평,평 : 넙치(평),,16,U+9B83
򠇲,평,평,,14,U+A01F2
吠,폐,폐 : 짖을(폐),,7,U+5420
嬖,폐,폐 : 사랑할(폐),,16,U+5B16
幣,폐,폐 : 폐백(폐),,15,U+5E63
廢,폐,폐 : 못쓰게(폐),,15,U+5EE2
弊,폐,폐 : 해질(폐) 관할(폐) 폐(폐),폐 : 해질(폐) 관할 (폐) 폐(폐),15,U+5F0A
敝,폐,폐 : 낡을(폐) 겸사(폐),,12,U+655D
斃,폐,폐 : 죽을(폐),,18,U+6583
狴,폐,폐 : 들개(폐) 감옥(폐),,10,U+72F4
獘,폐,폐 : 죽을(폐),,16,U+7358
癈,폐,폐 : 못쓰게될(폐),,17,U+7648
肺,폐,폐 : 허파(폐) 마음(폐),폐 : 허파(폐) 마음 (폐),8,U+80BA
蔽,폐,폐 : 가릴(폐),별,18,U+853D
閉,폐,폐 : 닫을(폐) 막을(폐) 감출(폐) 가릴(폐),폐 : 닫을(폐) 막을 (폐) 감출(폐)  가릴(폐),11,U+9589
陛,폐,폐 : 대궐섬돌(폐),"계,승",10,U+965B
򠇳,폐,폐,,17,U+A01F3
佈,포,포 : 알릴(포),호,7,U+4F48
儤,포,포 : 번들(포) 넘을(포),,17,U+5124
包,포,포 : 쌀(포),,5,U+5305
匍,포,포 : 기어갈(포),,9,U+530D
匏,포,포 : 박(포) 병(포),,11,U+530F
咆,포,포 : 으르릉거릴(포),,8,U+5486
哺,포,포 : 씹어먹을(포),,10,U+54FA
圃,포,포 : 남새밭(포),보,10,U+5703
布,포,포 : 베(포),"보,희",5,U+5E03
庖,포,포 : 부엌(포),,8,U+5E96
怖,포,포 : 두려워할(포),,8,U+6016
抛,포,포 : 던질(포),,7,U+629B
抱,포,포 : 안을(포),,8,U+62B1
拋,포,포 : 버릴(포) 던질 (포),,8,U+62CB
捕,포,포 : 사로잡을(포),보,10,U+6355
晡,포,포 : 신시(포),,11,U+6661
曓,포,포 : 급할(포)  창졸(포),폭,17,U+66D3
枹,포,포 : 졸참나무(포),부,9,U+67B9
泡,포,포 : 거품(포) 성할(포),포 : 거품(포) 성할 (포),8,U+6CE1
浦,포,포 : 개(포),보,10,U+6D66
炮,포,포 : 대포(포) 통째로구울(포),,9,U+70AE
炰,포,포 : 그슬을(포) 까불거릴(포),,9,U+70B0
疱,포,포 : 여드름(포) 마마(포),포 : 여드름(포) 마 마(포),10,U+75B1
砲,포,포 : 대포(포) 돌쇠뇌(포),포 : 대포(포) 돌쇠 뇌(포),10,U+7832
胞,포,포 : 태의(포) 세포(포),포 : 태의(포) 세포 (포),9,U+80DE
脯,포,포 : 포(포) 가슴(포),,11,U+812F
苞,포,포 : 꽃봉오리(포) 풀이름(포),포 : 꽃봉오리(포)  풀이름(포),11,U+82DE
葡,포,포 : 포도나무(포),보,15,U+8461
蒲,포,포 : 부들(포),보,16,U+84B2
袍,포,포 : 솜옷(포) 웃옷(포),포 : 솜옷(포) 웃옷 (포),11,U+888D
褒,포,포 : 칭찬할(포) 자락(포),포 : 칭찬할(포) 자 락(포),15,U+8912
誧,포,포 : 큰소리(포),보,14,U+8AA7
逋,포,포 : 도망갈(포),보,11,U+900B
鉋,포,포 : 대패(포),,13,U+924B
鋪,포,포 : 펼(포) 가게(포) 문고리(포),보,15,U+92EA
鞄,포,포 : 혁공(포),,14,U+9784
飽,포,포 : 배부를(포) 흡족할(포) 물릴(포),포 : 배부를(포) 흡 족할(포) 물릴(포),14,U+98FD
餔,포,포 : 먹을(포),,16,U+9914
鮑,포,포 : 절인고기(포) 전복(포),포 : 절인고기(포)  전복(포),16,U+9B91
鯆,포,포 : 상괭이(포) 가오리(포),,18,U+9BC6
򠇴,포,포,,15,U+A01F4
򠇵,포,포,,11,U+A01F5
򠇶,포,포,,16,U+A01F6
暴,"포,폭","포,폭 : 사나울(포) 햇빛쪼일(폭) 드러낼(폭)","포,폭 : 사나울(포)  햇빛쪼일(폭) 드 러낼(폭)",15,U+66B4
幅,폭,폭 : 폭(폭),"복,부",12,U+5E45
曝,폭,폭 : 쬘(폭),포,19,U+66DD
瀑,폭,폭 : 폭포(폭) 소나기(포),포 : 소나기(포),18,U+7011
爆,폭,폭 : 터질(폭),"찬,포",19,U+7206
䏇,표,표,,17,U+43C7
俵,표,표 : 나누어줄(표),,10,U+4FF5
僄,표,표 : 가벼울(표) 날랠(표),,13,U+50C4
剽,표,표 : 겁박할(표) 빠를(표),표 : 겁박할(표) 빠 를(표),13,U+527D
勡,표,표 : 겁탈할(표) 겁박(표),,13,U+52E1
嘌,표,표 : 빠를(표) 푸린(표),,14,U+560C
嫖,표,표 : 기생놀이(표),,14,U+5AD6
彪,표,표 : 범(표),호,11,U+5F6A
慓,표,표 : 날랠(표),,14,U+6153
摽,표,표 : 낄(표) 칠(표) 떨어질(표),,14,U+647D
杓,표,표 : 북두자루(표),"범,작,진,포 : 구기(작)",7,U+6753
標,표,표 : 표(표) 나무끝(표),표 : 표(표) 나무끝 (표),15,U+6A19
殍,표,표 : 주려죽을(표),,11,U+6B8D
漂,표,표 : 떠다닐(표) 빨래할(표),표 : 떠다닐(표) 빨 래할(표),14,U+6F02
熛,표,표 : 불똥(표),,15,U+719B
瓢,표,표 : 바가지(표),,16,U+74E2
票,표,표 : 쪽지(표) 훌쩍날릴(표),"늠,율",11,U+7968
縹,표,표 : 옥새(표) 휘날릴(표),,17,U+7E39
翲,표,표 : 높이날(표),,17,U+7FF2
表,표,표 : 겉(표) 나타낼(표) 표(표),표 : 겉(표) 나타낼 (표) 표(표),9,U+8868
裱,표,표 : 목도리(표) 장황(표),,14,U+88F1
諘,표,표 : 칭찬할(표),,15,U+8AD8
豹,표,표 : 표범(표),모,10,U+8C79
鏢,표,표 : 탈집끝장식(표),,19,U+93E2
鑣,표,표 : 성할(표)  푼끌(표) 재갈(표),포,23,U+9463
飄,표,표 : 나무낄(표) 회오리바람(표) 떠돌(표),표 : 나무낄(표) 회 오리바람(표) 떠돌 (표),20,U+98C4
飆,표,표 : 폭풍(표) 바람 (표),,21,U+98C6
飇,표,표 : 폭풍(표) 바람(표),표 : 폭풍(표) 바람 (표),21,U+98C7
驃,표,표 : 날쌜(표) 표절따(표),표 : 날쌜(표) 표절 따(표),21,U+9A43
髟,표,표 : 머리털희뜩희뜩할(표) 깃발날릴(표),,10,U+9ADF
鰾,표,표 : 부레(표),,22,U+9C3E
品,품,품 : 가지(품) 품수(품),품 : 가지(품) 품수 (품),9,U+54C1
稟,품,품 : 받을(품) 사뢸(품),"늠,람,름 : 녹미(름) 곳집(름)",13,U+7A1F
楓,풍,풍 : 단풍나무(풍),나,13,U+6953
瘋,풍,풍 : 미칠(풍),,14,U+760B
諷,풍,풍 : 욀(풍) 풍자(풍),,16,U+8AF7
豊,풍,풍 : 풍년들(풍) 넉넉할(풍),"례,예 : 제사그릇(례)   예(례)   에물(례)(禮의   고자)",13,U+8C4A
豐,풍,풍 : 풍년들(풍) 넉넉할(풍),풍 : 풍년들(풍) 넉 넉할(풍),18,U+8C50
風,풍,풍 : 바람(풍) 교화(풍) 풍속(풍) 경치(풍) 모습(풍) 중풍(풍),풍 : 바람(풍) 교화 (풍) 풍속(풍)  경치(풍) 모습(풍) 중풍(풍),9,U+98A8
馮,풍,풍 : 성(풍),빙 : 도섭할(빙),12,U+99AE
彼,피,피 : 저(피),,8,U+5F7C
披,피,피 : 해칠(피) 열(피) 펼(피),파,8,U+62AB
疲,피,피 : 고달플(피),,10,U+75B2
皮,피,피 : 가죽(피) 겉(피),,5,U+76AE
被,피,피 : 이불(피) 덥힐(피),피 : 이불(피) 덥힐 (피),11,U+88AB
詖,피,피 : 치우칠(피),,12,U+8A56
避,피,피 : 피할(피),,17,U+907F
陂,피,피 : 기울어질(피),파 : 언덕(파),8,U+9642
鞁,피,피 : 말가슴걸이(피),,14,U+9781
髲,피,피 : 다리(피),,15,U+9AF2
腷,픽,픽 : 답답할(픽),핍,13,U+8177
㪤,필,필,,15,U+3AA4
㳼,필,필,,12,U+3CFC
佖,필,필 : 점잔피울(필) 가득할(필),필 : 점잔피울(필)  가득할(필),7,U+4F56
匹,필,필 : 필(필),,4,U+5339
咇,필,필: 향기날(필),,8,U+5487
妼,필,필 : 계집엄전할(필) 계집단정할(필),,8,U+59BC
弼,필,필 : 도울(필),,12,U+5F3C
必,필,필 : 반드시(필),,4,U+5FC5
滭,필,필 : 생끓어솟을(필),,14,U+6EED
熚,필,필 : 불활활탈(필),,15,U+719A
珌,필,필 : 칼장식옥(필),,9,U+73CC
畢,필,필 : 마칠(필),,11,U+7562
筆,필,필 : 붓(필),,12,U+7B46
篳,필,필 : 사립짝(필),,17,U+7BF3
罼,필,필 : 토끼그물(필),,16,U+7F7C
苾,필,필 : 향내(필),,11,U+82FE
蓽,필,필 : 사립짝(필),,17,U+84FD
觱,필,필 : 악기이름(필),,16,U+89F1
蹕,필,필 : 길치울(필),,18,U+8E55
邲,필,필 : 땅이름(필),,8,U+90B2
鉍,필,필 : 창자루(필),,13,U+924D
鞸,필,필 : 슬갑(필),병 : 칼집(병),20,U+97B8
韠,필,필 : 슬갑(필),,20,U+97E0
馝,필,필 : 향내날(필),"별,향",14,U+999D
駜,필,필 : 살찐말(필),,15,U+99DC
鵯,필,필,비 : 갈가마귀(비),19,U+9D6F
򠇷,필,필,,11,U+A01F7
乏,핍,핍 : 모자랄(핍),"지,필,하",5,U+4E4F
偪,핍,핍 : 닥칠(핍),,11,U+506A
逼,핍,핍 : 닥칠(핍),,13,U+903C
㗿,하,하,,16,U+35FF
㦆,하,하,호,14,U+3986
㰤,하,하,"가,화",9,U+3C24
下,하,하 : 아래(하) 내릴(하),하 : 아래(하) 내릴 (하),3,U+4E0B
何,하,하 : 어찌(하) 어느(하),아,7,U+4F55
厦,하,하 : 처마(하) 큰집(하),하 : 처마(하) 큰집 (하),12,U+53A6
呀,하,하 : 입딱벌릴(하),아 : 입딱벌릴(하/아),7,U+5440
哬,하,하 : 소리(하),"가,아",10,U+54EC
夏,하,하 : 여름(하) 나라(하) 회초리(하),하 : 여름(하) 나라 (하) 회초리(하),10,U+590F
岈,하,하 : 땅이름(하),,7,U+5C88
廈,하,하 : 큰집(하) 행랑(하),하 : 큰집(하) 행랑 (하),13,U+5EC8
懗,하,하 : 공갈할(하),혁,17,U+61D7
抲,하,하,가,9,U+62B2
昰,하,하 : 옳을(시)(是의 사람이름 자) 여름(하)(夏의 고자),"강,시,영,정,황 : 옳을(시)(是의   사람이름   자)   여름(하)(夏의   고자)",9,U+6630
河,하,하 : 물(하) 은하수(하),하 : 물(하) 은하수 (하),8,U+6CB3
煆,하,하: 데울(하) 마를(하),하: 데울(하) 마를 (하),13,U+7146
瑕,하,하 : 티(하) 허물(하),희,13,U+7455
瘕,하,하 : 기생충병(하),가,14,U+7615
碬,하,하 : 숫돌(하),,14,U+78AC
罅,하,하 : 틈(하) 갈라질(하),,17,U+7F45
荷,하,하 : 연꽃(하) 멜(하),,13,U+8377
蕸,하,하: 연꽃잎(하),가,19,U+8578
蝦,하,하 : 새우(하) 두꺼비(하),하 : 새우(하) 두꺼 비(하),15,U+8766
賀,하,하 : 축하(하),"가,지,화",12,U+8CC0
赮,하,하 : 붉을(하),,16,U+8D6E
遐,하,하 : 멀(하),,13,U+9050
鍜,하,하 : 목투구(하),,17,U+935C
閜,하,하 : 크게 열릴(하) / 공허할(하),,13,U+959C
霞,하,하 : 놀(하),,17,U+971E
鰕,하,하 : 새우(하),,20,U+9C15
𧬂,하,하,,19,U+27B02
򠇸,하,하,,13,U+A01F8
嚇,"하,혁","하,혁: 껄껄웃을(하) 으를(하) 성낼(혁)",혁: 성낼 (혁),17,U+5687
嗃,학,학 : 엄숙히꾸짖을(학),"호,효 : 볼멘소리(효)   크게부르짖을(효)",13,U+55C3
壆,학,학 : 흙굳을(학),,16,U+58C6
壑,학,학 : 골(학),,17,U+58D1
学,학,학 : 學(배울(학))의 俗字,학 : 學(배울(학)) 의 俗字,8,U+5B66
學,학,학 : 배울(학),,16,U+5B78
狢,학,학 : 담비(학),,9,U+72E2
瘧,학,학 : 학질(학),,14,U+7627
皬,학,학 : 새흴(학)  머리셀(학),확,21,U+76AC
确,학,학 : 자갈땅(학) 정확할(학),"각,확 : 자갈땅(각) 정확할(각)",12,U+786E
翯,학,학 : 함치르르할(학),"호,혹 : 깃윤택할(혹) 흰깃(호)",16,U+7FEF
虐,학,학 : 해롭게할(학) 재앙(학),학 : 해롭게할(학)  재앙(학),7,U+8650
謔,학,학 : 농할(학),,16,U+8B14
謞,학,학 : 간틀할(학),호,17,U+8B1E
郝,학,학 : 땅이름(학),"석,하",10,U+90DD
鶴,학,학 : 학(학),확,21,U+9DB4
鷽,학,학 : 무지개(학),초,24,U+9DFD
䦥,한,한,,16,U+49A5
僩,한,한 : 굳셀(한)  활발할(한),환,14,U+50E9
嫺,한,한 : 아담할(한),환,15,U+5AFA
嫻,한,한 : 아담할(한),,15,U+5AFB
寒,한,한 : 찰(한),,12,U+5BD2
恨,한,한 : 한할(한) 뉘우칠(한),한 : 한할(한) 뉘우 칠(한),9,U+6068
悍,한,한 : 사나울(한),,10,U+608D
憪,한,한 : 마음고요할(한) 말더듬거릴(한),윤,15,U+61AA
扞,한,한: 막을(한),,6,U+625E
捍,한,한 : 막을(한),,10,U+634D
旱,한,한 : 가물(한),,7,U+65F1
晘,한,한,"항,호",11,U+6658
暵,한,한 : 말릴(한)  마를(한),선,15,U+66B5
橌,한,한,,16,U+6A4C
汗,한,한 : 땀(한),"호,간",6,U+6C57
漢,한,한 : 한나라(한) 사내(한),한 : 한나라(한) 사 내(한),14,U+6F22
澖,한,한 : 넓을(한),유,15,U+6F96
澣,한,한 : 빨래할(한) 열흘(한),완,16,U+6FA3
瀚,한,한 : 넓을(한),,19,U+701A
熯,한,한 : 말릴(한),선 : 사를(선),15,U+71AF
罕,한,한 : 드물(한),,8,U+7F55
翰,한,한 : 깃(한) 붓(한) 글(한),,16,U+7FF0
邗,한,한: 땅이름(한) 운하이름(한),"방, 욱",6,U+9097
釬,한,한 : 어깨에두르는갑옷(한),,11,U+91EC
銲,한,한 : 땜질할(한),우,15,U+92B2
閈,한,한 : 이문(한),,11,U+9588
閑,한,한 : 마구간(한) 막을(한) 법(한) 익을(한) 여유(한),한 : 마구간(한) 막 을(한) 법(한)  익을(한) 여유(한),12,U+9591
閒,한,한 : 한가할(한),간,12,U+9592
限,한,한 : 지경(한) 기한(한),한 : 지경(한) 기한 (한),9,U+9650
雗,한,한 : 흰꿩(한),,18,U+96D7
韓,한,한 : 나라이름(한) 성(한),한 : 나라이름(한)  성(한),17,U+97D3
駻,한,한 : 사나운말(한),,17,U+99FB
鷳,한,한 : 새이름(한),,23,U+9DF3
鼾,한,한 : 코고는소리(한),,17,U+9F3E
𡽜,한,한,"리,안",17,U+21F5C
割,할,할 : 벨(할) 해로울(할),할 : 벨(할) 해로울 (할),12,U+5272
瞎,할,할 : 애꾸눈(할) 눈멀(할),,15,U+778E
轄,할,할 : 비녀장(할) 다스릴(할),할 : 비녀장(할) 다 스릴(할),17,U+8F44
函,함,함 : 상자(함),,8,U+51FD
含,함,함 : 머금을(함) 품을(함),함 : 머금을(함) 품 을(함),7,U+542B
咸,함,함 : 다(함),,9,U+54B8
啣,함,함 : 받들(함) 품을(함),함 : 받들(함) 품을 (함),11,U+5563
喊,함,함 : 소리칠(함),,12,U+558A
檻,함,함 : 난간(함),"감,람",18,U+6ABB
欦,함,함 : 웃음먹을(함),령,8,U+6B26
涵,함,함 : 담글(함),,11,U+6DB5
緘,함,함 : 봉할(함) 묶을(함),함 : 봉할(함) 묶을 (함),15,U+7DD8
艦,함,함 : 싸움배(함),,20,U+8266
莟,함,함 : 꽃필(함) 꽃술(함),,13,U+839F
菡,함,함 : 연꽃(함),,14,U+83E1
諴,함,함 : 화할(함) 정성(함),,16,U+8AF4
轞,함,함 : 수레구르는소리(함) 죄인태우는수레(함),,21,U+8F5E
銜,함,함 : 재갈(함) 직함(함) 받들(함),함 : 재갈(함) 직함 (함) 받들(함),14,U+929C
闞,함,함 : 으르렁거릴(함),감 : 바라볼(감),20,U+95DE
陷,함,함 : 빠질(함) 함정(함),연,11,U+9677
鹹,함,함 : 짤(함),,20,U+9E79
򠉣,함,함,,22,U+A0263
匌,합,합 : 기운답답할(합) ,,8,U+530C
合,합,합 : 합할(합) 맞을(합),합 : 합할(합) 맞을 (합),6,U+5408
哈,합,합 : 마실(합),흡,9,U+54C8
嗑,합,합 : 말많을(합),,13,U+55D1
柙,합,합 : 우리(합),"갑,줄 : 우리(합)",9,U+67D9
榼,합,합 : 통(합),,14,U+69BC
溘,합,합 : 갑자기(합),갑,13,U+6E98
盍,합,합 : 어찌아니할(합),,10,U+76CD
盒,합,합 : 합(합),,11,U+76D2
蛤,합,합 : 조개(합),,12,U+86E4
詥,합,합 : 화할(합),,13,U+8A65
郃,합,합 : 땅이름(합),,9,U+90C3
閤,합,합 : 협문(합),,14,U+95A4
闔,합,합 : 문짝(합) 닫을(합) 온(합) 하늘문(합),합 : 문짝(합) 닫을 (합) 온(합) 하 늘문(합),18,U+95D4
陜,합,합 : 땅이름(합),협 : 좁을(협),10,U+965C
亢,항,항 : 목(항) 높을(항),원,4,U+4EA2
伉,항,항 : 짝(항) 굳셀(항) 높을(항),강,6,U+4F09
夯,항,항 : 멜(앙/항),강,5,U+592F
姮,항,항 : 항아(항),"달,원,환,황,훤",9,U+59EE
巷,항,항 : 거리(항),,9,U+5DF7
恆,항,항 : 늘(항) 항구(항),긍 : 늘(항/긍)   항구(항/긍),9,U+6046
恒,항,항 : 늘(항) 항구(항),"긍,선,원,한,환",9,U+6052
抗,항,항 : 막을(항) 겨룰(항),항 : 막을(항) 겨룰 (항),7,U+6297
杭,항,항 : 고을이름(항),,8,U+676D
桁,항,항 : 차꼬(항),"행,형 : 도리(형)",10,U+6841
沆,항,항 : 넓을(항),,7,U+6C86
炕,항,항 : 구들(항) 마를(항),,8,U+7095
缸,항,항 : 항아리(항),,9,U+7F38
缿,항,항 : 투서함(항),,12,U+7F3F
肛,항,항 : 똥구멍(항),홍,7,U+809B
航,항,항 : 배(항),,10,U+822A
貥,항,항 : 큰자개(항),,11,U+8CA5
項,항,항 : 목덜미(항) 항목(항),정,12,U+9805
頏,항,항 : 새날아내릴(항)  목구멍(항),,13,U+980F
󱔿,항,항,,13,U+F153F
行,"항,행","항,행 : 다닐(행) 갈(행) 항렬(항)","항,행 : 다닐(행)  갈(행) 항렬(항)",6,U+884C
㰩,해,해,,10,U+3C29
䀭,해,해,,11,U+402D
亥,해,해 : 열두째지지(해),,6,U+4EA5
侅,해,해 : 이상할(해),,8,U+4F85
偕,해,해 : 함께(해),"계,혜",11,U+5055
咍,해,해 : 비웃을(해),태,8,U+548D
咳,해,해 : 기침(해),,9,U+54B3
垓,해,해 : 땅가장자(해),"준,혜",9,U+5793
奚,해,해 : 어찌(해) 어느곳(해),"계,혜",10,U+595A
姟,해,해,혜,9,U+59DF
孩,해,해 : 어린아이(해),혜,9,U+5B69
害,해,해 : 해할(해) 시기할(해),해 : 해할(해) 시기 할(해),10,U+5BB3
嶰,해,해 : 골짜기이름(해),,16,U+5DB0
廨,해,해 : 공해(해),,16,U+5EE8
懈,해,해 : 게으를(해),,16,U+61C8
晐,해,해: 갖출(해),,10,U+6650
楷,해,해 : 본(해) 해서(해),"개,계,혜  : 해서(해)",13,U+6977
欬,해,해 : 기침(해),,10,U+6B2C
海,해,해 : 바다(해),,10,U+6D77
澥,해,해: 묽을(해) 바다(해),해: 묽을(해) 바다 (해),16,U+6FA5
瀣,해,해 : 이슬기운(해),애,19,U+7023
獬,해,해 : 해태(해),,16,U+736C
瑎,해,해 : 검은옥돌(해),,13,U+744E
痎,해,해 : 학질(해),,11,U+75CE
祄,해,해: 하늘이 도울(해),,9,U+7944
絯,해,해 : 묽을(해)  걸(해) 굵은실(해),핵,12,U+7D6F
荄,해,해 : 풀뿌리(해),,12,U+8344
薤,해,해 : 염교(해),,19,U+85A4
蟹,해,해 : 게(해),,19,U+87F9
解,해,해 : 풀(해),,13,U+89E3
該,해,해 : 갖출(해) 맞을(해) 그(해),해 : 갖출(해) 맞을 (해) 그(해),13,U+8A72
諧,해,해 : 어울릴(해) 고를(해) 농짓거리(해),계,16,U+8AE7
賅,해,해 : 갖출(해),,13,U+8CC5
邂,해,해 : 만날(해),,17,U+9082
郋,해,해 : 마을이름(해),혜 : 마을이름(혜),9,U+90CB
醢,해,해 : 육장(해),,17,U+91A2
陔,해,해 : 층계(해),,9,U+9654
頦,해,해 : 턱밑(해),,15,U+9826
駭,해,해 : 놀날(해),,16,U+99ED
骸,해,해 : 뼈(해),,16,U+9AB8
鮭,해,해 : 어채(해) 북어(해),"규,혜",17,U+9BAD
龤,해,해 : 노래의가락이조화될(해),,26,U+9FA4
򠊐,해,해,해: 염교(해),19,U+A0290
󱕃,해,해,,10,U+F1543
󲭧,해,해 : 하늘이 도울(해),"기,유,혜",8,U+F2B67
劾,핵,핵 : 캐물을(핵),"해,혜",8,U+52BE
核,핵,핵 : 씨(핵) 실과(핵),해,10,U+6838
翮,핵,핵 : 깃촉(핵),"격,역,혁",16,U+7FEE
覈,핵,핵 : 핵실할(핵),,19,U+8988
倖,행,행 : 요행(행),재,10,U+5016
婞,행,행 : 패려궂을(행),임,11,U+5A5E
幸,행,행 : 다(행) 바랄(행),재,8,U+5E78
悻,행,행 : 성낼(행),,11,U+60BB
杏,행,행 : 살구나무(행) 살구(행),"앵,향",7,U+674F
涬,행,행 : 기운(행) 담길(행),행 : 기운(행) 담길 (행),11,U+6DAC
烆,행,행 : 횃불(행),형,10,U+70C6
荇,행,행 : 노랑머리연꽃(행),,12,U+8347
򠇹,행,행,,12,U+A01F9
䅨,향,향,형,14,U+4168
享,향,향 : 드릴(향) 누릴(향),형 : 드릴(향)   누릴(향),8,U+4EAB
向,향,향 : 향방(향),"경,상,형 : 성(상)",6,U+5411
嚮,향,향 : 향할(향) 가까이갈(향),향 : 향할(향) 가까 이갈(향),19,U+56AE
晑,향,향 : 밝을(향),"상,항",10,U+6651
曏,향,향 : 지난번(향),,16,U+66CF
楿,향,향 : 계수나무(향),,13,U+697F
珦,향,향 : 옥이름(향),"항,행,형",10,U+73E6
萫,향,향 : 나물국(향),,15,U+842B
薌,향,향 : 향내(향) 향내날(향),,18,U+858C
鄕,향,향 : 시골(향) 고향(향),향 : 시골(향) 고향 (향),13,U+9115
響,향,향 : 울릴(향),,20,U+97FF
餉,향,향 : 군량(향) 보낼(향),향 : 군량(향) 보낼 (향),15,U+9909
饗,향,향 : 대접할(향) 누릴(향),향 : 대접할(향) 누 릴(향),21,U+9957
香,향,향 : 향기(향) 향(향),행,9,U+9999
麘,향,향 : 사향사슴(향),,20,U+9E98
噓,허,허 : 내불(허),,14,U+5653
墟,허,허 : 터(허),,15,U+589F
歔,허,허 : 흐느낄(허),,16,U+6B54
虛,허,허 : 빌(허) 헛될(허),,10,U+865B
許,허,허 : 허락할(허) 바랄(허) 나아갈(허) 나라이름(허),허 : 허락할(허) 바 랄(허) 나아갈(허) 나라이름(허)  이영차(호),11,U+8A31
鄦,허,허 : 허나라(허),,15,U+9126
㦥,헌,헌,훤,19,U+39A5
䡣,헌,헌,"혼,훈,흔",16,U+4863
巘,헌,헌 : 봉우리(헌),,23,U+5DD8
巚,헌,헌 : 봉우리(헌),,23,U+5DDA
幰,헌,헌 : 수레휘장(헌),,19,U+5E70
憲,헌,헌 : 법(헌) 상관(헌),,15,U+61B2
攇,헌,헌 : 비길(헌) 물건맬(헌),,19,U+6507
櫶,헌,헌 : 나무이름(헌),,20,U+6AF6
獻,헌,헌 : 드릴(헌) 권할(헌),헌 : 드릴(헌) 권할 (헌),19,U+737B
軒,헌,헌 : 초헌(헌) 처마(헌) 웃을(헌),"한,현",10,U+8ED2
昍,"헌,훤","헌,훤: 밝을(훤)","권, 일, 정, 현",8,U+660D
歇,헐,헐 : 쉴(헐),,13,U+6B47
嶮,험,험 : 험할(험),,16,U+5DAE
獫,험,험 : 오랑캐이름(험),렴 : 오랑캐이름(렴),16,U+736B
玁,험,험 : 오랑캐이름(험),,23,U+7381
險,험,험 : 험할(험),,16,U+96AA
驗,험,험 : 시험할(험) 증험할(험) 효험(험),험 : 시험할(험) 증 험할(험) 효험(험),23,U+9A57
䚂,혁,혁,,14,U+4682
侐,혁,혁 : 고요할(혁),혈,8,U+4F90
奕,혁,혁 : 겹칠(혁),역,9,U+5955
弈,혁,혁 : 바둑(혁),,9,U+5F08
洫,혁,혁 : 봇도랑(혁),,9,U+6D2B
焃,혁,혁 : 붉을(혁) 밝을(혁) 빛날(혁),혁 : 붉을(혁) 밝을 (혁) 빛날(혁),11,U+7103
焱,혁,혁 : 불꽃(혁),"석,염 : 불꽃(혁/염)",12,U+7131
煂,혁,혁 : 불태울(혁),엽,13,U+7142
爀,혁,혁 : 불빛(혁) 빛날(혁),"선,현",18,U+7200
赥,혁,혁 : 껄껄웃을(혁) 붉을(혁),,11,U+8D65
赩,혁,혁 : 새빨갈(혁),,13,U+8D69
赫,혁,혁 : 빛날(혁),,14,U+8D6B
革,혁,혁 : 가죽(혁) 고칠(혁),혁 : 가죽(혁) 고칠 (혁) 다급할(극),9,U+9769
鬩,혁,혁 : 다툴(혁),역,18,U+9B29
𧹽,혁,혁,,21,U+27E7D
㢺,현,현,,11,U+38BA
㬎,현,현,압,14,U+3B0E
㭹,현,현,,12,U+3B79
䝮,현,현,,12,U+476E
䧋,현,현,원,10,U+49CB
仚,현,현,"선,헌 : 사람산위에 있을(헌)",5,U+4EDA
俔,현,현 : 염탐할(현),"견,경,규 : 비유할(견)",9,U+4FD4
儇,현,현 : 영리할(현),,15,U+5107
呟,현,현 : 큰소리(현),현 : 큰소리(현/견),8,U+545F
埍,현,현 : 계집가두는옥(현),"견,연",10,U+57CD
妶,현,현: 여자이름(현),해,8,U+59B6
娊,현,현: 허리가늘(현),연,10,U+5A0A
娹,현,현 : 지킬(현),,11,U+5A39
嬛,현,현: 산뜻할(현),"경, 환",16,U+5B1B
峴,현,현 : 산이름(현),,10,U+5CF4
弦,현,현 : 시위(현) 줄(현),홍,8,U+5F26
怰,현,현 : 팔(현),행,8,U+6030
懸,현,현 : 달(현) 달릴(현),,20,U+61F8
昡,현,현 : 햇빛(현),"화,헌",9,U+6621
晛,현,현 : 해뜰(현),연,11,U+665B
泫,현,현 : 눈물흘릴(현),,8,U+6CEB
灦,현,현: 물깊고맑을(현),,26,U+7066
炫,현,현 : 빛날(현),"석,주",9,U+70AB
玄,현,현 : 검을(현),,5,U+7384
玹,현,현 : 옥돌(현),,9,U+73B9
現,현,현 : 나타날(현) 지금(현),현 : 나타날(현) 지 금(현),11,U+73FE
琄,현,현 : 패옥늘어 질(현),"연,원",11,U+7404
痃,현,현 : 현벽(현) 가래톳(현),,10,U+75C3
眩,현,현 : 아찔할(현) 현혹할(현),현 : 아찔할(현) 현 혹할(현),10,U+7729
睍,현,현 : 고울(현) 물끄러미볼(현),주,12,U+774D
絃,현,현 : 줄(현) 현악기(현),현 : 줄(현) 현악기 (현),11,U+7D43
絢,현,현 : 무늬(현) 고울(현),순,12,U+7D62
縣,현,현 : 현(현),,16,U+7E23
繯,현,현 : 얽매을(현),환 : 엷은비단(환),19,U+7E6F
翾,현,현 : 날(현),,19,U+7FFE
胘,현,현 : 소천엽(현),,9,U+80D8
舷,현,현 : 뱃전(현),,11,U+8237
莧,현,현 : 비름(현),한,13,U+83A7
虤,현,현 : 범성낼(현),안,14,U+8664
蜆,현,현 : 바지락조개(현),,13,U+8706
衒,현,현 : 자랑할(현),형,11,U+8852
袨,현,현 : 고운옷(현),,11,U+88A8
誢,현,현 : 간사할(현),나,14,U+8AA2
譞,현,현 : 슬기로울(현) 말수다할(현),"연,환",20,U+8B5E
讂,현,현 : 욕심낼(현),,22,U+8B82
賢,현,현 : 어질(현),,15,U+8CE2
鉉,현,현 : 소귀고리(현) 활시위(현),진,13,U+9249
鋗,현,현 : 통노구(현) 노구솥(현),"견,연",15,U+92D7
鋧,현,현 : 푼끌(현),경,15,U+92E7
顕,현,현 : 顯(나타날(현)의 俗字,현 : 顯(나타날(현) 의 俗字,18,U+9855
顯,현,현 : 밝을(현),,23,U+986F
駽,현,현 : 청흑색말(현),,17,U+99FD
矎,"현,형","현,형 : 눈부실(현)",경,20,U+77CE
孑,혈,혈 : 고단할(혈),,3,U+5B51
穴,혈,혈 : 움(혈) 구멍(혈),,5,U+7A74
絜,혈,혈 : 잴(혈),"결,경 : 깨끗할(결)",12,U+7D5C
血,혈,혈 : 피(혈),,6,U+8840
趐,혈,혈 : 나아갈(혈),"시,익,홀 : 새가떼로날(협)",13,U+8D90
頁,혈,혈 : 머리(혈),"하,현",9,U+9801
嫌,혐,혐 : 싫어할(혐) 의심할(혐),염,13,U+5ACC
俠,협,협 : 호협할(협),,9,U+4FE0
冾,협,협 : 화할(협) 젖을(협) 윤택할(협),협 : 화할(협) 젖을 (협) 윤택할(협),8,U+51BE
劦,협,협 : 힘을합할(협),,6,U+52A6
匧,협,협 : 옷상자(협/겹)  꿰맬(협/겹),,9,U+5327
協,협,협 : 합할(협),,8,U+5354
叶,협,협 : 화합할(협),"염,엽",5,U+53F6
埉,협,협 : 물가(협),"상,섭",10,U+57C9
夾,협,협 : 낄(협),"상,섭",7,U+593E
峽,협,협 : 골짜기(협),,10,U+5CFD
恊,협,협 : 합할(협),,9,U+604A
悏,협,협 : 생각할(협),,10,U+608F
愜,협,협 : 만족할(협),,12,U+611C
拹,협,협 : 꺽을(협),랍 : 부러질(랍),9,U+62F9
挾,협,협 : 낄(협),섭,10,U+633E
浹,협,협 : 두루미칠(협),섭,10,U+6D79
狹,협,협 : 좁을(협),,10,U+72F9
硤,협,협 : 땅이름(협),혁,12,U+7864
篋,협,협 : 상자(협),,15,U+7BCB
脅,협,협 : 갈비(협) 거둘(협) 으를(협),협 : 갈비(협) 거둘 (협) 으를(협),10,U+8105
脇,협,협 : 겨드랑이(협),협 : 겨드랑이(협)  으슥거릴(흡),10,U+8107
莢,협,협 : 꼬투리(협),,13,U+83A2
鋏,협,협 : 칼(협) 칼코등이(협),협 : 칼(협) 칼코등 이(협),15,U+92CF
頰,협,협 : 뺨(협),,16,U+9830
򠇺,협,협,,13,U+A01FA
㚾,형,형,,8,U+36BE
亨,형,형 : 형통할(형),진,7,U+4EA8
侀,형,형: 본(형) 모범(형),,8,U+4F80
兄,형,형 : 형(형),,5,U+5144
刑,형,형 : 형벌(형),,6,U+5211
型,형,형 : 거푸집(형) 본보기(형),형 : 거푸집(형) 본 보기(형),9,U+578B
夐,형,형 : 멀(형) 길(형),,14,U+5910
娙,형,형 : 맵시어여쁠(형) 계집키클(형) 여자벼슬이름(형),"경,미,영",10,U+5A19
嵤,형,형 : 산깊을(형) 산가파를(형),,13,U+5D64
形,형,형 : 형상(형) 형체(형),형 : 형상(형) 형체 (형),7,U+5F62
泂,형,형 : 멀(형),두,8,U+6CC2
浻,형,형 : 물소용돌이칠(형),영,10,U+6D7B
滎,형,형 : 개천(형),영,13,U+6ECE
瀅,형,형 : 맑을(형),영,18,U+7005
灐,형,형 : 물이름(형),영,21,U+7050
炯,형,형 : 밝을(형),,9,U+70AF
熒,형,형 : 밝을(형),영,14,U+7192
珩,형,형 : 노리개(형),"가,연,옥,현",10,U+73E9
脝,형,형 : 배부릴(형),,11,U+811D
荊,형,형 : 모형(형) 가시나무(형),형 : 모형(형) 가시 나무(형),12,U+834A
蘅,형,형 : 두형초(형),,22,U+8605
螢,형,형 : 개똥벌레(형),영,16,U+87A2
衡,형,형 : 저울(형) 달(형),,16,U+8861
詗,형,형 : 염탐할(형),"연,영",12,U+8A57
迥,형,형 : 멀(형),,9,U+8FE5
逈,형,형 : 멀(형),,10,U+9008
邢,형,형 : 나라이름(형),,7,U+90A2
鎣,형,형 : 줄(형),"부,영,초",18,U+93A3
陘,형,형 : 지레목(형),경,10,U+9658
馨,형,형 : 향내날(형),,20,U+99A8
򠇻,형,형,,12,U+A01FB
㨙,혜,혜,해,13,U+3A19
䚷,혜,혜,예,11,U+46B7
傒,혜,혜 : 가둘(혜),"계,해",12,U+5092
僡,혜,혜,,14,U+50E1
兮,혜,혜 : 어조사(혜),,4,U+516E
匸,혜,혜: 감출(혜) 덮을(혜),혜: 감출(혜) 덮을 (혜),2,U+5338
嘒,혜,혜 : 매미소리(혜),,14,U+5612
寭,혜,혜 : 밝힐(혜) 깨달을(혜),우,15,U+5BED
徯,혜,혜 : 기다릴(혜),,13,U+5FAF
恵,혜,혜,,10,U+6075
惠,혜,혜 : 은혜(혜),,12,U+60E0
慧,혜,혜 : 총명할(혜),지,15,U+6167
憓,혜,혜 : 사랑할(혜),한,15,U+6193
暳,혜,혜 : 별반짝거릴(혜),리,15,U+66B3
榽,혜,혜 : 나무이름(혜),계 : 묶을(계),14,U+69BD
槥,혜,혜 : 작은관(혜),,15,U+69E5
橞,혜,혜 : 나무이름(혜),수,16,U+6A5E
潓,혜,혜 : 물이름(혜),,15,U+6F53
盻,혜,혜 : 흘길(혜),,9,U+76FB
蕙,혜,혜 : 난초(혜),,18,U+8559
謑,혜,혜 : 비뚤(혜) 후욕할(혜) 성내어말할(하),,17,U+8B11
譓,혜,혜 : 슬기많을(혜) 분별할(혜),혜 : 슬기많을(혜)  분별할(혜),19,U+8B53
譿,혜,혜 : 살필(혜) 분별할(혜),혜 : 살필(혜) 분별 할(혜),22,U+8B7F
蹊,혜,혜 : 좁은길(혜),"계,해",17,U+8E4A
醯,혜,혜 : 초(혜),,19,U+91AF
鏸,혜,혜 : 세모창(혜),,20,U+93F8
鞋,혜,혜 : 신(혜),,15,U+978B
򠇼,혜,혜,,18,U+A01FC
乎,호,호 : 어조사(호),,5,U+4E4E
互,호,호 : 서로(호),,4,U+4E92
儫,호,호 : 영웅(호),,16,U+512B
冱,호,호 : 얼(호) 추위(호),,6,U+51B1
号,호,호 : 부르짖을(호),,5,U+53F7
呼,호,호 : 숨내쉴(호),,8,U+547C
哠,호,호 : 말많을(호),,10,U+54E0
唬,호,호 : 으를(호),"언,효",11,U+552C
嘷,호,호 : 짖을(호),,15,U+5637
嚎,호,호 : 울부짖을(호),,17,U+568E
垀,호,호 : 낮은담(호) 번거러울(호),,8,U+5780
壕,호,호 : 해자(호),,17,U+58D5
壺,호,호 : 병(호),,12,U+58FA
好,호,호 : 좋을(호) 좋아할(호),녀,6,U+597D
嫭,호,호: 아름다울(호) 자랑할(호),,14,U+5AED
嫮,호,호 : 아름다울(호)  자랑할(호),,14,U+5AEE
岵,호,호 : 산(호),,8,U+5CB5
弧,호,호 : 활(호),,8,U+5F27
怙,호,호: 믿을(호) 아비(호),고,8,U+6019
戶,호,호 : 지게(호),,4,U+6236
扈,호,호 : 따를(호),,11,U+6248
昈,호,호 : 문채날(호) 밝을(호),,8,U+6608
昊,호,호 : 하늘(호),대,8,U+660A
晧,호,호 : 밝을(호) 빛(호),"고,오",11,U+6667
暤,호,호 : 밝을(호),,14,U+66A4
枑,호,호 : 울짱(호),,8,U+6791
楛,호,호 : 나무이름(호),"고,우 : 거칠(고)",13,U+695B
楜,호,호 : 후추(호),,13,U+695C
毫,호,호 : 잔털(호) 붓(호) 조금(호),,11,U+6BEB
沍,호,호 : 얼(호) 추위(호),,7,U+6C8D
浩,호,호 : 넓을(호),,10,U+6D69
淏,호,호 : 맑을(호),모,11,U+6DCF
湖,호,호 : 호수(호),,12,U+6E56
滈,호,호 : 장마(호),,13,U+6EC8
滬,호,호 : 물이름(호) 대어살(호),,14,U+6EEC
滸,호,호 : 물가(호),"철,허",14,U+6EF8
滹,호,호 : 물이름(호),,14,U+6EF9
澔,호,호 : 물펀질할(호) 넓고클(호),호 : 물펀질할(호)  넓고클(호),15,U+6F94
濠,호,호 : 해자(호),,17,U+6FE0
濩,호,호 : 퍼질(호) 풍류(호),"학,확  : 기슭물떨어질(확)",17,U+6FE9
灝,호,호 : 아득할(호),현,24,U+705D
熩,호,호: 빛(호),"구, 산, 후",15,U+71A9
犒,호,호 : 호궤할(호),"고,효 : 호궤할(고)",14,U+7292
狐,호,호 : 여우(호),,8,U+72D0
猢,호,호 : 원숭이(호),,12,U+7322
琥,호,호 : 호박(호),,12,U+7425
瑚,호,호 : 산호(호),,13,U+745A
瓠,호,호 : 박(호),,11,U+74E0
瓳,호,호: 벽돌(호),,10,U+74F3
皓,호,호 : 밝을(호),,12,U+7693
皜,호,호 : 밝을(호),고,15,U+769C
皞,호,호 : 흴(호),,15,U+769E
祜,호,호 : 복(호),,10,U+795C
糊,호,호 : 풀(호) 바를(호),,15,U+7CCA
縞,호,호 : 명주(호) 흴(호),고,16,U+7E1E
聕,호,호 : 들릴(호) 긴귀(호),,13,U+8055
胡,호,호 : 오랑캐(호) 어찌(호),호 : 오랑캐(호) 어 찌(호),9,U+80E1
芐,호,호 : 지황(호/하),하 : 지황(호/하),9,U+8290
芦,호,호 : 지황(호) 부들(호),"노,로",10,U+82A6
葫,호,호 : 마늘(호),,15,U+846B
蒿,호,호 : 쑥(호),고,16,U+84BF
蔰,호,호: 빛(호),,17,U+8530
虍,호,호 : 범의무늬(호),,4,U+864D
虎,호,호 : 호랑이(호),,6,U+864E
號,호,호 : 이름(호) 차례(호) 부를(호),호 : 이름(호) 차례 (호) 부를(호),11,U+865F
蝴,호,호 : 나비(호),,15,U+8774
護,호,호 : 지킬(호) 도울(호),섭,21,U+8B77
譹,호,호 : 부르짖을(호),,21,U+8B79
豪,호,호 : 호저(호) 뛰어날(호),"정,홍",14,U+8C6A
醐,호,호 : 우락더껑이(호),,16,U+9190
鍸,호,호 : 쇠접시(호),,17,U+9378
鎬,호,호 : 남비(호) 호경(호) 빛날(호),호 : 남비(호) 호경 (호) 빛날(호),18,U+93AC
頀,호,호 : 풍류(호),,23,U+9800
顥,호,호 : 클(호) 빛날(호),"경,현 : 클(호)   빛날(호)",21,U+9865
餬,호,호 : 죽(호),,18,U+992C
鬍,호,호 : 수염(호),,19,U+9B0D
򠇽,호,호,,21,U+A01FD
򠇾,호,호,,23,U+A01FE
򠇿,호,호,,18,U+A01FF
򠈀,호,호,,10,U+A0200
򠈁,호,호,,15,U+A0201
򠈂,호,호,,16,U+A0202
򠉭,호,호,,12,U+A026D
򠋕,호,호 : 빛(호),,14,U+A02D5
󳑮,호,호,고,10,U+F346E
婋,"호,효","호,효: 계집영리할(호)",효,11,U+5A4B
惑,혹,혹 : 미혹할(혹),,12,U+60D1
或,혹,혹 : 혹(혹) 혹이(혹) 있을(혹),욱,8,U+6216
酷,혹,혹 : 독할(혹) 심할(혹),호,14,U+9177
熇,"혹,효","혹,효: 불꽃 이글이글할(혹) 불김(효)","학, 호: 불꽃성할(학)",14,U+7187
俒,혼,혼 : 완전할(혼) 걱정시 킬(혼),"완,원,훈,흔",9,U+4FD2
圂,혼,혼 : 뒷간(혼),환 : 뒷간(환),10,U+5702
婚,혼,혼 : 혼인할(혼),,11,U+5A5A
昏,혼,혼 : 날저물(혼) 어두울(혼),시,8,U+660F
混,혼,혼 : 섞일(혼) 흐릴(혼),곤,11,U+6DF7
渾,혼,혼 : 흐릴(혼) 모두(혼),"훈,휘",12,U+6E3E
湣,혼,혼 : 시호이름(혼),민 : 시호이름(민),12,U+6E63
溷,혼,혼 : 더러울(혼)  뒷간(혼),흔,13,U+6EB7
焜,혼,혼 : 빛날(혼),"곤,훈,흔",12,U+711C
琿,혼,혼 : 아름다운옥(혼),"훈,휘,흔 : 아름다운옥(혼)",13,U+743F
閽,혼,혼 : 문지기(혼) 문(혼),,16,U+95BD
魂,혼,혼 : 넋(혼),,14,U+9B42
囫,홀,홀 : 덩어리질(홀),,7,U+56EB
忽,홀,홀 : 홀연(홀) 소홀히할(홀),"총,흘",8,U+5FFD
惚,홀,홀 : 황홀할(홀),헬,11,U+60DA
笏,홀,홀 : 홀(홀),,10,U+7B0F
仜,홍,홍 : 배클(홍),공,5,U+4EDC
哄,홍,홍 : 떠들썩할(홍),,9,U+54C4
弘,홍,홍 : 클(홍) 넓힐(홍),,5,U+5F18
晎,홍,홍 : 날밝으려할(홍) 먼동틀(홍),공,10,U+664E
汞,홍,홍 : 수은(홍),흥 : 수은(홍/공),7,U+6C5E
泓,홍,홍 : 물깊을(홍),정,8,U+6CD3
洚,홍,홍 : 큰물(홍),"강,봉",9,U+6D1A
洪,홍,홍 : 클(홍) 큰물(홍),,9,U+6D2A
澒,홍,홍 : 잇달(홍),빈,15,U+6F92
灴,홍,홍 : 횃불(홍),공,7,U+7074
烘,홍,홍 : 불에쬐어말릴(홍),공,10,U+70D8
篊,홍,홍 : 통발(홍),,15,U+7BCA
紅,홍,홍 : 붉을(홍) 연지(홍),홍 : 붉을(홍) 연지 (홍) 상복이름(공) 길쌈(공),9,U+7D05
虹,홍,홍 : 무지개(홍),"강,공",9,U+8679
訌,홍,홍 : 어지러울(홍) 모함할(홍),홍 : 어지러울(홍)  모함할(홍),10,U+8A0C
鉷,홍,홍 : 살촉자리(홍),흥,14,U+9277
銾,홍,홍,,15,U+92BE
鬨,홍,홍 : 싸움소리(홍),,16,U+9B28
鴻,홍,홍 : 기러기(홍),,17,U+9D3B
㶡,화,화,"대,환",6,U+3DA1
伙,화,화 : 세간(화),,6,U+4F19
俰,화,화 : 화할(화),,10,U+4FF0
化,화,화 : 화할(화) 교화(화),화 : 화할(화) 교화 (화),4,U+5316
和,화,화 : 온화할(화) 화목할(화),화 : 온화할(화) 화 목할(화),8,U+548C
嘩,화,화 : 떠들썩할(화),엽,15,U+5629
姀,화,화 : 단정할(화),아,8,U+59C0
嬅,화,화 : 여자이름(화),,15,U+5B05
杹,화,화 : 목부용(화),,8,U+6779
樺,화,화 : 벚나무(화),엽,16,U+6A3A
澕,화,화 : 물깊을(화),,15,U+6F95
火,화,화 : 불(화) 불사를(화),화 : 불(화) 불사를 (화),4,U+706B
畫,화,화 : 그림(화)(畵의 이체자),획 : 그을(획)(畵의   이체자),12,U+756B
畵,화,화 : 그림(화),획 : 그을(획),13,U+7575
禍,화,화 : 재화(화),,14,U+798D
禾,화,화 : 벼(화),,5,U+79BE
花,화,화 : 꽃(화) 천연두(화),화 : 꽃(화) 천연두 (화),10,U+82B1
華,화,화 : 빛날(화) 꽃(화),엽,14,U+83EF
訸,화,화 : 화평할(화),나,12,U+8A38
話,화,화 : 이야기(화) 착한말(화),화 : 이야기(화) 착 한말(화),13,U+8A71
譁,화,화 : 떠들썩할(화),,19,U+8B41
貨,화,화 : 재화(화) 물건(화),진,11,U+8CA8
鉌,화,화 : 찻방울(화),,13,U+924C
鏵,화,화 : 가래(화),,20,U+93F5
靴,화,화 : 신(화),,13,U+9774
驊,화,화 : 준마(화),,22,U+9A4A
龢,화,화 : 화목할(화),,22,U+9FA2
򠈃,화,화,,10,U+A0203
򠈄,화,화,,17,U+A0204
򠈅,화,화,,14,U+A0205
򠈆,화,화,,15,U+A0206
򠈇,화,화,,18,U+A0207
򠉤,화,화,,27,U+A0264
󳑷,화,화,,14,U+F3477
擴,확,확 : 넓힐(확),광,18,U+64F4
攫,확,확 : 움킬(확),,23,U+652B
曤,확,확 : 밝을(확),학,20,U+66E4
矍,확,확 : 두리번거릴(확),학,20,U+77CD
矡,확,확 : 송곳(확),곽 : 호미(확) ,25,U+77E1
確,확,확 : 단단할(확) 확실할(확),"학,휘",15,U+78BA
碻,확,확 : 여문돌(확),"학,호",15,U+78BB
礭,확,확 : 채찍(확),각 : 채찍(각),21,U+792D
穫,확,확 : 벨(확) 거둘(확),호,19,U+7A6B
鑊,확,확 : 가마솥(확),호,22,U+944A
򠈈,확,확,,19,U+A0208
丸,환,환 : 알(환) 둥글게할(환),환 : 알(환) 둥글게 할(환),3,U+4E38
喚,환,환 : 부를(환),,12,U+559A
圜,환,환 : 두를(환),원 : 둥글(원),16,U+571C
奐,환,환 : 빛날(환),,9,U+5950
宦,환,환 : 벼슬살이(환),신,9,U+5BA6
寰,환,환 : 경기고을(환),철,16,U+5BF0
峘,환,환 : 작은산이 큰산보다 높을(환),항,9,U+5CD8
幻,환,환 : 변할(환) 허깨비(환),환 : 변할(환) 허깨 비(환),4,U+5E7B
患,환,환 : 근심(환) 앓을(환) 재앙(환),환 : 근심(환) 앓을 (환) 재앙(환),11,U+60A3
愌,환,환 : 거스를(환),나,12,U+610C
懁,환,환 : 조급할(환),현,16,U+61C1
懽,환,환 : 기뻐할(환),"권,한",21,U+61FD
換,환,환 : 바꿀(환),,12,U+63DB
擐,환,환 : 꿸(환),현,16,U+64D0
晥,환,환 : 환할(환) 깨끗할(환),환 : 환할(환) 깨끗 할(환),11,U+6665
桓,환,환 : 표주(환),"원,한,항",10,U+6853
歡,환,환 : 기뻐할(환),"관,한",22,U+6B61
渙,환,환 : 흩어질(환),,12,U+6E19
澴,환,환 : 물결꿈틀거려 흐를(환),현,16,U+6FB4
煥,환,환 : 빛날(환),,13,U+7165
瑍,환,환 : 환옥(환),"연,침",13,U+744D
環,환,환 : 고리(환) 두를(환),환 : 고리(환) 두를 (환),17,U+74B0
瓛,환,환 : 옥홀(환),"헌,현",24,U+74DB
皖,환,환: 땅이름(환),"완, 한",12,U+7696
睆,환,환 : 밝을(환),"완,현",12,U+7746
紈,환,환 : 흰 비단(환),,9,U+7D08
絙,환,환 : 느즈러질(환),,12,U+7D59
芄,환,환 : 박주가리(환),완,9,U+8284
豢,환,환 : 기를(환),,13,U+8C62
轘,환,환 : 차열할(환),,20,U+8F58
還,환,환 : 돌아올(환) 갚을(환),환 : 돌아올(환) 갚 을(환),17,U+9084
鋎,환,환 : 칼(환),"완,원",15,U+92CE
鍰,환,환 : 엿냥쭝(환)  고리(환),원,17,U+9370
鐶,환,환 : 고리(환),현,21,U+9436
驩,환,환 : 말이화락한모양(환) 기뻐할(환),,28,U+9A69
鬟,환,환 : 쪽(환) 계집종(환),,23,U+9B1F
鰥,환,환 : 홀아비(환) 고기이름(환),환 : 홀아비(환) 고 기이름(환),21,U+9C25
򠈉,환,환,,22,U+A0209
򠈊,환,환,,28,U+A020A
讙,"환,훤","환,훤 : 시끄러울(환)",원,25,U+8B99
活,활,활 : 살(활) 살릴(활) 살림(활),호,9,U+6D3B
濶,활,활 : 闊(넓을(활))의 俗字,괄 : 闊(넓을(활))의   俗字,17,U+6FF6
猾,활,활 : 교활할(활),,13,U+733E
蛞,활,활 : 괄태충(활),,12,U+86DE
豁,활,활 : 넓을(활),,17,U+8C41
闊,활,활 : 넓을(활) 멀(활) 간략할(활),,17,U+95CA
兤,황,황 : 밝을(황),광,21,U+5164
凰,황,황 : 봉새(황),,11,U+51F0
喤,황,황 : 어린애울음소리(황),,12,U+55A4
堭,황,황 : 대궐(황) 해자(황),황 : 대궐(황) 해자 (황),12,U+582D
奛,황,황 : 밝고훤할(황),왕,11,U+595B
媓,황,황 : 여자이름(황),,12,U+5A93
幌,황,황 : 휘장(황),,13,U+5E4C
徨,황,황 : 배회할(황),,12,U+5FA8
怳,황,황 : 황홀한(황),열,8,U+6033
恍,황,황 : 황홀할(황),광,9,U+604D
惶,황,황 : 두려워할(황),,12,U+60F6
愰,황,황 : 밝을(황) 맘들뜰(황) 마음청백할(황),효,13,U+6130
慌,황,황 : 허겁지겁할(황),,13,U+614C
晃,황,황 : 빛날(황) 밝을(황),"광,면",10,U+6643
晄,황,황 : 밝을(황) 성(황),"광,영,항",10,U+6644
楻,황,황 : 배(황),,13,U+697B
榥,황,황 : 채광창(황),광,14,U+69A5
況,황,황 : 모양(황),"심,항,형",8,U+6CC1
湟,황,황 : 물이름(황),영,12,U+6E5F
滉,황,황 : 물깊고넓을(황),"광,호",13,U+6EC9
潢,황,황 : 못(황),,15,U+6F62
煌,황,황 : 빛날(황),,13,U+714C
熿,황,황 : 빛날(황),광,16,U+71BF
瑝,황,황 : 옥돌(황),정,13,U+745D
璜,황,황 : 패옥(황),영,16,U+749C
皇,황,황 : 임금(황),왕,9,U+7687
皝,황,황 : 사람이름(황),,15,U+769D
篁,황,황 : 대이름(황),,15,U+7BC1
簧,황,황 : 허(황) 피리(황),,18,U+7C27
肓,황,황 : 명치(황),,7,U+8093
荒,황,황 : 거칠(황) 버릴(황),황 : 거칠(황) 버릴 (황),12,U+8352
葟,황,황 : 무성할(황),혼,15,U+845F
蝗,황,황 : 누리(황),,15,U+8757
貺,황,황 : 줄(황),항,12,U+8CBA
遑,황,황 : 한가할(황),,13,U+9051
鎤,황,황 : 종소리(황),"광,항",18,U+93A4
隍,황,황 : 해자(황),,12,U+968D
黃,황,황 : 누룰(황) 서두를(황) 성(황),황 : 누룰(황) 서두 를(황) 성(황),12,U+9EC3
򠈋,황,황,,12,U+A020B
򠈌,황,황,,14,U+A020C
会,회,회 : 會(모일(회)) 의 略字,,6,U+4F1A
佪,회,회 : 거닐(회) 어두울(회),,8,U+4F6A
匯,회,회 : 클(회),,13,U+532F
回,회,회 : 돌아올(회) 돌(회),회 : 돌아올(회) 돌 (회),6,U+56DE
廻,회,회 : 돌아올(회) 피할(회),훼,9,U+5EFB
徊,회,회 : 노닐(회),희,9,U+5F8A
恢,회,회 : 넓을(회) 넓힐(회),회 : 넓을(회) 넓힐 (회),9,U+6062
悔,회,회 : 뉘우칠(회) 후회할(회),"매,해",10,U+6094
懷,회,회 : 품을(회) 마음(회),회 : 품을(회) 마음 (회),19,U+61F7
晦,회,회 : 그믐(회) 어두울(회),"매,민,해,희",11,U+6666
會,회,회 : 모을(회),,13,U+6703
檜,회,회 : 전나무(회),괄,17,U+6A9C
洄,회,회 : 물거슬러흐를(회),,9,U+6D04
淮,회,회 : 물이름(회),"준,진,추,희",11,U+6DEE
澮,회,회 : 봇도랑(회),,16,U+6FAE
瀤,회,회 : 물이름(회),,19,U+7024
灰,회,회 : 재(회) 활기없을(회),희,6,U+7070
獪,회,회 : 교활할(회),쾌 : 교활할(회/쾌),16,U+736A
盔,회,회 : 투구(회),희,11,U+76D4
絵,회,회,에,12,U+7D75
繪,회,회 : 그림(회),정,19,U+7E6A
膾,회,회 : 회(회),,17,U+81BE
茴,회,회 : 약이름(회) 방풍잎(회),회 : 약이름(회) 방 풍잎(회),12,U+8334
蛔,회,회 : 거위(회),,12,U+86D4
詼,회,회 : 농짓거리할(회),,13,U+8A7C
誨,회,회 : 가를칠(회),"매,해,혜",14,U+8AA8
賄,회,회 : 재물(회) 뇌물(회),"유,혜 : 재물(회)   뇌물(회)",13,U+8CC4
迴,회,회 : 돌(회),,10,U+8FF4
鄶,회,회 : 나라이름(회),희,16,U+9136
頮,회,회 : 낯씻을(회),,16,U+982E
鱠,회,회 : 회(회) 준치(회),,24,U+9C60
򠈍,회,회,,12,U+A020D
劃,획,획 : 그을(획),,14,U+5283
嚄,획,획 : 외칠(획) 깜짝놀랄(획),,17,U+5684
獲,획,획 : 얻을(획) 종(획),획 : 얻을(획) 종(획) 실심할(확),17,U+7372
画,획,획: 가를(획),화,8,U+753B
򠈎,획,획,,18,U+A020E
宖,횡,횡 : 집울릴(횡),홍 : 클(홍),8,U+5B96
橫,횡,횡 : 가로(횡) 방자할(횡),"광,황",16,U+6A6B
澋,횡,횡 : 물돌아나갈(횡),"갱,경,영,형",15,U+6F8B
竑,횡,횡 : 넓을(횡) 잴(횡),,9,U+7AD1
鈜,횡,횡 : 쇠소리(횡),"경,형,홍",12,U+921C
鐄,횡,횡 : 허(횡),"광,호,홍,황 : 허(횡/황)",20,U+9404
鑅,횡,횡 : 종소리(횡),"영,형",22,U+9445
黌,횡,횡 : 학교(횡),"굉,황",25,U+9ECC
㤊,효,효,,7,U+390A
㮁,효,효,,12,U+3B81
㵿,효,효,호,18,U+3D7F
侾,효,효,,9,U+4FBE
傚,효,효 : 본받을(효),,12,U+509A
効,효,효 : 힘쓸(효),교,8,U+52B9
哮,효,효 : 으르렁거릴(효),,10,U+54EE
嘵,효,효 : 두려워할(효),,15,U+5635
嚆,효,효 : 외칠(효),,17,U+5686
囂,효,효 : 들랠(효),,21,U+56C2
孝,효,효 : 효도(효) 효자(효),효 : 효도(효) 효자 (효),7,U+5B5D
崤,효,효 : 산이름(효),,11,U+5D24
庨,효,효: 궁집드높을(효),,10,U+5EA8
效,효,효 : 본받을(효) 힘쓸(효),교,10,U+6548
斅,효,효 : 가르칠(효),학,20,U+6585
曉,효,효 : 새벽(효) 밝을(효),요,16,U+66C9
梟,효,효 : 올빼미(효) 목베어달(효),효 : 올빼미(효) 목 베어달(효),11,U+689F
歊,효,효 : 김오를(효) 더운김(효),호,14,U+6B4A
殽,효,효 : 섞일(효),,12,U+6BBD
洨,효,효: 물이름(효),"교, 회",9,U+6D28
涍,효,효 : 물가(효) 물이름(효),효 : 물가(효) 물이 름(효),10,U+6D8D
淆,효,효 : 섞일(효),울,11,U+6DC6
爻,효,효 : 사귈(효),,4,U+723B
皛,효,효 : 밝을(효),호,15,U+769B
窙,효,효 : 넓을(효) 높을(효),효 : 넓을(효) 높을 (효),12,U+7A99
肴,효,효 : 안주(효),,8,U+80B4
虓,효,효: 범울(효),호,8,U+8653
詨,효,효 : 부르짖을(효),,13,U+8A68
謼,효,효 : 부르 짖을(효),호 : 부르짖을(호) 부를(호),18,U+8B3C
郩,효,효 : 땅이름(효) 산이름(효) 읍이름(효),횡,11,U+90E9
酵,효,효 : 지게미(효) 술괼(효),교,14,U+9175
餚,효,효 : 안주(효),,17,U+991A
驍,효,효 : 날랠(효),"교,요",22,U+9A4D
򠉙,효,효,,17,U+A0259
烋,"효,휴","효,휴: 기운건장할(효) 아름다울(휴) 화할(휴)","걸,유,회,효,휘: 기운건장할(효)",10,U+70CB
㰭,후,후,,10,U+3C2D
侯,후,후 : 후작(후),준,9,U+4FAF
候,후,후 : 물을(후) 기다릴(후) 철(후),후 : 물을(후) 기다 릴(후) 철(후),10,U+5019
厚,후,후 : 두터울(후) 두께(후),후 : 두터울(후) 두 께(후),9,U+539A
后,후,후 : 임금(후) 황후(후),우,6,U+540E
吼,후,후 : 울(후),,7,U+543C
吽,후,후 : 개짖는소리(후),우 : 개짖는소리(우),7,U+543D
喉,후,후 : 목구멍(후) 목(후),후 : 목구멍(후) 목 (후),12,U+5589
喣,후,후 : 따뜻하게할(후),,12,U+55A3
嗅,후,후 : 맡을(후),,13,U+55C5
垕,후,후,구,9,U+5795
堠,후,후 : 돈대(후),,12,U+5820
姁,후,후: 예쁠(후),"구,아,훈",8,U+59C1
帿,후,후 : 제후(후),,12,U+5E3F
後,후,후 : 뒤(후) 뒤로미룰(후),준,9,U+5F8C
朽,후,후 : 썩을(후),,6,U+673D
煦,후,후 : 따뜻하게할(후),구,13,U+7166
猴,후,후 : 원숭이(후),,12,U+7334
珝,후,후 : 옥이름(후),"우,욱,익",10,U+73DD
矦,후,후 : 벼슬이름(후),,9,U+77E6
篌,후,후 : 공후(후),,15,U+7BCC
詡,후,후 : 자랑할(후) 두루미칠(후)  날랠(후),"우,허",13,U+8A61
譃,후,후 : 망년된말(후),,19,U+8B43
逅,후,후 : 만날(후),,10,U+9005
郈,후,후 : 성(후),우,9,U+90C8
鄇,후,후 : 땅이름(후),,12,U+9107
酗,후,후 : 주정할(후),,11,U+9157
餱,후,후 : 뼈끝(후),,18,U+9931
򠉵,후,후 : 두터울(후),후,9,U+A0275
勛,훈,훈 : 공(훈),"운,현",12,U+52DB
勲,훈,훈 : 勳(공(훈))의 俗字,훈 : 勳(공(훈))의  俗字,15,U+52F2
勳,훈,훈 : 공(훈),,16,U+52F3
塤,훈,훈 : 질나팔(훈),"운,원",13,U+5864
壎,훈,훈 : 질나팔(훈),,17,U+58CE
曛,훈,훈 : 어스레할(훈)  황혼(훈),,18,U+66DB
焄,훈,훈 : 냄새(훈),군,11,U+7104
熏,훈,훈 : 연기낄(훈),,14,U+718F
燻,훈,훈 : 연기낄(훈),,18,U+71FB
獯,훈,훈 : 오랑캐이름(훈),,17,U+736F
纁,훈,훈: 분홍빛(훈) 노을색(훈),훈: 본홍빛(훈),20,U+7E81
葷,훈,훈 : 훈채(훈) 냄새날(훈),,15,U+8477
薫,훈,훈,동,19,U+85AB
薰,훈,훈 : 향초(훈) 훈할(훈),훈 : 향초(훈) 훈할 (훈),20,U+85B0
蘍,훈,훈 : 향풀(훈),,22,U+860D
訓,훈,훈 : 가르칠(훈) 새김(훈),훈 : 가르칠(훈) 새 김(훈),10,U+8A13
鑂,훈,훈 : 금빛투색할(훈),,22,U+9442
𤋱,훈,훈,중,13,U+242F1
򠈏,훈,훈,,20,U+A020F
򠉬,훈,훈,,21,U+A026C
򠋖,훈,훈,,16,U+A02D6
󱞸,훈,훈,,21,U+F17B8
煇,"훈,휘","훈,휘: 빛날(휘)","운,혼,훈,희",13,U+7147
欻,훌,훌 : 일(훌) 희미할(훌),,12,U+6B3B
薨,훙,훙 : 죽을(훙),횡,19,U+85A8
򠈐,훙,훙,,19,U+A0210
喧,훤,훤 : 떠들썩할(훤),선,12,U+55A7
暄,훤,훤 : 따뜻할(훤),"선,원,현",13,U+6684
烜,훤,훤 : 빛날(훤),"원,한,항,헌,현,환,황,훼,휜 : 불(훼)",10,U+70DC
煊,훤,훤 : 따뜻할(훤),"선,원",13,U+714A
萱,훤,훤 : 원추리(훤),선,15,U+8431
諠,훤,훤 : 떠들썩할(훤),"선,원",16,U+8AE0
諼,훤,훤 : 속일(훤)  잊을(훤),원,16,U+8AFC
򠈑,훤,훤,,15,U+A0211
卉,훼,훼 : 풀(훼),세,5,U+5349
喙,훼,훼 : 부리(훼),,12,U+5599
毀,훼,훼 : 헐(훼),,13,U+6BC0
毁,훼,훼 : 헐(훼) 무너질(훼),훼 : 헐(훼) 무너질 (훼),13,U+6BC1
燬,훼,훼 : 불(훼) 탈(훼),,17,U+71EC
芔,훼,훼 : 성할(훼),,9,U+8294
虺,훼,훼 : 살무사(훼) 고달플(회),,9,U+867A
򠉖,훼,훼,,6,U+A0256
彙,휘,휘 : 모을(휘),위,13,U+5F59
徽,휘,휘 : 아름다울(휘) 표기(휘),휘 : 아름다울(휘)  표기(휘),17,U+5FBD
揮,휘,휘 : 휘두를(휘) 지휘할(휘),운,12,U+63EE
撝,휘,휘 : 찢을(휘) 가리킬(휘),위 : 찢을(위) 가리킬(위),13,U+649D
暉,휘,휘 : 햇빛(휘),"군,윤,훈,희",13,U+6689
楎,휘,휘 : 옷걸이(휘)  문지방(휘) 쟁기술(혼),훤,13,U+694E
翬,휘,휘 : 날개훨훨칠(휘) 꿩(휘),익,15,U+7FEC
諱,휘,휘 : 꺼릴(휘) 숨길(휘),위,16,U+8AF1
輝,휘,휘 : 빛날(휘),희,15,U+8F1D
麾,휘,휘 : 대장기(휘) 지휘할(휘),휘 : 대장기(휘) 지 휘할(휘),15,U+9EBE
休,휴,휴 : 쉴(휴) 그칠(휴),,6,U+4F11
咻,휴,휴 : 지껄일(휴),,9,U+54BB
庥,휴,휴: 나무그늘(휴),,9,U+5EA5
携,휴,휴 : 들(휴),,13,U+643A
攜,휴,휴 : 끌(휴) 가질(휴) 떠날(휴),,21,U+651C
畦,휴,휴 : 두둑(휴) 쉰이랑(휴),규,11,U+7566
虧,휴,휴 : 이지러질(휴),,15,U+8667
隳,휴,휴 : 무너뜨릴(휴),,18,U+96B3
髹,휴,휴 : 검붉은옻(휴),,16,U+9AF9
鵂,휴,휴 : 부엉이(휴),부,17,U+9D42
慉,휵,휵 : 기를(휵) 한할(육),,13,U+6149
卹,휼,휼 : 진휼할(휼),술 : 진휼할(술),8,U+5379
恤,휼,휼 : 근심할(휼),혈,9,U+6064
譎,휼,휼 : 속일(휼),,19,U+8B4E
遹,휼,휼 : 좇을(휼),율,16,U+9079
鐍,휼,휼 : 고리(결) 자물쇠(휼),,20,U+940D
鷸,휼,휼 : 도요새(휼),,23,U+9DF8
兇,흉,흉 : 흉악할(흉),,6,U+5147
凶,흉,흉 : 흉할(흉) 흉악할(흉),흉 : 흉할(흉) 흉악 할(흉),4,U+51F6
匈,흉,흉 : 가슴(흉),,6,U+5308
恟,흉,흉 : 두려워할(흉),,9,U+605F
洶,흉,흉 : 용솟음할(흉),,9,U+6D36
胷,흉,흉 : 가슴(흉),,10,U+80F7
胸,흉,흉 : 가슴(흉),,10,U+80F8
黑,흑,흑 : 검을(흑),,12,U+9ED1
俽,흔,흔,,10,U+4FFD
妡,흔,흔 : 아름다울(흔) 여자이름(흔),"건,근,대,소,아,연,은",7,U+59A1
很,흔,흔 : 매우(흔)  대단할(흔),근,9,U+5F88
忻,흔,흔 : 기뻐할(흔),,7,U+5FFB
惞,흔,흔 : 欣(기쁠(흔)) 의 同字,,11,U+60DE
拫,흔,흔 : 끌어당길(흔) 물리칠(흔),"근,은",9,U+62EB
掀,흔,흔 : 번쩍들(흔),"헌,현",11,U+6380
昕,흔,흔 : 새벽(흔),"근,기,은,현",8,U+6615
欣,흔,흔 : 기뻐할(흔),"신,유,차,헌,현,훈,흠,희",8,U+6B23
炘,흔,흔 : 화끈거릴(흔),"근,운,헌,훈,희",8,U+7098
焮,흔,흔 : 태울(흔),,12,U+712E
痕,흔,흔 : 흉(흔) 자취(흔),,11,U+75D5
釁,흔,흔 : 피칠할(흔),,25,U+91C1
䛥,"흔,희","흔,희",흘,14,U+46E5
仡,흘,흘 : 날랠(흘) 클(흘),,5,U+4EE1
吃,흘,흘 : 말더듬을(흘) 먹을(흘),흘 : 말더듬을(흘)  먹을(흘),6,U+5403
屹,흘,흘 : 쭈뼛할(흘),"걸,은,을",6,U+5C79
汔,흘,흘 : 거의(흘),홀,6,U+6C54
疙,흘,흘 : 쥐부스럼(흘)  어리석을(흘),,8,U+7599
紇,흘,흘 : 묶을(흘) 인종이름(흘),흘 : 묶을(흘) 인종 이름(흘),9,U+7D07
訖,흘,흘 : 이를(흘),,10,U+8A16
迄,흘,흘 : 이를(흘),,7,U+8FC4
齕,흘,흘 : 깨물(흘)  씹을(흘),홀,18,U+9F55
廞,흠,흠 : 포진할(흠) 일(흠),,15,U+5EDE
欠,흠,흠 : 하품(흠) 모자랄(흠) 빚(흠),"결,연",4,U+6B20
欽,흠,흠 : 흠모(흠),금,12,U+6B3D
歆,흠,흠 : 흠향할(흠) 부러워할(흠),흠 : 흠향할(흠) 부 러워할(흠),13,U+6B46
鑫,흠,흠 : 기쁠 (흠),"신,진,홍 : 기쁠 (흉)",24,U+946B
吸,흡,흡 : 숨들이쉴(흡) 마실(흡),흡 : 숨들이쉴(흡)  마실(흡),7,U+5438
噏,흡,흡 : 숨들이쉴(흡),,15,U+564F
恰,흡,흡 : 꼭(흡),"이,협",9,U+6070
歙,흡,흡 : 들이쉴(흡),섭,16,U+6B59
洽,흡,흡 : 화목할(흡),"합,협",9,U+6D3D
潝,흡,흡 : 물쏟아져내려갈(흡) 용렬할(흡),,15,U+6F5D
翕,흡,흡 : 합할(흡),협,12,U+7FD5
翖,흡,흡 : 합할(흡) 모을(흡),,12,U+7FD6
興,흥,흥 : 일어날(흥) 흥취(흥),흥 : 일어날(흥) 흥 취(흥),15,U+8208
㜯,희,희,,17,U+372F
㱆,희,희,,17,U+3C46
俙,희,희 : 비슷할(희) 어슴푸레할(희) 희미할(희),희 : 비슷할(희) 어 슴푸레할(희) 희미 할(희),9,U+4FD9
僖,희,희 : 기쁠(희),,14,U+50D6
凞,희,희 : 빛날(희),,16,U+51DE
咥,희,희 : 허허웃을(희),"지,질,해,휭 : 허허웃을(질)  물(질) 씹을(질)",9,U+54A5
唏,희,희 : 훌쩍훌쩍울(희),,10,U+550F
喜,희,희 : 기쁠(희),,12,U+559C
嘻,희,희 : 놀랄(희) 화락할(희),,15,U+563B
噫,희,희 : 한탄할(희),"애,의 : 트림할(애)   하품(애)",16,U+566B
囍,희,희 : 쌍희(희),,21,U+56CD
姫,희,희,"정,진",9,U+59EB
嬉,희,희 : 놀(희),,15,U+5B09
屭,희,희 : 힘쓸(희)  의리의리할(희),히,24,U+5C6D
希,희,희 : 바랄(희) 드물(희),희 : 바랄(희) 드물 (희),7,U+5E0C
悕,희,희 : 생각할(희),,10,U+6095
憘,희,희 : 기뻐할(희) 좋아할(희),희 : 기뻐할(희) 좋 아할(희),15,U+6198
憙,희,희 : 허(희),,16,U+6199
戱,희,희 : 놀이(희) 장난(희) 연극(희),희 : 놀이(희) 장난 (희) 연극(희),15,U+6231
戲,희,희 : 놀이(희),,17,U+6232
晞,희,희 : 마를(희),은,11,U+665E
暿,희,희 : 몹시더울(희),,16,U+66BF
曦,희,희 : 햇빛(희),,20,U+66E6
桸,희,희 : 나무썩을(희) 국자(희),,11,U+6878
橲,희,희 : 나무이름(희)(일본한자),,16,U+6A72
欷,희,희 : 한숨쉴(희) 흐느낄(희),,11,U+6B37
歖,희,희 : 갑자기기뻐할(희),,16,U+6B56
烯,희,희 : 에틸렌(희),,11,U+70EF
煕,희,희 : 빛날(희) 흥할(희),0,13,U+7155
熂,희,희 : 풀베어태울(희),기,14,U+7182
熈,희,희,,14,U+7188
熙,희,희 : 빛날(희),,14,U+7199
熹,희,희 : 밝을(희) 희미할(희),희 : 밝을(희) 희미 할(희),16,U+71B9
熺,희,희 : 밝을(희),,16,U+71BA
燹,희,희 : 들불(희/선),"선,회",18,U+71F9
爔,희,희 : 햇빛(희),,20,U+7214
犧,희,희 : 희생(희),,20,U+72A7
琋,희,희 : 사람이름(희),,11,U+740B
睎,희,희 : 바라볼(희),은,12,U+774E
禧,희,희 : 복(희),,17,U+79A7
稀,희,희 : 드물(희) 묽을(희),희 : 드물(희) 묽을 (희),12,U+7A00
繥,희,희 : 웃을(희)  즐길(희),회,18,U+7E65
羲,희,희 : 사람이름(희),,16,U+7FB2
莃,희,희 : 희나물(희),,13,U+8383
誒,희,희 : 억지로할(희) 아(희),,14,U+8A92
譆,희,희: 어이구(희),,19,U+8B46
豨,희,희 : 돼지(희),,14,U+8C68
餼,희,희 : 보낼(희) 쌀(희) 희생(희),,19,U+993C
򠁐,희,희,,11,U+A0050
󳑽,희,희,,17,U+F347D
欯,힐,힐 : 기쁠(힐) 웃을(힐),"일,현",10,U+6B2F
犵,힐,힐 : 오랑캐이름(힐),,6,U+72B5
纈,힐,힐 : 맺을(힐)  무늬있는비단(힐),혈,21,U+7E88
襭,힐,힐 : 옷자락걷을(힐),,21,U+896D
詰,힐,힐 : 꾸짖을(힐),"길,지,철",13,U+8A70
頡,힐,힐 : 새 날아오르내릴(힐) 사람이름(힐) 긁을(힐),"갈,혈 :  노략질(갈)",15,U+9821
黠,힐,힐 : 약을(힐) 교활할(힐),할 : 약을(할) 교활할(할),18,U+9EE0
𥡴,,,계,16,U+25874
